#
# There is insufficient memory for the Java Runtime Environment to continue.
# Native memory allocation (mmap) failed to map 65536 bytes. Error detail: Failed to commit metaspace.
# Possible reasons:
#   The system is out of physical RAM or swap space
#   This process is running with CompressedOops enabled, and the Java Heap may be blocking the growth of the native heap
# Possible solutions:
#   Reduce memory load on the system
#   Increase physical memory or swap space
#   Check if swap backing store is full
#   Decrease Java heap size (-Xmx/-Xms)
#   Decrease number of Java threads
#   Decrease Java thread stack sizes (-Xss)
#   Set larger code cache with -XX:ReservedCodeCacheSize=
#   JVM is running with Unscaled Compressed Oops mode in which the Java heap is
#     placed in the first 4GB address space. The Java Heap base address is the
#     maximum limit for the native heap growth. Please use -XX:HeapBaseMinAddress
#     to set the Java Heap base and to place the Java Heap above 4GB virtual address.
# This output file may be truncated or incomplete.
#
#  Out of Memory Error (virtualSpaceNode.cpp:113), pid=42372, tid=31524
#
# JRE version: OpenJDK Runtime Environment Temurin-21.0.12.1+1 (21.0.12.1+1) (build 21.0.12.1+1-LTS)
# Java VM: OpenJDK 64-Bit Server VM Temurin-21.0.12.1+1 (21.0.12.1+1-LTS, mixed mode, sharing, tiered, compressed oops, compressed class ptrs, g1 gc, windows-amd64)
# No core dump will be written. Minidumps are not enabled by default on client versions of Windows
#

---------------  S U M M A R Y ------------

Command Line: --add-opens=java.base/java.lang=ALL-UNNAMED --add-opens=java.base/java.lang.invoke=ALL-UNNAMED --add-opens=java.base/java.util=ALL-UNNAMED --add-opens=java.prefs/java.util.prefs=ALL-UNNAMED --add-exports=jdk.compiler/com.sun.tools.javac.api=ALL-UNNAMED --add-exports=jdk.compiler/com.sun.tools.javac.util=ALL-UNNAMED --add-opens=java.base/java.nio.charset=ALL-UNNAMED --add-opens=java.base/java.net=ALL-UNNAMED --add-opens=java.base/java.util.concurrent=ALL-UNNAMED --add-opens=java.base/java.util.concurrent.atomic=ALL-UNNAMED --add-opens=java.xml/javax.xml.namespace=ALL-UNNAMED --add-opens=java.base/java.time=ALL-UNNAMED -XX:MaxMetaspaceSize=384m -XX:+HeapDumpOnOutOfMemoryError -Xms256m -Xmx512m -Dfile.encoding=UTF-8 -Duser.country=KR -Duser.language=ko -Duser.variant -javaagent:C:\Users\pjoo6\.gradle\wrapper\dists\gradle-9.5.1-bin\iq79hdu3mqx29lgffhp8bfmx\gradle-9.5.1\lib\agents\gradle-instrumentation-agent-9.5.1.jar org.gradle.launcher.daemon.bootstrap.GradleDaemon 9.5.1

Host: 13th Gen Intel(R) Core(TM) i5-1335U, 12 cores, 15G,  Windows 11 , 64 bit Build 26100 (10.0.26100.9444)
Time: Thu Sep 10 14:57:47 2026 elapsed time: 4953.218430 seconds (0d 1h 22m 33s)

---------------  T H R E A D  ---------------

Current thread (0x0000020ce217fce0):  JavaThread "Daemon worker"        [_thread_in_vm, id=31524, stack(0x000000851e600000,0x000000851e700000) (1024K)]

Stack: [0x000000851e600000,0x000000851e700000]
Native frames: (J=compiled Java code, j=interpreted, Vv=VM code, C=native code)
V  [jvm.dll+0x6d83e9]
V  [jvm.dll+0x8b5736]
V  [jvm.dll+0x8b7cee]
V  [jvm.dll+0x8b83d3]
V  [jvm.dll+0x284596]
V  [jvm.dll+0x8b147e]
V  [jvm.dll+0x679ad4]
V  [jvm.dll+0x1e849b]
V  [jvm.dll+0x1e825e]
V  [jvm.dll+0x67c3d2]
V  [jvm.dll+0x67c202]
V  [jvm.dll+0x67a4ae]
V  [jvm.dll+0x684758]
V  [jvm.dll+0x28c7ed]
V  [jvm.dll+0x28dd49]
V  [jvm.dll+0x21218c]
V  [jvm.dll+0x21190d]
V  [jvm.dll+0x5b6aa9]
V  [jvm.dll+0x82f606]
V  [jvm.dll+0x4792f8]
V  [jvm.dll+0x47f128]
C  [java.dll+0x17ec]

Java frames: (J=compiled Java code, j=interpreted, Vv=VM code)
J 710  java.lang.ClassLoader.defineClass1(Ljava/lang/ClassLoader;Ljava/lang/String;[BIILjava/security/ProtectionDomain;Ljava/lang/String;)Ljava/lang/Class; java.base@21.0.12.1 (0 bytes) @ 0x0000020cbc846a11 [0x0000020cbc846940+0x00000000000000d1]
J 1165 c1 java.lang.ClassLoader.defineClass(Ljava/lang/String;[BIILjava/security/ProtectionDomain;)Ljava/lang/Class; java.base@21.0.12.1 (43 bytes) @ 0x0000020cb4f17574 [0x0000020cb4f17220+0x0000000000000354]
J 1006 c1 java.security.SecureClassLoader.defineClass(Ljava/lang/String;[BIILjava/security/CodeSource;)Ljava/lang/Class; java.base@21.0.12.1 (16 bytes) @ 0x0000020cb4ed559c [0x0000020cb4ed54c0+0x00000000000000dc]
J 968 c1 java.net.URLClassLoader.defineClass(Ljava/lang/String;Ljdk/internal/loader/Resource;)Ljava/lang/Class; java.base@21.0.12.1 (224 bytes) @ 0x0000020cb4ebe1d4 [0x0000020cb4ebca80+0x0000000000001754]
J 824 c1 java.net.URLClassLoader$1.run()Ljava/lang/Class; java.base@21.0.12.1 (81 bytes) @ 0x0000020cb4e7cc7c [0x0000020cb4e7c040+0x0000000000000c3c]
J 823 c1 java.net.URLClassLoader$1.run()Ljava/lang/Object; java.base@21.0.12.1 (5 bytes) @ 0x0000020cb4e7bad4 [0x0000020cb4e7ba40+0x0000000000000094]
J 617 c1 java.security.AccessController.doPrivileged(Ljava/security/PrivilegedExceptionAction;Ljava/security/AccessControlContext;)Ljava/lang/Object; java.base@21.0.12.1 (26 bytes) @ 0x0000020cb4e1a18c [0x0000020cb4e19fa0+0x00000000000001ec]
J 765 c1 java.net.URLClassLoader.findClass(Ljava/lang/String;)Ljava/lang/Class; java.base@21.0.12.1 (47 bytes) @ 0x0000020cb4e64d4c [0x0000020cb4e64ba0+0x00000000000001ac]
J 705 c1 java.lang.ClassLoader.loadClass(Ljava/lang/String;Z)Ljava/lang/Class; java.base@21.0.12.1 (121 bytes) @ 0x0000020cb4e43aa4 [0x0000020cb4e434e0+0x00000000000005c4]
J 726 c1 java.lang.ClassLoader.loadClass(Ljava/lang/String;)Ljava/lang/Class; java.base@21.0.12.1 (7 bytes) @ 0x0000020cb4e55a54 [0x0000020cb4e55940+0x0000000000000114]
v  ~StubRoutines::call_stub 0x0000020cbc26100d
J 710  java.lang.ClassLoader.defineClass1(Ljava/lang/ClassLoader;Ljava/lang/String;[BIILjava/security/ProtectionDomain;Ljava/lang/String;)Ljava/lang/Class; java.base@21.0.12.1 (0 bytes) @ 0x0000020cbc846a11 [0x0000020cbc846940+0x00000000000000d1]
J 1165 c1 java.lang.ClassLoader.defineClass(Ljava/lang/String;[BIILjava/security/ProtectionDomain;)Ljava/lang/Class; java.base@21.0.12.1 (43 bytes) @ 0x0000020cb4f17574 [0x0000020cb4f17220+0x0000000000000354]
J 1006 c1 java.security.SecureClassLoader.defineClass(Ljava/lang/String;[BIILjava/security/CodeSource;)Ljava/lang/Class; java.base@21.0.12.1 (16 bytes) @ 0x0000020cb4ed559c [0x0000020cb4ed54c0+0x00000000000000dc]
J 968 c1 java.net.URLClassLoader.defineClass(Ljava/lang/String;Ljdk/internal/loader/Resource;)Ljava/lang/Class; java.base@21.0.12.1 (224 bytes) @ 0x0000020cb4ebe1d4 [0x0000020cb4ebca80+0x0000000000001754]
J 824 c1 java.net.URLClassLoader$1.run()Ljava/lang/Class; java.base@21.0.12.1 (81 bytes) @ 0x0000020cb4e7cc7c [0x0000020cb4e7c040+0x0000000000000c3c]
J 823 c1 java.net.URLClassLoader$1.run()Ljava/lang/Object; java.base@21.0.12.1 (5 bytes) @ 0x0000020cb4e7bad4 [0x0000020cb4e7ba40+0x0000000000000094]
J 617 c1 java.security.AccessController.doPrivileged(Ljava/security/PrivilegedExceptionAction;Ljava/security/AccessControlContext;)Ljava/lang/Object; java.base@21.0.12.1 (26 bytes) @ 0x0000020cb4e1a18c [0x0000020cb4e19fa0+0x00000000000001ec]
J 765 c1 java.net.URLClassLoader.findClass(Ljava/lang/String;)Ljava/lang/Class; java.base@21.0.12.1 (47 bytes) @ 0x0000020cb4e64d4c [0x0000020cb4e64ba0+0x00000000000001ac]
J 705 c1 java.lang.ClassLoader.loadClass(Ljava/lang/String;Z)Ljava/lang/Class; java.base@21.0.12.1 (121 bytes) @ 0x0000020cb4e43aa4 [0x0000020cb4e434e0+0x00000000000005c4]
J 726 c1 java.lang.ClassLoader.loadClass(Ljava/lang/String;)Ljava/lang/Class; java.base@21.0.12.1 (7 bytes) @ 0x0000020cb4e55a54 [0x0000020cb4e55940+0x0000000000000114]
v  ~StubRoutines::call_stub 0x0000020cbc26100d
j  org.gradle.internal.instantiation.generator.DefaultInstantiatorFactory.<init>(Lorg/gradle/cache/internal/ClassCacheFactory;Ljava/util/List;Lorg/gradle/internal/instantiation/PropertyRoleAnnotationHandler;)V+36
j  org.gradle.internal.service.scopes.GlobalScopeServices.createInstantiatorFactory(Lorg/gradle/cache/internal/CrossBuildInMemoryCacheFactory;Ljava/util/List;Ljava/util/List;)Lorg/gradle/internal/instantiation/InstantiatorFactory;+14
j  java.lang.invoke.LambdaForm$DMH+0x0000020cc90ed400.invokeVirtual(Ljava/lang/Object;Ljava/lang/Object;Ljava/lang/Object;Ljava/lang/Object;Ljava/lang/Object;)Ljava/lang/Object;+16 java.base@21.0.12.1
j  java.lang.invoke.LambdaForm$MH+0x0000020cc91bc800.invoke(Ljava/lang/Object;Ljava/lang/Object;Ljava/lang/Object;Ljava/lang/Object;Ljava/lang/Object;)Ljava/lang/Object;+87 java.base@21.0.12.1
J 2429 c1 jdk.internal.reflect.DirectMethodHandleAccessor.invokeImpl(Ljava/lang/Object;[Ljava/lang/Object;)Ljava/lang/Object; java.base@21.0.12.1 (108 bytes) @ 0x0000020cb51a793c [0x0000020cb51a6f80+0x00000000000009bc]
j  jdk.internal.reflect.DirectMethodHandleAccessor.invoke(Ljava/lang/Object;[Ljava/lang/Object;)Ljava/lang/Object;+23 java.base@21.0.12.1
J 2425 c1 java.lang.reflect.Method.invoke(Ljava/lang/Object;[Ljava/lang/Object;)Ljava/lang/Object; java.base@21.0.12.1 (108 bytes) @ 0x0000020cb51a04d4 [0x0000020cb519ffc0+0x0000000000000514]
j  org.gradle.internal.reflect.JavaMethod.invoke(Ljava/lang/Object;[Ljava/lang/Object;)Ljava/lang/Object;+6
j  org.gradle.internal.service.ReflectionBasedServiceMethod.invoke(Ljava/lang/Object;[Ljava/lang/Object;)Ljava/lang/Object;+6
j  org.gradle.internal.service.DefaultServiceRegistry$FactoryMethodService.invokeMethod([Ljava/lang/Object;)Ljava/lang/Object;+28
j  org.gradle.internal.service.DefaultServiceRegistry$FactoryService.createServiceInstance()Ljava/lang/Object;+7
j  org.gradle.internal.service.DefaultServiceRegistry$FactoryMethodService.createServiceInstance()Ljava/lang/Object;+1
j  org.gradle.internal.service.DefaultServiceRegistry$ManagedObjectServiceProvider.getInstance()Ljava/lang/Object;+24
j  org.gradle.internal.service.DefaultServiceRegistry$SingletonService.get()Ljava/lang/Object;+1
j  org.gradle.internal.service.DefaultServiceRegistry$FactoryService.assembleParameters()[Ljava/lang/Object;+75
j  org.gradle.internal.service.DefaultServiceRegistry$FactoryService.createServiceInstance()Ljava/lang/Object;+1
j  org.gradle.internal.service.DefaultServiceRegistry$FactoryMethodService.createServiceInstance()Ljava/lang/Object;+1
j  org.gradle.internal.service.DefaultServiceRegistry$ManagedObjectServiceProvider.getInstance()Ljava/lang/Object;+24
j  org.gradle.internal.service.DefaultServiceRegistry$SingletonService.get()Ljava/lang/Object;+1
j  org.gradle.internal.service.DefaultServiceRegistry$FactoryService.assembleParameters()[Ljava/lang/Object;+75
j  org.gradle.internal.service.DefaultServiceRegistry$FactoryService.createServiceInstance()Ljava/lang/Object;+1
j  org.gradle.internal.service.DefaultServiceRegistry$FactoryMethodService.createServiceInstance()Ljava/lang/Object;+1
j  org.gradle.internal.service.DefaultServiceRegistry$ManagedObjectServiceProvider.getInstance()Ljava/lang/Object;+24
j  org.gradle.internal.service.DefaultServiceRegistry$SingletonService.get()Ljava/lang/Object;+1
j  org.gradle.internal.service.DefaultServiceRegistry.applyConfigureMethod(Lorg/gradle/internal/service/ServiceAccessToken;Lorg/gradle/internal/service/ServiceMethod;Ljava/lang/Object;)V+132
j  org.gradle.internal.service.DefaultServiceRegistry.findProviderMethods(Lorg/gradle/internal/service/ServiceRegistrationProvider;Lorg/gradle/internal/service/ServiceAccessToken;)V+215
j  org.gradle.internal.service.DefaultServiceRegistry.addProvider(Lorg/gradle/internal/service/ServiceRegistrationProvider;)Lorg/gradle/internal/service/DefaultServiceRegistry;+18
j  org.gradle.internal.service.DefaultServiceRegistry$1.addProvider(Lorg/gradle/internal/service/ServiceRegistrationProvider;)V+5
j  org.gradle.internal.service.scopes.GradleUserHomeScopeServices.configure(Lorg/gradle/internal/service/ServiceRegistration;)V+13
j  java.lang.invoke.DirectMethodHandle$Holder.invokeVirtual(Ljava/lang/Object;Ljava/lang/Object;Ljava/lang/Object;)V+11 java.base@21.0.12.1
j  java.lang.invoke.LambdaForm$MH+0x0000020cc903a000.invoke(Ljava/lang/Object;Ljava/lang/Object;)Ljava/lang/Object;+39 java.base@21.0.12.1
j  java.lang.invoke.LambdaForm$MH+0x0000020cc9039800.invoke(Ljava/lang/Object;Ljava/lang/Object;Ljava/lang/Object;)Ljava/lang/Object;+45 java.base@21.0.12.1
J 2209 c1 java.lang.invoke.Invokers$Holder.invokeExact_MT(Ljava/lang/Object;Ljava/lang/Object;Ljava/lang/Object;Ljava/lang/Object;)Ljava/lang/Object; java.base@21.0.12.1 (24 bytes) @ 0x0000020cb51483c4 [0x0000020cb5147d20+0x00000000000006a4]
j  java.lang.invoke.MethodHandle.invokeWithArguments([Ljava/lang/Object;)Ljava/lang/Object;+28 java.base@21.0.12.1
j  org.gradle.internal.service.MethodHandleBasedServiceMethod.invoke(Ljava/lang/Object;[Ljava/lang/Object;)Ljava/lang/Object;+9
j  org.gradle.internal.service.DefaultServiceRegistry.applyConfigureMethod(Lorg/gradle/internal/service/ServiceAccessToken;Lorg/gradle/internal/service/ServiceMethod;Ljava/lang/Object;)V+148
j  org.gradle.internal.service.DefaultServiceRegistry.findProviderMethods(Lorg/gradle/internal/service/ServiceRegistrationProvider;Lorg/gradle/internal/service/ServiceAccessToken;)V+215
j  org.gradle.internal.service.DefaultServiceRegistry.addProvider(Lorg/gradle/internal/service/ServiceRegistrationProvider;)Lorg/gradle/internal/service/DefaultServiceRegistry;+18
j  org.gradle.internal.service.ServiceRegistryBuilder.build()Lorg/gradle/internal/service/CloseableServiceRegistry;+93
j  org.gradle.internal.service.scopes.DefaultGradleUserHomeScopeServiceRegistry.getServicesFor(Ljava/io/File;)Lorg/gradle/internal/service/ServiceRegistry;+152
j  org.gradle.internal.session.BuildSessionState.<init>(Lorg/gradle/internal/service/scopes/GradleUserHomeScopeServiceRegistry;Lorg/gradle/internal/session/CrossBuildSessionState;Lorg/gradle/api/internal/StartParameterInternal;Lorg/gradle/initialization/BuildRequestMetaData;Lorg/gradle/internal/classpath/ClassPath;Lorg/gradle/initialization/BuildCancellationToken;Lorg/gradle/initialization/BuildClientMetaData;Lorg/gradle/initialization/BuildEventConsumer;)V+15
j  org.gradle.internal.buildprocess.execution.BuildSessionLifecycleBuildActionExecutor.execute(Lorg/gradle/internal/invocation/BuildAction;Lorg/gradle/launcher/exec/BuildActionParameters;Lorg/gradle/initialization/BuildRequestContext;)Lorg/gradle/launcher/exec/BuildActionResult;+96
j  org.gradle.internal.buildprocess.execution.BuildSessionLifecycleBuildActionExecutor.execute(Lorg/gradle/internal/invocation/BuildAction;Ljava/lang/Object;Ljava/lang/Object;)Lorg/gradle/launcher/exec/BuildActionResult;+10
j  org.gradle.internal.buildprocess.execution.StartParamsValidatingActionExecutor.execute(Lorg/gradle/internal/invocation/BuildAction;Lorg/gradle/launcher/exec/BuildActionParameters;Lorg/gradle/initialization/BuildRequestContext;)Lorg/gradle/launcher/exec/BuildActionResult;+142
j  org.gradle.internal.buildprocess.execution.StartParamsValidatingActionExecutor.execute(Lorg/gradle/internal/invocation/BuildAction;Ljava/lang/Object;Ljava/lang/Object;)Lorg/gradle/launcher/exec/BuildActionResult;+10
j  org.gradle.internal.buildprocess.execution.SessionFailureReportingActionExecutor.execute(Lorg/gradle/internal/invocation/BuildAction;Lorg/gradle/launcher/exec/BuildActionParameters;Lorg/gradle/initialization/BuildRequestContext;)Lorg/gradle/launcher/exec/BuildActionResult;+7
j  org.gradle.internal.buildprocess.execution.SessionFailureReportingActionExecutor.execute(Lorg/gradle/internal/invocation/BuildAction;Ljava/lang/Object;Ljava/lang/Object;)Lorg/gradle/launcher/exec/BuildActionResult;+10
j  org.gradle.internal.buildprocess.execution.SetupLoggingActionExecutor.execute(Lorg/gradle/internal/invocation/BuildAction;Lorg/gradle/launcher/exec/BuildActionParameters;Lorg/gradle/initialization/BuildRequestContext;)Lorg/gradle/launcher/exec/BuildActionResult;+50
j  org.gradle.internal.buildprocess.execution.SetupLoggingActionExecutor.execute(Lorg/gradle/internal/invocation/BuildAction;Ljava/lang/Object;Ljava/lang/Object;)Lorg/gradle/launcher/exec/BuildActionResult;+10
j  org.gradle.launcher.daemon.server.exec.ExecuteBuild.doBuild(Lorg/gradle/launcher/daemon/server/api/DaemonCommandExecution;Lorg/gradle/launcher/daemon/protocol/Build;)V+147
j  org.gradle.launcher.daemon.server.exec.BuildCommandOnly.execute(Lorg/gradle/launcher/daemon/server/api/DaemonCommandExecution;)V+49
j  org.gradle.launcher.daemon.server.api.DaemonCommandExecution.proceed()Z+23
j  org.gradle.launcher.daemon.server.exec.WatchForDisconnection.execute(Lorg/gradle/launcher/daemon/server/api/DaemonCommandExecution;)V+19
j  org.gradle.launcher.daemon.server.api.DaemonCommandExecution.proceed()Z+23
j  org.gradle.launcher.daemon.server.exec.ResetDeprecationLogger.execute(Lorg/gradle/launcher/daemon/server/api/DaemonCommandExecution;)V+7
j  org.gradle.launcher.daemon.server.api.DaemonCommandExecution.proceed()Z+23
j  org.gradle.launcher.daemon.server.exec.RequestStopIfSingleUsedDaemon.execute(Lorg/gradle/launcher/daemon/server/api/DaemonCommandExecution;)V+33
j  org.gradle.launcher.daemon.server.api.DaemonCommandExecution.proceed()Z+23
j  org.gradle.launcher.daemon.server.exec.ForwardClientInput.lambda$execute$0(Lorg/gradle/launcher/daemon/server/api/DaemonCommandExecution;Lorg/gradle/internal/daemon/clientinput/StdinHandler;)Ljava/lang/Object;+11
j  org.gradle.launcher.daemon.server.exec.ForwardClientInput$$Lambda+0x0000020cc919aca0.apply(Ljava/lang/Object;)Ljava/lang/Object;+8
j  org.gradle.internal.daemon.clientinput.ClientInputForwarder.forwardInput(Ljava/util/function/Function;)Ljava/lang/Object;+46
j  org.gradle.launcher.daemon.server.exec.ForwardClientInput.execute(Lorg/gradle/launcher/daemon/server/api/DaemonCommandExecution;)V+10
j  org.gradle.launcher.daemon.server.api.DaemonCommandExecution.proceed()Z+23
j  org.gradle.launcher.daemon.server.exec.LogAndCheckHealth.execute(Lorg/gradle/launcher/daemon/server/api/DaemonCommandExecution;)V+51
j  org.gradle.launcher.daemon.server.api.DaemonCommandExecution.proceed()Z+23
j  org.gradle.launcher.daemon.server.exec.LogToClient.doBuild(Lorg/gradle/launcher/daemon/server/api/DaemonCommandExecution;Lorg/gradle/launcher/daemon/protocol/Build;)V+87
j  org.gradle.launcher.daemon.server.exec.BuildCommandOnly.execute(Lorg/gradle/launcher/daemon/server/api/DaemonCommandExecution;)V+49
j  org.gradle.launcher.daemon.server.api.DaemonCommandExecution.proceed()Z+23
j  org.gradle.launcher.daemon.server.exec.EstablishBuildEnvironment.doBuild(Lorg/gradle/launcher/daemon/server/api/DaemonCommandExecution;Lorg/gradle/launcher/daemon/protocol/Build;)V+356
j  org.gradle.launcher.daemon.server.exec.BuildCommandOnly.execute(Lorg/gradle/launcher/daemon/server/api/DaemonCommandExecution;)V+49
j  org.gradle.launcher.daemon.server.api.DaemonCommandExecution.proceed()Z+23
j  org.gradle.launcher.daemon.server.exec.StartBuildOrRespondWithBusy$1.run()V+44
j  org.gradle.launcher.daemon.server.DaemonStateCoordinator.lambda$runCommand$0(Ljava/lang/Runnable;)V+1
j  org.gradle.launcher.daemon.server.DaemonStateCoordinator$$Lambda+0x0000020cc9199a38.run()V+8
J 2896 c1 org.gradle.internal.concurrent.ExecutorPolicy$CatchAndRecordFailures.onExecute(Ljava/lang/Runnable;)V (29 bytes) @ 0x0000020cb528f884 [0x0000020cb528f760+0x0000000000000124]
J 2804 c1 org.gradle.internal.concurrent.AbstractManagedExecutor$1.run()V (57 bytes) @ 0x0000020cb526fd6c [0x0000020cb526fba0+0x00000000000001cc]
j  java.util.concurrent.ThreadPoolExecutor.runWorker(Ljava/util/concurrent/ThreadPoolExecutor$Worker;)V+92 java.base@21.0.12.1
j  java.util.concurrent.ThreadPoolExecutor$Worker.run()V+5 java.base@21.0.12.1
j  java.lang.Thread.runWith(Ljava/lang/Object;Ljava/lang/Runnable;)V+5 java.base@21.0.12.1
j  java.lang.Thread.run()V+19 java.base@21.0.12.1
v  ~StubRoutines::call_stub 0x0000020cbc26100d

Compiled method (n/a) 4955151  710     n 0       java.lang.ClassLoader::defineClass1 (native)
 total in heap  [0x0000020cbc846790,0x0000020cbc846d28] = 1432
 relocation     [0x0000020cbc8468f0,0x0000020cbc846928] = 56
 main code      [0x0000020cbc846940,0x0000020cbc846d21] = 993
 stub code      [0x0000020cbc846d21,0x0000020cbc846d28] = 7

[Constant Pool (empty)]

[MachCode]
[Entry Point]
  # {method} {0x0000020cc8434c38} 'defineClass1' '(Ljava/lang/ClassLoader;Ljava/lang/String;[BIILjava/security/ProtectionDomain;Ljava/lang/String;)Ljava/lang/Class;' in 'java/lang/ClassLoader'
  # parm0:    rdx:rdx   = 'java/lang/ClassLoader'
  # parm1:    r8:r8     = 'java/lang/String'
  # parm2:    r9:r9     = '[B'
  # parm3:    rdi       = int
  # parm4:    rsi       = int
  # parm5:    rcx:rcx   = 'java/security/ProtectionDomain'
  # parm6:    [sp+0xa0]   = 'java/lang/String'  (sp of caller)
  0x0000020cbc846940: 448b 5208 | 49bb 0000 | 00c8 0c02 | 0000 4d03 | d349 3bc2 | 0f84 0600 

  0x0000020cbc846958: ;   {runtime_call ic_miss_stub}
  0x0000020cbc846958: 0000 e921 | 7ea6 ff90 
[Verified Entry Point]
  0x0000020cbc846960: 8984 2400 | 80ff ff55 | 488b ec48 | 81ec 9000 | 0000 6690 | 4181 7f20 | 0100 0000 

  0x0000020cbc84697c: ;   {runtime_call StubRoutines (final stubs)}
  0x0000020cbc84697c: 7405 e81d | fba4 ff48 | 837d 1000 | 488d 4510 | 480f 4445 | 1048 8944 | 2440 4889 | 4c24 7048 
  0x0000020cbc84699c: 83f9 0048 | 8d44 2470 | 480f 4444 | 2470 4889 | 4424 3848 | 8974 2430 | 4889 7c24 | 284c 894c 
  0x0000020cbc8469bc: 2458 4983 | f900 488d | 4424 5848 | 0f44 4424 | 5848 8944 | 2420 4c89 | 4424 5049 | 83f8 004c 
  0x0000020cbc8469dc: 8d4c 2450 | 4c0f 444c | 2450 4889 | 5424 4848 | 83fa 004c | 8d44 2448 | 4c0f 4444 

  0x0000020cbc8469f8: ;   {oop(a 'java/lang/Class'{0x00000000e0a67670} = 'java/lang/ClassLoader')}
  0x0000020cbc8469f8: 2448 49be | 7076 a6e0 | 0000 0000 | 4c89 7424 | 784c 8d74 | 2478 498b | d6c5 f877 

  0x0000020cbc846a14: ;   {internal_word}
  0x0000020cbc846a14: 49ba 116a | 84bc 0c02 | 0000 4d89 | 97a8 0300 | 0049 89a7 | a003 0000 

  0x0000020cbc846a2c: ;   {external_word}
  0x0000020cbc846a2c: 49ba 066d | 22b7 fd7f | 0000 4180 | 3a00 0f84 | 4e00 0000 | 5241 5041 

  0x0000020cbc846a44: ;   {metadata({method} {0x0000020cc8434c38} 'defineClass1' '(Ljava/lang/ClassLoader;Ljava/lang/String;[BIILjava/security/ProtectionDomain;Ljava/lang/String;)Ljava/lang/Class;' in 'java/lang/ClassLoader')}
  0x0000020cbc846a44: 5148 ba30 | 4c43 c80c | 0200 0049 | 8bcf 4883 | ec20 40f6 | c40f 0f84 | 1900 0000 | 4883 ec08 
  0x0000020cbc846a64: ;   {runtime_call}
  0x0000020cbc846a64: 48b8 e0ea | cbb6 fd7f | 0000 ffd0 | 4883 c408 | e90c 0000 

  0x0000020cbc846a78: ;   {runtime_call}
  0x0000020cbc846a78: 0048 b8e0 | eacb b6fd | 7f00 00ff | d048 83c4 | 2041 5941 | 585a 498d | 8fc0 0300 | 0041 c787 
  0x0000020cbc846a98: 4c04 0000 | 0400 0000 

  0x0000020cbc846aa0: ;   {runtime_call}
  0x0000020cbc846aa0: 48b8 ac16 | 5fe7 fd7f | 0000 ffd0 | c5f8 7741 | c787 4c04 | 0000 0500 | 0000 f083 | 4424 c000 
  0x0000020cbc846ac0: 493b af50 | 0400 000f | 870e 0000 | 0041 83bf | 4804 0000 | 000f 842b | 0000 00c5 | f877 4889 
  0x0000020cbc846ae0: 45f8 498b | cf4c 8be4 | 4883 ec20 | 4883 e4f0 

  0x0000020cbc846af0: ;   {runtime_call}
  0x0000020cbc846af0: 48b8 0058 | 97b6 fd7f | 0000 ffd0 | 498b e44d | 33e4 488b | 45f8 41c7 | 874c 0400 | 0008 0000 
  0x0000020cbc846b10: 0041 83bf | c804 0000 | 020f 84d5 

  0x0000020cbc846b1c: ;   {external_word}
  0x0000020cbc846b1c: 0100 0049 | ba06 6d22 | b7fd 7f00 | 0041 803a | 000f 844c | 0000 0048 

  0x0000020cbc846b34: ;   {metadata({method} {0x0000020cc8434c38} 'defineClass1' '(Ljava/lang/ClassLoader;Ljava/lang/String;[BIILjava/security/ProtectionDomain;Ljava/lang/String;)Ljava/lang/Class;' in 'java/lang/ClassLoader')}
  0x0000020cbc846b34: 8945 f848 | ba30 4c43 | c80c 0200 | 0049 8bcf | 4883 ec20 | 40f6 c40f | 0f84 1900 | 0000 4883 
  0x0000020cbc846b54: ;   {runtime_call}
  0x0000020cbc846b54: ec08 48b8 | e0ea cbb6 | fd7f 0000 | ffd0 4883 | c408 e90c 

  0x0000020cbc846b68: ;   {runtime_call}
  0x0000020cbc846b68: 0000 0048 | b8e0 eacb | b6fd 7f00 | 00ff d048 | 83c4 2048 | 8b45 f849 | c787 a003 | 0000 0000 
  0x0000020cbc846b88: 0000 49c7 | 87a8 0300 | 0000 0000 | 00c5 f877 | 4885 c00f | 8430 0100 | 00a8 030f | 8508 0000 
  0x0000020cbc846ba8: 0048 8b00 | e920 0100 | 00a8 010f | 8509 0000 | 0048 8b40 | fee9 0f01 | 0000 488b | 40ff 4180 
  0x0000020cbc846bc8: 7f40 000f | 8400 0100 | 0048 83f8 | 000f 84f6 | 0000 0049 | 8b4f 2848 | 83f9 000f | 8414 0000 
  0x0000020cbc846be8: 0048 83e9 | 0849 894f | 2849 034f | 3848 8901 | e9d4 0000 | 0048 83ec | 7048 8904 | 2448 894c 
  0x0000020cbc846c08: 2408 4889 | 5424 104c | 8944 2418 | 4c89 4c24 | 204c 8954 | 2428 4c89 | 5c24 30c5 | fb11 4424 
  0x0000020cbc846c28: 40c5 fb11 | 4c24 48c5 | fb11 5424 | 50c5 fb11 | 5c24 58c5 | fb11 6424 | 60c5 fb11 | 6c24 6849 
  0x0000020cbc846c48: 8bd7 488b | c848 83ec | 2040 f6c4 | 0f0f 8419 | 0000 0048 

  0x0000020cbc846c5c: ;   {runtime_call}
  0x0000020cbc846c5c: 83ec 0848 | b820 a48a | b6fd 7f00 | 00ff d048 | 83c4 08e9 | 0c00 0000 

  0x0000020cbc846c74: ;   {runtime_call}
  0x0000020cbc846c74: 48b8 20a4 | 8ab6 fd7f | 0000 ffd0 | 4883 c420 | c5fb 106c | 2468 c5fb | 1064 2460 | c5fb 105c 
  0x0000020cbc846c94: 2458 c5fb | 1054 2450 | c5fb 104c | 2448 c5fb | 1044 2440 | 4c8b 5c24 | 304c 8b54 | 2428 4c8b 
  0x0000020cbc846cb4: 4c24 204c | 8b44 2418 | 488b 5424 | 1048 8b4c | 2408 488b | 0424 4883 | c470 c5f8 | 7749 8b8f 
  0x0000020cbc846cd4: 3004 0000 | c781 0001 | 0000 0000 | 0000 c949 | 837f 0800 | 0f85 0100 

  0x0000020cbc846cec: ;   {runtime_call StubRoutines (initial stubs)}
  0x0000020cbc846cec: 0000 c3e9 | 0ca2 a1ff | c5f8 7748 | 8945 f84c | 8be4 4883 | ec20 4883 

  0x0000020cbc846d04: ;   {runtime_call}
  0x0000020cbc846d04: e4f0 48b8 | 3022 ccb6 | fd7f 0000 | ffd0 498b | e44d 33e4 | 488b 45f8 | e9fe fdff | fff4 f4f4 
  0x0000020cbc846d24: f4f4 f4f4 
[/MachCode]


Compiled method (c1) 4956123 1165       3       java.lang.ClassLoader::defineClass (43 bytes)
 total in heap  [0x0000020cb4f17010,0x0000020cb4f17960] = 2384
 relocation     [0x0000020cb4f17170,0x0000020cb4f17210] = 160
 main code      [0x0000020cb4f17220,0x0000020cb4f176b8] = 1176
 stub code      [0x0000020cb4f176b8,0x0000020cb4f17730] = 120
 metadata       [0x0000020cb4f17730,0x0000020cb4f17760] = 48
 scopes data    [0x0000020cb4f17760,0x0000020cb4f17850] = 240
 scopes pcs     [0x0000020cb4f17850,0x0000020cb4f17930] = 224
 dependencies   [0x0000020cb4f17930,0x0000020cb4f17938] = 8
 nul chk table  [0x0000020cb4f17938,0x0000020cb4f17960] = 40

[Constant Pool (empty)]

[MachCode]
[Entry Point]
  # {method} {0x0000020cc8434fb8} 'defineClass' '(Ljava/lang/String;[BIILjava/security/ProtectionDomain;)Ljava/lang/Class;' in 'java/lang/ClassLoader'
  # this:     rdx:rdx   = 'java/lang/ClassLoader'
  # parm0:    r8:r8     = 'java/lang/String'
  # parm1:    r9:r9     = '[B'
  # parm2:    rdi       = int
  # parm3:    rsi       = int
  # parm4:    rcx:rcx   = 'java/security/ProtectionDomain'
  #           [sp+0xc0]  (sp of caller)
  0x0000020cb4f17220: 448b 5208 | 49bb 0000 | 00c8 0c02 | 0000 4d03 | d34c 3bd0 

  0x0000020cb4f17234: ;   {runtime_call ic_miss_stub}
  0x0000020cb4f17234: 0f85 4675 | 3907 660f | 1f44 0000 
[Verified Entry Point]
  0x0000020cb4f17240: 8984 2400 | 80ff ff55 | 4881 ecb0 | 0000 0090 | 4181 7f20 | 0100 0000 

  0x0000020cb4f17258: ;   {runtime_call StubRoutines (final stubs)}
  0x0000020cb4f17258: 7405 e841 | f237 0748 | 8954 2478 

  0x0000020cb4f17264: ;   {metadata(method data for {method} {0x0000020cc8434fb8} 'defineClass' '(Ljava/lang/String;[BIILjava/security/ProtectionDomain;)Ljava/lang/Class;' in 'java/lang/ClassLoader')}
  0x0000020cb4f17264: 48bb 08a5 | 18dd 0c02 | 0000 8b83 | cc00 0000 | 83c0 0289 | 83cc 0000 | 0025 fe07 | 0000 85c0 
  0x0000020cb4f17284: 0f84 5003 | 0000 89b4 | 2494 0000 | 0089 bc24 | 9000 0000 | 4c89 8c24 | 8800 0000 

  0x0000020cb4f172a0: ;   {metadata(method data for {method} {0x0000020cc8434fb8} 'defineClass' '(Ljava/lang/String;[BIILjava/security/ProtectionDomain;)Ljava/lang/Class;' in 'java/lang/ClassLoader')}
  0x0000020cb4f172a0: 488b da48 | b808 a518 | dd0c 0200 | 0048 8380 | 1001 0000 | 0149 8bd8 | 4c8b c34c | 8bc9 488b 
  0x0000020cb4f172c0: ca48 8bd1 | 4889 9c24 | 8000 0000 

  0x0000020cb4f172cc: ;   {optimized virtual_call}
  0x0000020cb4f172cc: 6666 90e8 

  0x0000020cb4f172d0: ; ImmutableOopMap {[120]=Oop [128]=Oop [136]=Oop }
                      ;*invokevirtual preDefineClass {reexecute=0 rethrow=0 return_oop=0}
                      ; - java.lang.ClassLoader::defineClass@4
  0x0000020cb4f172d0: 4c25 fcff 

  0x0000020cb4f172d4: ;   {other}
  0x0000020cb4f172d4: 0f1f 8400 | c402 0000 | 4889 8424 | 9800 0000 | 488b 5424 

  0x0000020cb4f172e8: ;   {metadata(method data for {method} {0x0000020cc8434fb8} 'defineClass' '(Ljava/lang/String;[BIILjava/security/ProtectionDomain;)Ljava/lang/Class;' in 'java/lang/ClassLoader')}
  0x0000020cb4f172e8: 7849 b808 | a518 dd0c | 0200 0049 | 8380 4801 

  0x0000020cb4f172f8: ;   {metadata(method data for {method} {0x0000020cc8434ca0} 'defineClassSourceLocation' '(Ljava/security/ProtectionDomain;)Ljava/lang/String;' in 'java/lang/ClassLoader')}
  0x0000020cb4f172f8: 0000 0149 | b8b8 c918 | dd0c 0200 | 0041 8b90 | cc00 0000 | 83c2 0241 | 8990 cc00 | 0000 81e2 
  0x0000020cb4f17318: feff 1f00 | 85d2 0f84 | d702 0000 

  0x0000020cb4f17324: ; implicit exception: dispatches to 0x0000020cb4f1761c
  0x0000020cb4f17324: 483b 004c 

  0x0000020cb4f17328: ;   {metadata(method data for {method} {0x0000020cc8434ca0} 'defineClassSourceLocation' '(Ljava/security/ProtectionDomain;)Ljava/lang/String;' in 'java/lang/ClassLoader')}
  0x0000020cb4f17328: 8bc0 48ba | b8c9 18dd | 0c02 0000 | 4883 8210 | 0100 0001 | 448b 4010 

  0x0000020cb4f17340: ;   {metadata(method data for {method} {0x0000020cc8434ca0} 'defineClassSourceLocation' '(Ljava/security/ProtectionDomain;)Ljava/lang/String;' in 'java/lang/ClassLoader')}
  0x0000020cb4f17340: 4d85 c048 | bab8 c918 | dd0c 0200 | 0048 c7c6 | 5801 0000 | 7507 48c7 | c648 0100 | 0048 8b3c 
  0x0000020cb4f17360: 3248 8d7f | 0148 893c | 320f 850f 

  0x0000020cb4f1736c: ;   {oop(nullptr)}
  0x0000020cb4f1736c: 0000 0048 | bb00 0000 | 0000 0000 | 00e9 a101 | 0000 493b | 0049 8bd0 

  0x0000020cb4f17384: ;   {metadata(method data for {method} {0x0000020cc8434ca0} 'defineClassSourceLocation' '(Ljava/security/ProtectionDomain;)Ljava/lang/String;' in 'java/lang/ClassLoader')}
  0x0000020cb4f17384: 48be b8c9 | 18dd 0c02 | 0000 4883 | 8668 0100 | 0001 418b | 500c 4885 

  0x0000020cb4f1739c: ;   {metadata(method data for {method} {0x0000020cc8434ca0} 'defineClassSourceLocation' '(Ljava/security/ProtectionDomain;)Ljava/lang/String;' in 'java/lang/ClassLoader')}
  0x0000020cb4f1739c: d248 beb8 | c918 dd0c | 0200 0048 | c7c7 b001 | 0000 7507 | 48c7 c7a0 | 0100 0048 | 8b1c 3e48 
  0x0000020cb4f173bc: 8d5b 0148 | 891c 3e0f | 850f 0000 

  0x0000020cb4f173c8: ;   {oop(nullptr)}
  0x0000020cb4f173c8: 0048 bb00 | 0000 0000 | 0000 00e9 | 4701 0000 

  0x0000020cb4f173d8: ;   {metadata(method data for {method} {0x0000020cc8434ca0} 'defineClassSourceLocation' '(Ljava/security/ProtectionDomain;)Ljava/lang/String;' in 'java/lang/ClassLoader')}
  0x0000020cb4f173d8: 48be b8c9 | 18dd 0c02 | 0000 4883 | 86c0 0100 | 0001 483b | 024c 8bc2 

  0x0000020cb4f173f0: ;   {metadata(method data for {method} {0x0000020cc8434ca0} 'defineClassSourceLocation' '(Ljava/security/ProtectionDomain;)Ljava/lang/String;' in 'java/lang/ClassLoader')}
  0x0000020cb4f173f0: 48be b8c9 | 18dd 0c02 | 0000 4883 | 86f8 0100 

  0x0000020cb4f17400: ;   {metadata(method data for {method} {0x0000020cc801abf0} 'toString' '()Ljava/lang/String;' in 'java/net/URL')}
  0x0000020cb4f17400: 0001 49b8 | 9824 0edd | 0c02 0000 | 418b b0cc | 0000 0083 | c602 4189 | b0cc 0000 | 0081 e6fe 
  0x0000020cb4f17420: ff1f 0085 | f60f 8400 | 0200 004c 

  0x0000020cb4f1742c: ;   {metadata(method data for {method} {0x0000020cc801abf0} 'toString' '()Ljava/lang/String;' in 'java/net/URL')}
  0x0000020cb4f1742c: 8bc2 48be | 9824 0edd | 0c02 0000 | 4883 8610 | 0100 0001 

  0x0000020cb4f17440: ;   {metadata(method data for {method} {0x0000020cc8428840} 'toExternalForm' '()Ljava/lang/String;' in 'java/net/URL')}
  0x0000020cb4f17440: 49b8 2026 | 0edd 0c02 | 0000 418b | b0cc 0000 | 0083 c602 | 4189 b0cc | 0000 0081 | e6fe ff1f 
  0x0000020cb4f17460: 0085 f60f | 84e3 0100 | 008b 7238 

  0x0000020cb4f1746c: ; implicit exception: dispatches to 0x0000020cb4f1766d
  0x0000020cb4f1746c: 483b 064c 

  0x0000020cb4f17470: ;   {metadata(method data for {method} {0x0000020cc8428840} 'toExternalForm' '()Ljava/lang/String;' in 'java/net/URL')}
  0x0000020cb4f17470: 8bc6 48bf | 2026 0edd | 0c02 0000 | 458b 4008 | 49ba 0000 | 00c8 0c02 | 0000 4d03 | c24c 3b87 
  0x0000020cb4f17490: 2001 0000 | 750d 4883 | 8728 0100 | 0001 e960 | 0000 004c | 3b87 3001 | 0000 750d | 4883 8738 
  0x0000020cb4f174b0: 0100 0001 | e94a 0000 | 0048 83bf | 2001 0000 | 0075 174c | 8987 2001 | 0000 48c7 | 8728 0100 
  0x0000020cb4f174d0: 0001 0000 | 00e9 2900 | 0000 4883 | bf30 0100 | 0000 7517 | 4c89 8730 | 0100 0048 | c787 3801 
  0x0000020cb4f174f0: 0000 0100 | 0000 e908 | 0000 0048 | 8387 1001 | 0000 014c | 8bc2 488b | d666 0f1f 

  0x0000020cb4f1750c: ;   {optimized virtual_call}
  0x0000020cb4f1750c: 4400 00e8 

  0x0000020cb4f17510: ; ImmutableOopMap {[120]=Oop [128]=Oop [136]=Oop [152]=Oop }
                      ;*invokevirtual toExternalForm {reexecute=0 rethrow=0 return_oop=0}
                      ; - java.net.URL::toExternalForm@5
                      ; - java.net.URL::toString@1
                      ; - java.lang.ClassLoader::defineClassSourceLocation@22
                      ; - java.lang.ClassLoader::defineClass@12
  0x0000020cb4f17510: 0cf0 f4ff 

  0x0000020cb4f17514: ;   {other}
  0x0000020cb4f17514: 0f1f 8400 | 0405 0001 | 488b d848 | 8b84 2498 | 0000 008b | b424 9400 | 0000 8bbc | 2490 0000 
  0x0000020cb4f17534: 004c 8b8c | 2488 0000 | 004c 8b84 | 2480 0000 | 0048 8b54 

  0x0000020cb4f17548: ;   {metadata(method data for {method} {0x0000020cc8434fb8} 'defineClass' '(Ljava/lang/String;[BIILjava/security/ProtectionDomain;)Ljava/lang/Class;' in 'java/lang/ClassLoader')}
  0x0000020cb4f17548: 2478 48b9 | 08a5 18dd | 0c02 0000 | 4883 8180 | 0100 0001 | 4c8b da49 | 8bd3 488b | c848 891c 
  0x0000020cb4f17568: 2466 0f1f 

  0x0000020cb4f1756c: ;   {static_call}
  0x0000020cb4f1756c: 4400 00e8 

  0x0000020cb4f17570: ; ImmutableOopMap {[120]=Oop [152]=Oop }
                      ;*invokestatic defineClass1 {reexecute=0 rethrow=0 return_oop=0}
                      ; - java.lang.ClassLoader::defineClass@27
  0x0000020cb4f17570: ecf3 9207 

  0x0000020cb4f17574: ;   {other}
  0x0000020cb4f17574: 0f1f 8400 | 6405 0002 | 488b 5424 

  0x0000020cb4f17580: ;   {metadata(method data for {method} {0x0000020cc8434fb8} 'defineClass' '(Ljava/lang/String;[BIILjava/security/ProtectionDomain;)Ljava/lang/Class;' in 'java/lang/ClassLoader')}
  0x0000020cb4f17580: 7849 b808 | a518 dd0c | 0200 0049 | 8380 9001 | 0000 014c | 8bc0 4c8b | 8c24 9800 | 0000 488b 
  0x0000020cb4f175a0: 5424 7848 | 8984 24a0 | 0000 000f 

  0x0000020cb4f175ac: ;   {optimized virtual_call}
  0x0000020cb4f175ac: 1f40 00e8 

  0x0000020cb4f175b0: ; ImmutableOopMap {[160]=Oop }
                      ;*invokevirtual postDefineClass {reexecute=0 rethrow=0 return_oop=0}
                      ; - java.lang.ClassLoader::defineClass@37
  0x0000020cb4f175b0: 6c26 fbff 

  0x0000020cb4f175b4: ;   {other}
  0x0000020cb4f175b4: 0f1f 8400 | a405 0003 | 488b 8424 | a000 0000 | 4881 c4b0 | 0000 005d 

  0x0000020cb4f175cc: ;   {poll_return}
  0x0000020cb4f175cc: 493b a750 | 0400 000f | 8799 0000 

  0x0000020cb4f175d8: ;   {metadata({method} {0x0000020cc8434fb8} 'defineClass' '(Ljava/lang/String;[BIILjava/security/ProtectionDomain;)Ljava/lang/Class;' in 'java/lang/ClassLoader')}
  0x0000020cb4f175d8: 00c3 49ba | b04f 43c8 | 0c02 0000 | 4c89 5424 | 0848 c704 | 24ff ffff 

  0x0000020cb4f175f0: ;   {runtime_call counter_overflow Runtime1 stub}
  0x0000020cb4f175f0: ffe8 8a67 

  0x0000020cb4f175f4: ; ImmutableOopMap {rdx=Oop r8=Oop r9=Oop rcx=Oop [120]=Oop }
                      ;*synchronization entry
                      ; - java.lang.ClassLoader::defineClass@-1
  0x0000020cb4f175f4: 4707 e98f 

  0x0000020cb4f175f8: ;   {metadata({method} {0x0000020cc8434ca0} 'defineClassSourceLocation' '(Ljava/security/ProtectionDomain;)Ljava/lang/String;' in 'java/lang/ClassLoader')}
  0x0000020cb4f175f8: fcff ff49 | ba98 4c43 | c80c 0200 | 004c 8954 | 2408 48c7 | 0424 ffff 

  0x0000020cb4f17610: ;   {runtime_call counter_overflow Runtime1 stub}
  0x0000020cb4f17610: ffff e869 

  0x0000020cb4f17614: ; ImmutableOopMap {rax=Oop [120]=Oop [128]=Oop [136]=Oop [152]=Oop }
                      ;*synchronization entry
                      ; - java.lang.ClassLoader::defineClassSourceLocation@-1
                      ; - java.lang.ClassLoader::defineClass@12
  0x0000020cb4f17614: 6747 07e9 | 08fd ffff 

  0x0000020cb4f1761c: ;   {runtime_call throw_null_pointer_exception Runtime1 stub}
  0x0000020cb4f1761c: e8df 2a3e 

  0x0000020cb4f17620: ; ImmutableOopMap {rax=Oop [120]=Oop [128]=Oop [136]=Oop [152]=Oop }
                      ;*invokevirtual getCodeSource {reexecute=0 rethrow=0 return_oop=0}
                      ; - java.lang.ClassLoader::defineClassSourceLocation@1
                      ; - java.lang.ClassLoader::defineClass@12
                      ;   {runtime_call throw_null_pointer_exception Runtime1 stub}
  0x0000020cb4f17620: 07e8 da2a 

  0x0000020cb4f17624: ; ImmutableOopMap {rax=Oop r8=Oop [120]=Oop [128]=Oop [136]=Oop [152]=Oop }
                      ;*invokevirtual getLocation {reexecute=0 rethrow=0 return_oop=0}
                      ; - java.lang.ClassLoader::defineClassSourceLocation@12
                      ; - java.lang.ClassLoader::defineClass@12
                      ;   {runtime_call throw_null_pointer_exception Runtime1 stub}
  0x0000020cb4f17624: 3e07 e8d5 

  0x0000020cb4f17628: ; ImmutableOopMap {rdx=Oop [120]=Oop [128]=Oop [136]=Oop [152]=Oop }
                      ;*invokevirtual toString {reexecute=0 rethrow=0 return_oop=0}
                      ; - java.lang.ClassLoader::defineClassSourceLocation@22
                      ; - java.lang.ClassLoader::defineClass@12
                      ;   {metadata({method} {0x0000020cc801abf0} 'toString' '()Ljava/lang/String;' in 'java/net/URL')}
  0x0000020cb4f17628: 2a3e 0749 | bae8 ab01 | c80c 0200 | 004c 8954 | 2408 48c7 | 0424 ffff 

  0x0000020cb4f17640: ;   {runtime_call counter_overflow Runtime1 stub}
  0x0000020cb4f17640: ffff e839 

  0x0000020cb4f17644: ; ImmutableOopMap {rdx=Oop [120]=Oop [128]=Oop [136]=Oop [152]=Oop }
                      ;*synchronization entry
                      ; - java.net.URL::toString@-1
                      ; - java.lang.ClassLoader::defineClassSourceLocation@22
                      ; - java.lang.ClassLoader::defineClass@12
  0x0000020cb4f17644: 6747 07e9 | dffd ffff 

  0x0000020cb4f1764c: ;   {metadata({method} {0x0000020cc8428840} 'toExternalForm' '()Ljava/lang/String;' in 'java/net/URL')}
  0x0000020cb4f1764c: 49ba 3888 | 42c8 0c02 | 0000 4c89 | 5424 0848 | c704 24ff 

  0x0000020cb4f17660: ;   {runtime_call counter_overflow Runtime1 stub}
  0x0000020cb4f17660: ffff ffe8 

  0x0000020cb4f17664: ; ImmutableOopMap {rdx=Oop [120]=Oop [128]=Oop [136]=Oop [152]=Oop }
                      ;*synchronization entry
                      ; - java.net.URL::toExternalForm@-1
                      ; - java.net.URL::toString@1
                      ; - java.lang.ClassLoader::defineClassSourceLocation@22
                      ; - java.lang.ClassLoader::defineClass@12
  0x0000020cb4f17664: 1867 4707 | e9fc fdff 

  0x0000020cb4f1766c: ;   {runtime_call throw_null_pointer_exception Runtime1 stub}
  0x0000020cb4f1766c: ffe8 8e2a 

  0x0000020cb4f17670: ; ImmutableOopMap {rdx=Oop rsi=Oop [120]=Oop [128]=Oop [136]=Oop [152]=Oop }
                      ;*invokevirtual toExternalForm {reexecute=0 rethrow=0 return_oop=0}
                      ; - java.net.URL::toExternalForm@5
                      ; - java.net.URL::toString@1
                      ; - java.lang.ClassLoader::defineClassSourceLocation@22
                      ; - java.lang.ClassLoader::defineClass@12
                      ;   {internal_word}
  0x0000020cb4f17670: 3e07 49ba | cc75 f1b4 | 0c02 0000 | 4d89 9768 

  0x0000020cb4f17680: ;   {runtime_call SafepointBlob}
  0x0000020cb4f17680: 0400 00e9 | f8dd 3907 | 498b 8700 | 0500 0049 | c787 0005 | 0000 0000 | 0000 49c7 | 8708 0500 
  0x0000020cb4f176a0: 0000 0000 | 0048 81c4 | b000 0000 

  0x0000020cb4f176ac: ;   {runtime_call unwind_exception Runtime1 stub}
  0x0000020cb4f176ac: 5de9 4e39 | 3e07 f4f4 | f4f4 f4f4 
[Stub Code]
  0x0000020cb4f176b8: ;   {no_reloc}
  0x0000020cb4f176b8: 0f1f 4400 

  0x0000020cb4f176bc: ;   {static_stub}
  0x0000020cb4f176bc: 0048 bb00 | 0000 0000 

  0x0000020cb4f176c4: ;   {runtime_call nmethod}
  0x0000020cb4f176c4: 0000 00e9 | fbff ffff 

  0x0000020cb4f176cc: ;   {static_stub}
  0x0000020cb4f176cc: 48bb 0000 | 0000 0000 

  0x0000020cb4f176d4: ;   {runtime_call nmethod}
  0x0000020cb4f176d4: 0000 e9fb 

  0x0000020cb4f176d8: ;   {static_stub}
  0x0000020cb4f176d8: ffff ff48 | bb00 0000 | 0000 0000 

  0x0000020cb4f176e4: ;   {runtime_call nmethod}
  0x0000020cb4f176e4: 00e9 fbff 

  0x0000020cb4f176e8: ;   {static_stub}
  0x0000020cb4f176e8: ffff 48bb | 0000 0000 | 0000 0000 

  0x0000020cb4f176f4: ;   {runtime_call nmethod}
  0x0000020cb4f176f4: e9fb ffff 

  0x0000020cb4f176f8: ;   {runtime_call handle_exception_from_callee Runtime1 stub}
  0x0000020cb4f176f8: ffe8 020c 

  0x0000020cb4f176fc: ;   {external_word}
  0x0000020cb4f176fc: 3e07 48b9 | 5063 f8b6 | fd7f 0000 | 4883 e4f0 

  0x0000020cb4f1770c: ;   {runtime_call}
  0x0000020cb4f1770c: 48b8 c0c9 | bab6 fd7f | 0000 ffd0 

  0x0000020cb4f17718: ;   {section_word}
  0x0000020cb4f17718: f449 ba19 | 77f1 b40c | 0200 0041 

  0x0000020cb4f17724: ;   {runtime_call DeoptimizationBlob}
  0x0000020cb4f17724: 52e9 f6cf | 3907 f4f4 | f4f4 f4f4 
[/MachCode]


Compiled method (c1) 4957732 1006       3       java.security.SecureClassLoader::defineClass (16 bytes)
 total in heap  [0x0000020cb4ed5310,0x0000020cb4ed5710] = 1024
 relocation     [0x0000020cb4ed5470,0x0000020cb4ed54c0] = 80
 main code      [0x0000020cb4ed54c0,0x0000020cb4ed5618] = 344
 stub code      [0x0000020cb4ed5618,0x0000020cb4ed5668] = 80
 metadata       [0x0000020cb4ed5668,0x0000020cb4ed5670] = 8
 scopes data    [0x0000020cb4ed5670,0x0000020cb4ed56b8] = 72
 scopes pcs     [0x0000020cb4ed56b8,0x0000020cb4ed5708] = 80
 dependencies   [0x0000020cb4ed5708,0x0000020cb4ed5710] = 8

[Constant Pool (empty)]

[MachCode]
[Entry Point]
  # {method} {0x0000020cc804e0e8} 'defineClass' '(Ljava/lang/String;[BIILjava/security/CodeSource;)Ljava/lang/Class;' in 'java/security/SecureClassLoader'
  # this:     rdx:rdx   = 'java/security/SecureClassLoader'
  # parm0:    r8:r8     = 'java/lang/String'
  # parm1:    r9:r9     = '[B'
  # parm2:    rdi       = int
  # parm3:    rsi       = int
  # parm4:    rcx:rcx   = 'java/security/CodeSource'
  #           [sp+0x80]  (sp of caller)
  0x0000020cb4ed54c0: 448b 5208 | 49bb 0000 | 00c8 0c02 | 0000 4d03 | d34c 3bd0 

  0x0000020cb4ed54d4: ;   {runtime_call ic_miss_stub}
  0x0000020cb4ed54d4: 0f85 a692 | 3d07 660f | 1f44 0000 
[Verified Entry Point]
  0x0000020cb4ed54e0: 8984 2400 | 80ff ff55 | 4883 ec70 | 4181 7f20 | 0100 0000 

  0x0000020cb4ed54f4: ;   {runtime_call StubRoutines (final stubs)}
  0x0000020cb4ed54f4: 7405 e8a5 

  0x0000020cb4ed54f8: ;   {metadata(method data for {method} {0x0000020cc804e0e8} 'defineClass' '(Ljava/lang/String;[BIILjava/security/CodeSource;)Ljava/lang/Class;' in 'java/security/SecureClassLoader')}
  0x0000020cb4ed54f8: 0f3c 0748 | bb88 9d17 | dd0c 0200 | 008b 83cc | 0000 0083 | c002 8983 | cc00 0000 | 25fe 0700 
  0x0000020cb4ed5518: 0085 c00f | 8496 0000 | 0089 7424 | 5c89 7c24 | 584c 894c | 2450 4c89 | 4424 4848 

  0x0000020cb4ed5534: ;   {metadata(method data for {method} {0x0000020cc804e0e8} 'defineClass' '(Ljava/lang/String;[BIILjava/security/CodeSource;)Ljava/lang/Class;' in 'java/security/SecureClassLoader')}
  0x0000020cb4ed5534: 8bda 48b8 | 889d 17dd | 0c02 0000 | 4883 8010 | 0100 0001 | 4c8b c148 | 8bc2 488b | d048 8944 
  0x0000020cb4ed5554: ;   {optimized virtual_call}
  0x0000020cb4ed5554: 2440 90e8 

  0x0000020cb4ed5558: ; ImmutableOopMap {[64]=Oop [72]=Oop [80]=Oop }
                      ;*invokevirtual getProtectionDomain {reexecute=0 rethrow=0 return_oop=0}
                      ; - java.security.SecureClassLoader::defineClass@9
  0x0000020cb4ed5558: 4412 0400 

  0x0000020cb4ed555c: ;   {other}
  0x0000020cb4ed555c: 0f1f 8400 | 4c02 0000 | 488b 5424 

  0x0000020cb4ed5568: ;   {metadata(method data for {method} {0x0000020cc804e0e8} 'defineClass' '(Ljava/lang/String;[BIILjava/security/CodeSource;)Ljava/lang/Class;' in 'java/security/SecureClassLoader')}
  0x0000020cb4ed5568: 4049 b888 | 9d17 dd0c | 0200 0049 | 8380 4801 | 0000 014c | 8b44 2448 | 4c8b 4c24 | 508b 7c24 
  0x0000020cb4ed5588: 588b 7424 | 5c48 8bc8 | 488b 5424 

  0x0000020cb4ed5594: ;   {optimized virtual_call}
  0x0000020cb4ed5594: 4066 90e8 

  0x0000020cb4ed5598: ; ImmutableOopMap {}
                      ;*invokevirtual defineClass {reexecute=0 rethrow=0 return_oop=0}
                      ; - java.security.SecureClassLoader::defineClass@12
  0x0000020cb4ed5598: a41c 0400 

  0x0000020cb4ed559c: ;   {other}
  0x0000020cb4ed559c: 0f1f 8400 | 8c02 0001 | 4883 c470 

  0x0000020cb4ed55a8: ;   {poll_return}
  0x0000020cb4ed55a8: 5d49 3ba7 | 5004 0000 | 0f87 2200 

  0x0000020cb4ed55b4: ;   {metadata({method} {0x0000020cc804e0e8} 'defineClass' '(Ljava/lang/String;[BIILjava/security/CodeSource;)Ljava/lang/Class;' in 'java/security/SecureClassLoader')}
  0x0000020cb4ed55b4: 0000 c349 | bae0 e004 | c80c 0200 | 004c 8954 | 2408 48c7 | 0424 ffff 

  0x0000020cb4ed55cc: ;   {runtime_call counter_overflow Runtime1 stub}
  0x0000020cb4ed55cc: ffff e8ad 

  0x0000020cb4ed55d0: ; ImmutableOopMap {rdx=Oop r8=Oop r9=Oop rcx=Oop }
                      ;*synchronization entry
                      ; - java.security.SecureClassLoader::defineClass@-1
  0x0000020cb4ed55d0: 874b 07e9 | 49ff ffff 

  0x0000020cb4ed55d8: ;   {internal_word}
  0x0000020cb4ed55d8: 49ba a955 | edb4 0c02 | 0000 4d89 | 9768 0400 

  0x0000020cb4ed55e8: ;   {runtime_call SafepointBlob}
  0x0000020cb4ed55e8: 00e9 92fe | 3d07 498b | 8700 0500 | 0049 c787 | 0005 0000 | 0000 0000 | 49c7 8708 | 0500 0000 
  0x0000020cb4ed5608: 0000 0048 | 83c4 705d 

  0x0000020cb4ed5610: ;   {runtime_call unwind_exception Runtime1 stub}
  0x0000020cb4ed5610: e9eb 5942 | 07f4 f4f4 
[Stub Code]
  0x0000020cb4ed5618: ;   {no_reloc}
  0x0000020cb4ed5618: 48bb 30e0 | 04c8 0c02 

  0x0000020cb4ed5620: ;   {runtime_call I2C/C2I adapters}
  0x0000020cb4ed5620: 0000 e9c0 

  0x0000020cb4ed5624: ;   {static_stub}
  0x0000020cb4ed5624: e93d 0748 | bbb0 4f43 | c80c 0200 

  0x0000020cb4ed5630: ;   {runtime_call I2C/C2I adapters}
  0x0000020cb4ed5630: 00e9 bfcf 

  0x0000020cb4ed5634: ;   {runtime_call handle_exception_from_callee Runtime1 stub}
  0x0000020cb4ed5634: 3c07 e8c5 

  0x0000020cb4ed5638: ;   {external_word}
  0x0000020cb4ed5638: 2c42 0748 | b950 63f8 | b6fd 7f00 | 0048 83e4 

  0x0000020cb4ed5648: ;   {runtime_call}
  0x0000020cb4ed5648: f048 b8c0 | c9ba b6fd | 7f00 00ff 

  0x0000020cb4ed5654: ;   {section_word}
  0x0000020cb4ed5654: d0f4 49ba | 5656 edb4 | 0c02 0000 

  0x0000020cb4ed5660: ;   {runtime_call DeoptimizationBlob}
  0x0000020cb4ed5660: 4152 e9b9 | f03d 07f4 
[/MachCode]


---------------  P R O C E S S  ---------------

Threads class SMR info:
_java_thread_list=0x0000020ce2183e80, length=21, elements={
0x0000020cb1b300a0, 0x0000020cc79244b0, 0x0000020cc7925e30, 0x0000020cc792eae0,
0x0000020cc792f7a0, 0x0000020cc79310d0, 0x0000020cc79369e0, 0x0000020cc793b1c0,
0x0000020cc793e5a0, 0x0000020cc79a9120, 0x0000020cc7b2b310, 0x0000020ce238a250,
0x0000020ce23f6a70, 0x0000020ce2cd8170, 0x0000020cc7a491c0, 0x0000020ce11993b0,
0x0000020ce3089f40, 0x0000020ce217fce0, 0x0000020ce217f650, 0x0000020ce2180370,
0x0000020ce217cef0
}

Java Threads: ( => current thread )
  0x0000020cb1b300a0 JavaThread "main"                              [_thread_blocked, id=42480, stack(0x000000851c300000,0x000000851c400000) (1024K)]
  0x0000020cc79244b0 JavaThread "Reference Handler"          daemon [_thread_blocked, id=18244, stack(0x000000851cc00000,0x000000851cd00000) (1024K)]
  0x0000020cc7925e30 JavaThread "Finalizer"                  daemon [_thread_blocked, id=38252, stack(0x000000851cd00000,0x000000851ce00000) (1024K)]
  0x0000020cc792eae0 JavaThread "Signal Dispatcher"          daemon [_thread_blocked, id=18720, stack(0x000000851ce00000,0x000000851cf00000) (1024K)]
  0x0000020cc792f7a0 JavaThread "Attach Listener"            daemon [_thread_blocked, id=25596, stack(0x000000851cf00000,0x000000851d000000) (1024K)]
  0x0000020cc79310d0 JavaThread "Service Thread"             daemon [_thread_blocked, id=25224, stack(0x000000851d000000,0x000000851d100000) (1024K)]
  0x0000020cc79369e0 JavaThread "Monitor Deflation Thread"   daemon [_thread_blocked, id=21152, stack(0x000000851d100000,0x000000851d200000) (1024K)]
  0x0000020cc793b1c0 JavaThread "C2 CompilerThread0"         daemon [_thread_blocked, id=29336, stack(0x000000851d200000,0x000000851d300000) (1024K)]
  0x0000020cc793e5a0 JavaThread "C1 CompilerThread0"         daemon [_thread_blocked, id=12372, stack(0x000000851d300000,0x000000851d400000) (1024K)]
  0x0000020cc79a9120 JavaThread "Common-Cleaner"             daemon [_thread_blocked, id=33536, stack(0x000000851d400000,0x000000851d500000) (1024K)]
  0x0000020cc7b2b310 JavaThread "Notification Thread"        daemon [_thread_blocked, id=34616, stack(0x000000851d500000,0x000000851d600000) (1024K)]
  0x0000020ce238a250 JavaThread "Daemon health stats"               [_thread_blocked, id=10976, stack(0x000000851dd00000,0x000000851de00000) (1024K)]
  0x0000020ce23f6a70 JavaThread "Incoming local TCP Connector on port 58728"        [_thread_in_native, id=24484, stack(0x000000851d600000,0x000000851d700000) (1024K)]
  0x0000020ce2cd8170 JavaThread "Daemon periodic checks"            [_thread_blocked, id=31840, stack(0x000000851d700000,0x000000851d800000) (1024K)]
  0x0000020cc7a491c0 JavaThread "Daemon"                            [_thread_blocked, id=25748, stack(0x000000851e300000,0x000000851e400000) (1024K)]
  0x0000020ce11993b0 JavaThread "Handler for socket connection from /127.0.0.1:58728 to /127.0.0.1:62257"        [_thread_in_native, id=47860, stack(0x000000851e400000,0x000000851e500000) (1024K)]
  0x0000020ce3089f40 JavaThread "Cancel handler"                    [_thread_blocked, id=25668, stack(0x000000851e500000,0x000000851e600000) (1024K)]
=>0x0000020ce217fce0 JavaThread "Daemon worker"                     [_thread_in_vm, id=31524, stack(0x000000851e600000,0x000000851e700000) (1024K)]
  0x0000020ce217f650 JavaThread "Asynchronous log dispatcher for DefaultDaemonConnection: socket connection from /127.0.0.1:58728 to /127.0.0.1:62257"        [_thread_blocked, id=15392, stack(0x000000851e700000,0x000000851e800000) (1024K)]
  0x0000020ce2180370 JavaThread "Stdin handler"                     [_thread_blocked, id=46912, stack(0x000000851e800000,0x000000851e900000) (1024K)]
  0x0000020ce217cef0 JavaThread "Daemon client event forwarder"        [_thread_blocked, id=53804, stack(0x000000851e900000,0x000000851ea00000) (1024K)]
Total: 21

Other Threads:
  0x0000020cc78fb710 VMThread "VM Thread"                           [id=27492, stack(0x000000851cb00000,0x000000851cc00000) (1024K)] _threads_hazard_ptr=0x0000020ce2183e80
  0x0000020cc78eafb0 WatcherThread "VM Periodic Task Thread"        [id=38356, stack(0x000000851c900000,0x000000851ca00000) (1024K)]
  0x0000020cb1b5ae70 WorkerThread "GC Thread#0"                     [id=25724, stack(0x000000851c400000,0x000000851c500000) (1024K)]
  0x0000020ce1a2a280 WorkerThread "GC Thread#1"                     [id=23292, stack(0x000000851d800000,0x000000851d900000) (1024K)]
  0x0000020ce1a2a630 WorkerThread "GC Thread#2"                     [id=20052, stack(0x000000851d900000,0x000000851da00000) (1024K)]
  0x0000020ce1a2a9e0 WorkerThread "GC Thread#3"                     [id=21192, stack(0x000000851da00000,0x000000851db00000) (1024K)]
  0x0000020ce1b47b50 WorkerThread "GC Thread#4"                     [id=36904, stack(0x000000851db00000,0x000000851dc00000) (1024K)]
  0x0000020ce1b47f00 WorkerThread "GC Thread#5"                     [id=42492, stack(0x000000851dc00000,0x000000851dd00000) (1024K)]
  0x0000020ce11f0960 WorkerThread "GC Thread#6"                     [id=12360, stack(0x000000851c200000,0x000000851c300000) (1024K)]
  0x0000020ce11f5660 WorkerThread "GC Thread#7"                     [id=45136, stack(0x000000851ca00000,0x000000851cb00000) (1024K)]
  0x0000020ce1a3dbd0 WorkerThread "GC Thread#8"                     [id=41892, stack(0x000000851de00000,0x000000851df00000) (1024K)]
  0x0000020ce1a3df80 WorkerThread "GC Thread#9"                     [id=45184, stack(0x000000851df00000,0x000000851e000000) (1024K)]
  0x0000020cb1b5fd70 ConcurrentGCThread "G1 Main Marker"            [id=38832, stack(0x000000851c500000,0x000000851c600000) (1024K)]
  0x0000020cb1b61610 WorkerThread "G1 Conc#0"                       [id=4640, stack(0x000000851c600000,0x000000851c700000) (1024K)]
  0x0000020cc77bd230 ConcurrentGCThread "G1 Refine#0"               [id=10352, stack(0x000000851c700000,0x000000851c800000) (1024K)]
  0x0000020cc77bda60 ConcurrentGCThread "G1 Service"                [id=28760, stack(0x000000851c800000,0x000000851c900000) (1024K)]
Total: 16

Threads with active compile tasks:
Total: 0

VM state: synchronizing (normal execution)

VM Mutex/Monitor currently owned by a thread:  ([mutex/lock_event])
[0x00007ffdb723d530] Metaspace_lock - owner thread: 0x0000020ce217fce0
[0x00007ffdb723f5b0] Threads_lock - owner thread: 0x0000020cc78fb710

Heap address: 0x00000000e0000000, size: 512 MB, Compressed Oops mode: 32-bit

CDS archive(s) mapped at: [0x0000020cc8000000-0x0000020cc8ba0000-0x0000020cc8ba0000), size 12189696, SharedBaseAddress: 0x0000020cc8000000, ArchiveRelocationMode: 1.
Compressed class space mapped at: 0x0000020cc9000000-0x0000020cdd000000, reserved size: 335544320
Narrow klass base: 0x0000020cc8000000, Narrow klass shift: 0, Narrow klass range: 0x100000000

GC Precious Log:
 CardTable entry size: 512
 Card Set container configuration: InlinePtr #cards 5 size 8 Array Of Cards #cards 12 size 40 Howl #buckets 4 coarsen threshold 1843 Howl Bitmap #cards 512 size 80 coarsen threshold 460 Card regions per heap region 1 cards per card region 2048
 CPUs: 12 total, 12 available
 Memory: 16027M
 Large Page Support: Disabled
 NUMA Support: Disabled
 Compressed Oops: Enabled (32-bit)
 Heap Region Size: 1M
 Heap Min Capacity: 256M
 Heap Initial Capacity: 256M
 Heap Max Capacity: 512M
 Pre-touch: Disabled
 Parallel Workers: 10
 Concurrent Workers: 3
 Concurrent Refinement Workers: 10
 Periodic GC: Disabled

Heap:
 garbage-first heap   total 262144K, used 126578K [0x00000000e0000000, 0x0000000100000000)
  region size 1024K, 113 young (115712K), 8 survivors (8192K)
 Metaspace       used 12418K, committed 12736K, reserved 393216K
  class space    used 1613K, committed 1792K, reserved 327680K

Heap Regions: E=young(eden), S=young(survivor), O=old, HS=humongous(starts), HC=humongous(continues), CS=collection set, F=free, TAMS=top-at-mark-start, PB=parsable bottom
|   0|0x00000000e0000000, 0x00000000e0100000, 0x00000000e0100000|100%|HS|  |TAMS 0x00000000e0000000| PB 0x00000000e0000000| Complete 
|   1|0x00000000e0100000, 0x00000000e0200000, 0x00000000e0200000|100%|HC|  |TAMS 0x00000000e0100000| PB 0x00000000e0100000| Complete 
|   2|0x00000000e0200000, 0x00000000e0300000, 0x00000000e0300000|100%|HC|  |TAMS 0x00000000e0200000| PB 0x00000000e0200000| Complete 
|   3|0x00000000e0300000, 0x00000000e0400000, 0x00000000e0400000|100%|HC|  |TAMS 0x00000000e0300000| PB 0x00000000e0300000| Complete 
|   4|0x00000000e0400000, 0x00000000e0500000, 0x00000000e0500000|100%| O|  |TAMS 0x00000000e0400000| PB 0x00000000e0400000| Untracked 
|   5|0x00000000e0500000, 0x00000000e0600000, 0x00000000e0600000|100%| O|  |TAMS 0x00000000e0500000| PB 0x00000000e0500000| Untracked 
|   6|0x00000000e0600000, 0x00000000e0700000, 0x00000000e0700000|100%| O|  |TAMS 0x00000000e0600000| PB 0x00000000e0600000| Untracked 
|   7|0x00000000e0700000, 0x00000000e0800000, 0x00000000e0800000|100%| O|  |TAMS 0x00000000e0700000| PB 0x00000000e0700000| Untracked 
|   8|0x00000000e0800000, 0x00000000e0900000, 0x00000000e0900000|100%|HS|  |TAMS 0x00000000e0800000| PB 0x00000000e0800000| Complete 
|   9|0x00000000e0900000, 0x00000000e0900000, 0x00000000e0a00000|  0%| F|  |TAMS 0x00000000e0900000| PB 0x00000000e0900000| Untracked 
|  10|0x00000000e0a00000, 0x00000000e0b00000, 0x00000000e0b00000|100%| O|  |TAMS 0x00000000e0a00000| PB 0x00000000e0a00000| Untracked 
|  11|0x00000000e0b00000, 0x00000000e0c00000, 0x00000000e0c00000|100%| O|  |TAMS 0x00000000e0b00000| PB 0x00000000e0b00000| Untracked 
|  12|0x00000000e0c00000, 0x00000000e0cd86b8, 0x00000000e0d00000| 84%| O|  |TAMS 0x00000000e0c00000| PB 0x00000000e0c00000| Untracked 
|  13|0x00000000e0d00000, 0x00000000e0d00000, 0x00000000e0e00000|  0%| F|  |TAMS 0x00000000e0d00000| PB 0x00000000e0d00000| Untracked 
|  14|0x00000000e0e00000, 0x00000000e0e00000, 0x00000000e0f00000|  0%| F|  |TAMS 0x00000000e0e00000| PB 0x00000000e0e00000| Untracked 
|  15|0x00000000e0f00000, 0x00000000e0f00000, 0x00000000e1000000|  0%| F|  |TAMS 0x00000000e0f00000| PB 0x00000000e0f00000| Untracked 
|  16|0x00000000e1000000, 0x00000000e1000000, 0x00000000e1100000|  0%| F|  |TAMS 0x00000000e1000000| PB 0x00000000e1000000| Untracked 
|  17|0x00000000e1100000, 0x00000000e1100000, 0x00000000e1200000|  0%| F|  |TAMS 0x00000000e1100000| PB 0x00000000e1100000| Untracked 
|  18|0x00000000e1200000, 0x00000000e1200000, 0x00000000e1300000|  0%| F|  |TAMS 0x00000000e1200000| PB 0x00000000e1200000| Untracked 
|  19|0x00000000e1300000, 0x00000000e1300000, 0x00000000e1400000|  0%| F|  |TAMS 0x00000000e1300000| PB 0x00000000e1300000| Untracked 
|  20|0x00000000e1400000, 0x00000000e1400000, 0x00000000e1500000|  0%| F|  |TAMS 0x00000000e1400000| PB 0x00000000e1400000| Untracked 
|  21|0x00000000e1500000, 0x00000000e1500000, 0x00000000e1600000|  0%| F|  |TAMS 0x00000000e1500000| PB 0x00000000e1500000| Untracked 
|  22|0x00000000e1600000, 0x00000000e1600000, 0x00000000e1700000|  0%| F|  |TAMS 0x00000000e1600000| PB 0x00000000e1600000| Untracked 
|  23|0x00000000e1700000, 0x00000000e1700000, 0x00000000e1800000|  0%| F|  |TAMS 0x00000000e1700000| PB 0x00000000e1700000| Untracked 
|  24|0x00000000e1800000, 0x00000000e1800000, 0x00000000e1900000|  0%| F|  |TAMS 0x00000000e1800000| PB 0x00000000e1800000| Untracked 
|  25|0x00000000e1900000, 0x00000000e1900000, 0x00000000e1a00000|  0%| F|  |TAMS 0x00000000e1900000| PB 0x00000000e1900000| Untracked 
|  26|0x00000000e1a00000, 0x00000000e1a00000, 0x00000000e1b00000|  0%| F|  |TAMS 0x00000000e1a00000| PB 0x00000000e1a00000| Untracked 
|  27|0x00000000e1b00000, 0x00000000e1b00000, 0x00000000e1c00000|  0%| F|  |TAMS 0x00000000e1b00000| PB 0x00000000e1b00000| Untracked 
|  28|0x00000000e1c00000, 0x00000000e1c00000, 0x00000000e1d00000|  0%| F|  |TAMS 0x00000000e1c00000| PB 0x00000000e1c00000| Untracked 
|  29|0x00000000e1d00000, 0x00000000e1d00000, 0x00000000e1e00000|  0%| F|  |TAMS 0x00000000e1d00000| PB 0x00000000e1d00000| Untracked 
|  30|0x00000000e1e00000, 0x00000000e1e00000, 0x00000000e1f00000|  0%| F|  |TAMS 0x00000000e1e00000| PB 0x00000000e1e00000| Untracked 
|  31|0x00000000e1f00000, 0x00000000e1f00000, 0x00000000e2000000|  0%| F|  |TAMS 0x00000000e1f00000| PB 0x00000000e1f00000| Untracked 
|  32|0x00000000e2000000, 0x00000000e2000000, 0x00000000e2100000|  0%| F|  |TAMS 0x00000000e2000000| PB 0x00000000e2000000| Untracked 
|  33|0x00000000e2100000, 0x00000000e2100000, 0x00000000e2200000|  0%| F|  |TAMS 0x00000000e2100000| PB 0x00000000e2100000| Untracked 
|  34|0x00000000e2200000, 0x00000000e2200000, 0x00000000e2300000|  0%| F|  |TAMS 0x00000000e2200000| PB 0x00000000e2200000| Untracked 
|  35|0x00000000e2300000, 0x00000000e2300000, 0x00000000e2400000|  0%| F|  |TAMS 0x00000000e2300000| PB 0x00000000e2300000| Untracked 
|  36|0x00000000e2400000, 0x00000000e2400000, 0x00000000e2500000|  0%| F|  |TAMS 0x00000000e2400000| PB 0x00000000e2400000| Untracked 
|  37|0x00000000e2500000, 0x00000000e2500000, 0x00000000e2600000|  0%| F|  |TAMS 0x00000000e2500000| PB 0x00000000e2500000| Untracked 
|  38|0x00000000e2600000, 0x00000000e2600000, 0x00000000e2700000|  0%| F|  |TAMS 0x00000000e2600000| PB 0x00000000e2600000| Untracked 
|  39|0x00000000e2700000, 0x00000000e2700000, 0x00000000e2800000|  0%| F|  |TAMS 0x00000000e2700000| PB 0x00000000e2700000| Untracked 
|  40|0x00000000e2800000, 0x00000000e2800000, 0x00000000e2900000|  0%| F|  |TAMS 0x00000000e2800000| PB 0x00000000e2800000| Untracked 
|  41|0x00000000e2900000, 0x00000000e2900000, 0x00000000e2a00000|  0%| F|  |TAMS 0x00000000e2900000| PB 0x00000000e2900000| Untracked 
|  42|0x00000000e2a00000, 0x00000000e2a00000, 0x00000000e2b00000|  0%| F|  |TAMS 0x00000000e2a00000| PB 0x00000000e2a00000| Untracked 
|  43|0x00000000e2b00000, 0x00000000e2b00000, 0x00000000e2c00000|  0%| F|  |TAMS 0x00000000e2b00000| PB 0x00000000e2b00000| Untracked 
|  44|0x00000000e2c00000, 0x00000000e2c00000, 0x00000000e2d00000|  0%| F|  |TAMS 0x00000000e2c00000| PB 0x00000000e2c00000| Untracked 
|  45|0x00000000e2d00000, 0x00000000e2d00000, 0x00000000e2e00000|  0%| F|  |TAMS 0x00000000e2d00000| PB 0x00000000e2d00000| Untracked 
|  46|0x00000000e2e00000, 0x00000000e2e00000, 0x00000000e2f00000|  0%| F|  |TAMS 0x00000000e2e00000| PB 0x00000000e2e00000| Untracked 
|  47|0x00000000e2f00000, 0x00000000e2f00000, 0x00000000e3000000|  0%| F|  |TAMS 0x00000000e2f00000| PB 0x00000000e2f00000| Untracked 
|  48|0x00000000e3000000, 0x00000000e3000000, 0x00000000e3100000|  0%| F|  |TAMS 0x00000000e3000000| PB 0x00000000e3000000| Untracked 
|  49|0x00000000e3100000, 0x00000000e3100000, 0x00000000e3200000|  0%| F|  |TAMS 0x00000000e3100000| PB 0x00000000e3100000| Untracked 
|  50|0x00000000e3200000, 0x00000000e3200000, 0x00000000e3300000|  0%| F|  |TAMS 0x00000000e3200000| PB 0x00000000e3200000| Untracked 
|  51|0x00000000e3300000, 0x00000000e3300000, 0x00000000e3400000|  0%| F|  |TAMS 0x00000000e3300000| PB 0x00000000e3300000| Untracked 
|  52|0x00000000e3400000, 0x00000000e3400000, 0x00000000e3500000|  0%| F|  |TAMS 0x00000000e3400000| PB 0x00000000e3400000| Untracked 
|  53|0x00000000e3500000, 0x00000000e3500000, 0x00000000e3600000|  0%| F|  |TAMS 0x00000000e3500000| PB 0x00000000e3500000| Untracked 
|  54|0x00000000e3600000, 0x00000000e3600000, 0x00000000e3700000|  0%| F|  |TAMS 0x00000000e3600000| PB 0x00000000e3600000| Untracked 
|  55|0x00000000e3700000, 0x00000000e3700000, 0x00000000e3800000|  0%| F|  |TAMS 0x00000000e3700000| PB 0x00000000e3700000| Untracked 
|  56|0x00000000e3800000, 0x00000000e3800000, 0x00000000e3900000|  0%| F|  |TAMS 0x00000000e3800000| PB 0x00000000e3800000| Untracked 
|  57|0x00000000e3900000, 0x00000000e3900000, 0x00000000e3a00000|  0%| F|  |TAMS 0x00000000e3900000| PB 0x00000000e3900000| Untracked 
|  58|0x00000000e3a00000, 0x00000000e3a00000, 0x00000000e3b00000|  0%| F|  |TAMS 0x00000000e3a00000| PB 0x00000000e3a00000| Untracked 
|  59|0x00000000e3b00000, 0x00000000e3b00000, 0x00000000e3c00000|  0%| F|  |TAMS 0x00000000e3b00000| PB 0x00000000e3b00000| Untracked 
|  60|0x00000000e3c00000, 0x00000000e3c00000, 0x00000000e3d00000|  0%| F|  |TAMS 0x00000000e3c00000| PB 0x00000000e3c00000| Untracked 
|  61|0x00000000e3d00000, 0x00000000e3d00000, 0x00000000e3e00000|  0%| F|  |TAMS 0x00000000e3d00000| PB 0x00000000e3d00000| Untracked 
|  62|0x00000000e3e00000, 0x00000000e3e00000, 0x00000000e3f00000|  0%| F|  |TAMS 0x00000000e3e00000| PB 0x00000000e3e00000| Untracked 
|  63|0x00000000e3f00000, 0x00000000e3f00000, 0x00000000e4000000|  0%| F|  |TAMS 0x00000000e3f00000| PB 0x00000000e3f00000| Untracked 
|  64|0x00000000e4000000, 0x00000000e4000000, 0x00000000e4100000|  0%| F|  |TAMS 0x00000000e4000000| PB 0x00000000e4000000| Untracked 
|  65|0x00000000e4100000, 0x00000000e4100000, 0x00000000e4200000|  0%| F|  |TAMS 0x00000000e4100000| PB 0x00000000e4100000| Untracked 
|  66|0x00000000e4200000, 0x00000000e4200000, 0x00000000e4300000|  0%| F|  |TAMS 0x00000000e4200000| PB 0x00000000e4200000| Untracked 
|  67|0x00000000e4300000, 0x00000000e4300000, 0x00000000e4400000|  0%| F|  |TAMS 0x00000000e4300000| PB 0x00000000e4300000| Untracked 
|  68|0x00000000e4400000, 0x00000000e4400000, 0x00000000e4500000|  0%| F|  |TAMS 0x00000000e4400000| PB 0x00000000e4400000| Untracked 
|  69|0x00000000e4500000, 0x00000000e4500000, 0x00000000e4600000|  0%| F|  |TAMS 0x00000000e4500000| PB 0x00000000e4500000| Untracked 
|  70|0x00000000e4600000, 0x00000000e4600000, 0x00000000e4700000|  0%| F|  |TAMS 0x00000000e4600000| PB 0x00000000e4600000| Untracked 
|  71|0x00000000e4700000, 0x00000000e4700000, 0x00000000e4800000|  0%| F|  |TAMS 0x00000000e4700000| PB 0x00000000e4700000| Untracked 
|  72|0x00000000e4800000, 0x00000000e4800000, 0x00000000e4900000|  0%| F|  |TAMS 0x00000000e4800000| PB 0x00000000e4800000| Untracked 
|  73|0x00000000e4900000, 0x00000000e4900000, 0x00000000e4a00000|  0%| F|  |TAMS 0x00000000e4900000| PB 0x00000000e4900000| Untracked 
|  74|0x00000000e4a00000, 0x00000000e4a00000, 0x00000000e4b00000|  0%| F|  |TAMS 0x00000000e4a00000| PB 0x00000000e4a00000| Untracked 
|  75|0x00000000e4b00000, 0x00000000e4b00000, 0x00000000e4c00000|  0%| F|  |TAMS 0x00000000e4b00000| PB 0x00000000e4b00000| Untracked 
|  76|0x00000000e4c00000, 0x00000000e4c00000, 0x00000000e4d00000|  0%| F|  |TAMS 0x00000000e4c00000| PB 0x00000000e4c00000| Untracked 
|  77|0x00000000e4d00000, 0x00000000e4d00000, 0x00000000e4e00000|  0%| F|  |TAMS 0x00000000e4d00000| PB 0x00000000e4d00000| Untracked 
|  78|0x00000000e4e00000, 0x00000000e4e00000, 0x00000000e4f00000|  0%| F|  |TAMS 0x00000000e4e00000| PB 0x00000000e4e00000| Untracked 
|  79|0x00000000e4f00000, 0x00000000e4f00000, 0x00000000e5000000|  0%| F|  |TAMS 0x00000000e4f00000| PB 0x00000000e4f00000| Untracked 
|  80|0x00000000e5000000, 0x00000000e5000000, 0x00000000e5100000|  0%| F|  |TAMS 0x00000000e5000000| PB 0x00000000e5000000| Untracked 
|  81|0x00000000e5100000, 0x00000000e5100000, 0x00000000e5200000|  0%| F|  |TAMS 0x00000000e5100000| PB 0x00000000e5100000| Untracked 
|  82|0x00000000e5200000, 0x00000000e5200000, 0x00000000e5300000|  0%| F|  |TAMS 0x00000000e5200000| PB 0x00000000e5200000| Untracked 
|  83|0x00000000e5300000, 0x00000000e5300000, 0x00000000e5400000|  0%| F|  |TAMS 0x00000000e5300000| PB 0x00000000e5300000| Untracked 
|  84|0x00000000e5400000, 0x00000000e5400000, 0x00000000e5500000|  0%| F|  |TAMS 0x00000000e5400000| PB 0x00000000e5400000| Untracked 
|  85|0x00000000e5500000, 0x00000000e5500000, 0x00000000e5600000|  0%| F|  |TAMS 0x00000000e5500000| PB 0x00000000e5500000| Untracked 
|  86|0x00000000e5600000, 0x00000000e5600000, 0x00000000e5700000|  0%| F|  |TAMS 0x00000000e5600000| PB 0x00000000e5600000| Untracked 
|  87|0x00000000e5700000, 0x00000000e5700000, 0x00000000e5800000|  0%| F|  |TAMS 0x00000000e5700000| PB 0x00000000e5700000| Untracked 
|  88|0x00000000e5800000, 0x00000000e5800000, 0x00000000e5900000|  0%| F|  |TAMS 0x00000000e5800000| PB 0x00000000e5800000| Untracked 
|  89|0x00000000e5900000, 0x00000000e5900000, 0x00000000e5a00000|  0%| F|  |TAMS 0x00000000e5900000| PB 0x00000000e5900000| Untracked 
|  90|0x00000000e5a00000, 0x00000000e5a00000, 0x00000000e5b00000|  0%| F|  |TAMS 0x00000000e5a00000| PB 0x00000000e5a00000| Untracked 
|  91|0x00000000e5b00000, 0x00000000e5b00000, 0x00000000e5c00000|  0%| F|  |TAMS 0x00000000e5b00000| PB 0x00000000e5b00000| Untracked 
|  92|0x00000000e5c00000, 0x00000000e5c00000, 0x00000000e5d00000|  0%| F|  |TAMS 0x00000000e5c00000| PB 0x00000000e5c00000| Untracked 
|  93|0x00000000e5d00000, 0x00000000e5d00000, 0x00000000e5e00000|  0%| F|  |TAMS 0x00000000e5d00000| PB 0x00000000e5d00000| Untracked 
|  94|0x00000000e5e00000, 0x00000000e5e00000, 0x00000000e5f00000|  0%| F|  |TAMS 0x00000000e5e00000| PB 0x00000000e5e00000| Untracked 
|  95|0x00000000e5f00000, 0x00000000e5f00000, 0x00000000e6000000|  0%| F|  |TAMS 0x00000000e5f00000| PB 0x00000000e5f00000| Untracked 
|  96|0x00000000e6000000, 0x00000000e6000000, 0x00000000e6100000|  0%| F|  |TAMS 0x00000000e6000000| PB 0x00000000e6000000| Untracked 
|  97|0x00000000e6100000, 0x00000000e6100000, 0x00000000e6200000|  0%| F|  |TAMS 0x00000000e6100000| PB 0x00000000e6100000| Untracked 
|  98|0x00000000e6200000, 0x00000000e6200000, 0x00000000e6300000|  0%| F|  |TAMS 0x00000000e6200000| PB 0x00000000e6200000| Untracked 
|  99|0x00000000e6300000, 0x00000000e6300000, 0x00000000e6400000|  0%| F|  |TAMS 0x00000000e6300000| PB 0x00000000e6300000| Untracked 
| 100|0x00000000e6400000, 0x00000000e6400000, 0x00000000e6500000|  0%| F|  |TAMS 0x00000000e6400000| PB 0x00000000e6400000| Untracked 
| 101|0x00000000e6500000, 0x00000000e6500000, 0x00000000e6600000|  0%| F|  |TAMS 0x00000000e6500000| PB 0x00000000e6500000| Untracked 
| 102|0x00000000e6600000, 0x00000000e6600000, 0x00000000e6700000|  0%| F|  |TAMS 0x00000000e6600000| PB 0x00000000e6600000| Untracked 
| 103|0x00000000e6700000, 0x00000000e6700000, 0x00000000e6800000|  0%| F|  |TAMS 0x00000000e6700000| PB 0x00000000e6700000| Untracked 
| 104|0x00000000e6800000, 0x00000000e6800000, 0x00000000e6900000|  0%| F|  |TAMS 0x00000000e6800000| PB 0x00000000e6800000| Untracked 
| 105|0x00000000e6900000, 0x00000000e6900000, 0x00000000e6a00000|  0%| F|  |TAMS 0x00000000e6900000| PB 0x00000000e6900000| Untracked 
| 106|0x00000000e6a00000, 0x00000000e6a00000, 0x00000000e6b00000|  0%| F|  |TAMS 0x00000000e6a00000| PB 0x00000000e6a00000| Untracked 
| 107|0x00000000e6b00000, 0x00000000e6b00000, 0x00000000e6c00000|  0%| F|  |TAMS 0x00000000e6b00000| PB 0x00000000e6b00000| Untracked 
| 108|0x00000000e6c00000, 0x00000000e6c00000, 0x00000000e6d00000|  0%| F|  |TAMS 0x00000000e6c00000| PB 0x00000000e6c00000| Untracked 
| 109|0x00000000e6d00000, 0x00000000e6d00000, 0x00000000e6e00000|  0%| F|  |TAMS 0x00000000e6d00000| PB 0x00000000e6d00000| Untracked 
| 110|0x00000000e6e00000, 0x00000000e6e00000, 0x00000000e6f00000|  0%| F|  |TAMS 0x00000000e6e00000| PB 0x00000000e6e00000| Untracked 
| 111|0x00000000e6f00000, 0x00000000e6f00000, 0x00000000e7000000|  0%| F|  |TAMS 0x00000000e6f00000| PB 0x00000000e6f00000| Untracked 
| 112|0x00000000e7000000, 0x00000000e70c41f8, 0x00000000e7100000| 76%| S|CS|TAMS 0x00000000e7000000| PB 0x00000000e7000000| Complete 
| 113|0x00000000e7100000, 0x00000000e7200000, 0x00000000e7200000|100%| S|CS|TAMS 0x00000000e7100000| PB 0x00000000e7100000| Complete 
| 114|0x00000000e7200000, 0x00000000e7200000, 0x00000000e7300000|  0%| F|  |TAMS 0x00000000e7200000| PB 0x00000000e7200000| Untracked 
| 115|0x00000000e7300000, 0x00000000e7300000, 0x00000000e7400000|  0%| F|  |TAMS 0x00000000e7300000| PB 0x00000000e7300000| Untracked 
| 116|0x00000000e7400000, 0x00000000e7400000, 0x00000000e7500000|  0%| F|  |TAMS 0x00000000e7400000| PB 0x00000000e7400000| Untracked 
| 117|0x00000000e7500000, 0x00000000e7500000, 0x00000000e7600000|  0%| F|  |TAMS 0x00000000e7500000| PB 0x00000000e7500000| Untracked 
| 118|0x00000000e7600000, 0x00000000e7600000, 0x00000000e7700000|  0%| F|  |TAMS 0x00000000e7600000| PB 0x00000000e7600000| Untracked 
| 119|0x00000000e7700000, 0x00000000e7700000, 0x00000000e7800000|  0%| F|  |TAMS 0x00000000e7700000| PB 0x00000000e7700000| Untracked 
| 120|0x00000000e7800000, 0x00000000e7800000, 0x00000000e7900000|  0%| F|  |TAMS 0x00000000e7800000| PB 0x00000000e7800000| Untracked 
| 121|0x00000000e7900000, 0x00000000e7900000, 0x00000000e7a00000|  0%| F|  |TAMS 0x00000000e7900000| PB 0x00000000e7900000| Untracked 
| 122|0x00000000e7a00000, 0x00000000e7b00000, 0x00000000e7b00000|100%| S|CS|TAMS 0x00000000e7a00000| PB 0x00000000e7a00000| Complete 
| 123|0x00000000e7b00000, 0x00000000e7c00000, 0x00000000e7c00000|100%| S|CS|TAMS 0x00000000e7b00000| PB 0x00000000e7b00000| Complete 
| 124|0x00000000e7c00000, 0x00000000e7d00000, 0x00000000e7d00000|100%| S|CS|TAMS 0x00000000e7c00000| PB 0x00000000e7c00000| Complete 
| 125|0x00000000e7d00000, 0x00000000e7e00000, 0x00000000e7e00000|100%| S|CS|TAMS 0x00000000e7d00000| PB 0x00000000e7d00000| Complete 
| 126|0x00000000e7e00000, 0x00000000e7f00000, 0x00000000e7f00000|100%| S|CS|TAMS 0x00000000e7e00000| PB 0x00000000e7e00000| Complete 
| 127|0x00000000e7f00000, 0x00000000e8000000, 0x00000000e8000000|100%| S|CS|TAMS 0x00000000e7f00000| PB 0x00000000e7f00000| Complete 
| 128|0x00000000e8000000, 0x00000000e8000000, 0x00000000e8100000|  0%| F|  |TAMS 0x00000000e8000000| PB 0x00000000e8000000| Untracked 
| 129|0x00000000e8100000, 0x00000000e8100000, 0x00000000e8200000|  0%| F|  |TAMS 0x00000000e8100000| PB 0x00000000e8100000| Untracked 
| 130|0x00000000e8200000, 0x00000000e8200000, 0x00000000e8300000|  0%| F|  |TAMS 0x00000000e8200000| PB 0x00000000e8200000| Untracked 
| 131|0x00000000e8300000, 0x00000000e8300000, 0x00000000e8400000|  0%| F|  |TAMS 0x00000000e8300000| PB 0x00000000e8300000| Untracked 
| 132|0x00000000e8400000, 0x00000000e8400000, 0x00000000e8500000|  0%| F|  |TAMS 0x00000000e8400000| PB 0x00000000e8400000| Untracked 
| 133|0x00000000e8500000, 0x00000000e8500000, 0x00000000e8600000|  0%| F|  |TAMS 0x00000000e8500000| PB 0x00000000e8500000| Untracked 
| 134|0x00000000e8600000, 0x00000000e8600000, 0x00000000e8700000|  0%| F|  |TAMS 0x00000000e8600000| PB 0x00000000e8600000| Untracked 
| 135|0x00000000e8700000, 0x00000000e8700000, 0x00000000e8800000|  0%| F|  |TAMS 0x00000000e8700000| PB 0x00000000e8700000| Untracked 
| 136|0x00000000e8800000, 0x00000000e8800000, 0x00000000e8900000|  0%| F|  |TAMS 0x00000000e8800000| PB 0x00000000e8800000| Untracked 
| 137|0x00000000e8900000, 0x00000000e8900000, 0x00000000e8a00000|  0%| F|  |TAMS 0x00000000e8900000| PB 0x00000000e8900000| Untracked 
| 138|0x00000000e8a00000, 0x00000000e8a00000, 0x00000000e8b00000|  0%| F|  |TAMS 0x00000000e8a00000| PB 0x00000000e8a00000| Untracked 
| 139|0x00000000e8b00000, 0x00000000e8b00000, 0x00000000e8c00000|  0%| F|  |TAMS 0x00000000e8b00000| PB 0x00000000e8b00000| Untracked 
| 140|0x00000000e8c00000, 0x00000000e8c00000, 0x00000000e8d00000|  0%| F|  |TAMS 0x00000000e8c00000| PB 0x00000000e8c00000| Untracked 
| 141|0x00000000e8d00000, 0x00000000e8d00000, 0x00000000e8e00000|  0%| F|  |TAMS 0x00000000e8d00000| PB 0x00000000e8d00000| Untracked 
| 142|0x00000000e8e00000, 0x00000000e8e00000, 0x00000000e8f00000|  0%| F|  |TAMS 0x00000000e8e00000| PB 0x00000000e8e00000| Untracked 
| 143|0x00000000e8f00000, 0x00000000e8f00000, 0x00000000e9000000|  0%| F|  |TAMS 0x00000000e8f00000| PB 0x00000000e8f00000| Untracked 
| 144|0x00000000e9000000, 0x00000000e9000000, 0x00000000e9100000|  0%| F|  |TAMS 0x00000000e9000000| PB 0x00000000e9000000| Untracked 
| 145|0x00000000e9100000, 0x00000000e9100000, 0x00000000e9200000|  0%| F|  |TAMS 0x00000000e9100000| PB 0x00000000e9100000| Untracked 
| 146|0x00000000e9200000, 0x00000000e9200000, 0x00000000e9300000|  0%| F|  |TAMS 0x00000000e9200000| PB 0x00000000e9200000| Untracked 
| 147|0x00000000e9300000, 0x00000000e9300000, 0x00000000e9400000|  0%| F|  |TAMS 0x00000000e9300000| PB 0x00000000e9300000| Untracked 
| 148|0x00000000e9400000, 0x00000000e9400000, 0x00000000e9500000|  0%| F|  |TAMS 0x00000000e9400000| PB 0x00000000e9400000| Untracked 
| 149|0x00000000e9500000, 0x00000000e9500000, 0x00000000e9600000|  0%| F|  |TAMS 0x00000000e9500000| PB 0x00000000e9500000| Untracked 
| 150|0x00000000e9600000, 0x00000000e9600000, 0x00000000e9700000|  0%| F|  |TAMS 0x00000000e9600000| PB 0x00000000e9600000| Untracked 
| 151|0x00000000e9700000, 0x00000000e9780000, 0x00000000e9800000| 50%| E|  |TAMS 0x00000000e9700000| PB 0x00000000e9700000| Complete 
| 152|0x00000000e9800000, 0x00000000e9900000, 0x00000000e9900000|100%| E|CS|TAMS 0x00000000e9800000| PB 0x00000000e9800000| Complete 
| 153|0x00000000e9900000, 0x00000000e9a00000, 0x00000000e9a00000|100%| E|CS|TAMS 0x00000000e9900000| PB 0x00000000e9900000| Complete 
| 154|0x00000000e9a00000, 0x00000000e9b00000, 0x00000000e9b00000|100%| E|CS|TAMS 0x00000000e9a00000| PB 0x00000000e9a00000| Complete 
| 155|0x00000000e9b00000, 0x00000000e9c00000, 0x00000000e9c00000|100%| E|CS|TAMS 0x00000000e9b00000| PB 0x00000000e9b00000| Complete 
| 156|0x00000000e9c00000, 0x00000000e9d00000, 0x00000000e9d00000|100%| E|CS|TAMS 0x00000000e9c00000| PB 0x00000000e9c00000| Complete 
| 157|0x00000000e9d00000, 0x00000000e9e00000, 0x00000000e9e00000|100%| E|CS|TAMS 0x00000000e9d00000| PB 0x00000000e9d00000| Complete 
| 158|0x00000000e9e00000, 0x00000000e9f00000, 0x00000000e9f00000|100%| E|CS|TAMS 0x00000000e9e00000| PB 0x00000000e9e00000| Complete 
| 159|0x00000000e9f00000, 0x00000000ea000000, 0x00000000ea000000|100%| E|CS|TAMS 0x00000000e9f00000| PB 0x00000000e9f00000| Complete 
| 160|0x00000000ea000000, 0x00000000ea100000, 0x00000000ea100000|100%| E|CS|TAMS 0x00000000ea000000| PB 0x00000000ea000000| Complete 
| 161|0x00000000ea100000, 0x00000000ea200000, 0x00000000ea200000|100%| E|CS|TAMS 0x00000000ea100000| PB 0x00000000ea100000| Complete 
| 162|0x00000000ea200000, 0x00000000ea300000, 0x00000000ea300000|100%| E|CS|TAMS 0x00000000ea200000| PB 0x00000000ea200000| Complete 
| 163|0x00000000ea300000, 0x00000000ea400000, 0x00000000ea400000|100%| E|CS|TAMS 0x00000000ea300000| PB 0x00000000ea300000| Complete 
| 164|0x00000000ea400000, 0x00000000ea500000, 0x00000000ea500000|100%| E|CS|TAMS 0x00000000ea400000| PB 0x00000000ea400000| Complete 
| 165|0x00000000ea500000, 0x00000000ea600000, 0x00000000ea600000|100%| E|CS|TAMS 0x00000000ea500000| PB 0x00000000ea500000| Complete 
| 166|0x00000000ea600000, 0x00000000ea700000, 0x00000000ea700000|100%| E|CS|TAMS 0x00000000ea600000| PB 0x00000000ea600000| Complete 
| 167|0x00000000ea700000, 0x00000000ea800000, 0x00000000ea800000|100%| E|CS|TAMS 0x00000000ea700000| PB 0x00000000ea700000| Complete 
| 168|0x00000000ea800000, 0x00000000ea900000, 0x00000000ea900000|100%| E|CS|TAMS 0x00000000ea800000| PB 0x00000000ea800000| Complete 
| 169|0x00000000ea900000, 0x00000000eaa00000, 0x00000000eaa00000|100%| E|CS|TAMS 0x00000000ea900000| PB 0x00000000ea900000| Complete 
| 170|0x00000000eaa00000, 0x00000000eab00000, 0x00000000eab00000|100%| E|CS|TAMS 0x00000000eaa00000| PB 0x00000000eaa00000| Complete 
| 171|0x00000000eab00000, 0x00000000eac00000, 0x00000000eac00000|100%| E|CS|TAMS 0x00000000eab00000| PB 0x00000000eab00000| Complete 
| 172|0x00000000eac00000, 0x00000000ead00000, 0x00000000ead00000|100%| E|CS|TAMS 0x00000000eac00000| PB 0x00000000eac00000| Complete 
| 173|0x00000000ead00000, 0x00000000eae00000, 0x00000000eae00000|100%| E|CS|TAMS 0x00000000ead00000| PB 0x00000000ead00000| Complete 
| 174|0x00000000eae00000, 0x00000000eaf00000, 0x00000000eaf00000|100%| E|CS|TAMS 0x00000000eae00000| PB 0x00000000eae00000| Complete 
| 175|0x00000000eaf00000, 0x00000000eb000000, 0x00000000eb000000|100%| E|CS|TAMS 0x00000000eaf00000| PB 0x00000000eaf00000| Complete 
| 176|0x00000000eb000000, 0x00000000eb100000, 0x00000000eb100000|100%| E|CS|TAMS 0x00000000eb000000| PB 0x00000000eb000000| Complete 
| 177|0x00000000eb100000, 0x00000000eb200000, 0x00000000eb200000|100%| E|CS|TAMS 0x00000000eb100000| PB 0x00000000eb100000| Complete 
| 178|0x00000000eb200000, 0x00000000eb300000, 0x00000000eb300000|100%| E|CS|TAMS 0x00000000eb200000| PB 0x00000000eb200000| Complete 
| 179|0x00000000eb300000, 0x00000000eb400000, 0x00000000eb400000|100%| E|CS|TAMS 0x00000000eb300000| PB 0x00000000eb300000| Complete 
| 180|0x00000000eb400000, 0x00000000eb500000, 0x00000000eb500000|100%| E|CS|TAMS 0x00000000eb400000| PB 0x00000000eb400000| Complete 
| 181|0x00000000eb500000, 0x00000000eb600000, 0x00000000eb600000|100%| E|CS|TAMS 0x00000000eb500000| PB 0x00000000eb500000| Complete 
| 182|0x00000000eb600000, 0x00000000eb700000, 0x00000000eb700000|100%| E|CS|TAMS 0x00000000eb600000| PB 0x00000000eb600000| Complete 
| 183|0x00000000eb700000, 0x00000000eb800000, 0x00000000eb800000|100%| E|CS|TAMS 0x00000000eb700000| PB 0x00000000eb700000| Complete 
| 184|0x00000000eb800000, 0x00000000eb900000, 0x00000000eb900000|100%| E|CS|TAMS 0x00000000eb800000| PB 0x00000000eb800000| Complete 
| 185|0x00000000eb900000, 0x00000000eba00000, 0x00000000eba00000|100%| E|CS|TAMS 0x00000000eb900000| PB 0x00000000eb900000| Complete 
| 186|0x00000000eba00000, 0x00000000ebb00000, 0x00000000ebb00000|100%| E|CS|TAMS 0x00000000eba00000| PB 0x00000000eba00000| Complete 
| 187|0x00000000ebb00000, 0x00000000ebc00000, 0x00000000ebc00000|100%| E|CS|TAMS 0x00000000ebb00000| PB 0x00000000ebb00000| Complete 
| 188|0x00000000ebc00000, 0x00000000ebd00000, 0x00000000ebd00000|100%| E|CS|TAMS 0x00000000ebc00000| PB 0x00000000ebc00000| Complete 
| 189|0x00000000ebd00000, 0x00000000ebe00000, 0x00000000ebe00000|100%| E|CS|TAMS 0x00000000ebd00000| PB 0x00000000ebd00000| Complete 
| 190|0x00000000ebe00000, 0x00000000ebf00000, 0x00000000ebf00000|100%| E|CS|TAMS 0x00000000ebe00000| PB 0x00000000ebe00000| Complete 
| 191|0x00000000ebf00000, 0x00000000ec000000, 0x00000000ec000000|100%| E|CS|TAMS 0x00000000ebf00000| PB 0x00000000ebf00000| Complete 
| 192|0x00000000ec000000, 0x00000000ec100000, 0x00000000ec100000|100%| E|CS|TAMS 0x00000000ec000000| PB 0x00000000ec000000| Complete 
| 193|0x00000000ec100000, 0x00000000ec200000, 0x00000000ec200000|100%| E|CS|TAMS 0x00000000ec100000| PB 0x00000000ec100000| Complete 
| 194|0x00000000ec200000, 0x00000000ec300000, 0x00000000ec300000|100%| E|CS|TAMS 0x00000000ec200000| PB 0x00000000ec200000| Complete 
| 195|0x00000000ec300000, 0x00000000ec400000, 0x00000000ec400000|100%| E|CS|TAMS 0x00000000ec300000| PB 0x00000000ec300000| Complete 
| 196|0x00000000ec400000, 0x00000000ec500000, 0x00000000ec500000|100%| E|CS|TAMS 0x00000000ec400000| PB 0x00000000ec400000| Complete 
| 197|0x00000000ec500000, 0x00000000ec600000, 0x00000000ec600000|100%| E|CS|TAMS 0x00000000ec500000| PB 0x00000000ec500000| Complete 
| 198|0x00000000ec600000, 0x00000000ec700000, 0x00000000ec700000|100%| E|CS|TAMS 0x00000000ec600000| PB 0x00000000ec600000| Complete 
| 199|0x00000000ec700000, 0x00000000ec800000, 0x00000000ec800000|100%| E|CS|TAMS 0x00000000ec700000| PB 0x00000000ec700000| Complete 
| 200|0x00000000ec800000, 0x00000000ec900000, 0x00000000ec900000|100%| E|CS|TAMS 0x00000000ec800000| PB 0x00000000ec800000| Complete 
| 201|0x00000000ec900000, 0x00000000eca00000, 0x00000000eca00000|100%| E|CS|TAMS 0x00000000ec900000| PB 0x00000000ec900000| Complete 
| 202|0x00000000eca00000, 0x00000000ecb00000, 0x00000000ecb00000|100%| E|CS|TAMS 0x00000000eca00000| PB 0x00000000eca00000| Complete 
| 203|0x00000000ecb00000, 0x00000000ecc00000, 0x00000000ecc00000|100%| E|CS|TAMS 0x00000000ecb00000| PB 0x00000000ecb00000| Complete 
| 204|0x00000000ecc00000, 0x00000000ecd00000, 0x00000000ecd00000|100%| E|CS|TAMS 0x00000000ecc00000| PB 0x00000000ecc00000| Complete 
| 205|0x00000000ecd00000, 0x00000000ece00000, 0x00000000ece00000|100%| E|CS|TAMS 0x00000000ecd00000| PB 0x00000000ecd00000| Complete 
| 206|0x00000000ece00000, 0x00000000ecf00000, 0x00000000ecf00000|100%| E|CS|TAMS 0x00000000ece00000| PB 0x00000000ece00000| Complete 
| 207|0x00000000ecf00000, 0x00000000ed000000, 0x00000000ed000000|100%| E|CS|TAMS 0x00000000ecf00000| PB 0x00000000ecf00000| Complete 
| 208|0x00000000ed000000, 0x00000000ed100000, 0x00000000ed100000|100%| E|CS|TAMS 0x00000000ed000000| PB 0x00000000ed000000| Complete 
| 209|0x00000000ed100000, 0x00000000ed200000, 0x00000000ed200000|100%| E|CS|TAMS 0x00000000ed100000| PB 0x00000000ed100000| Complete 
| 210|0x00000000ed200000, 0x00000000ed300000, 0x00000000ed300000|100%| E|CS|TAMS 0x00000000ed200000| PB 0x00000000ed200000| Complete 
| 211|0x00000000ed300000, 0x00000000ed400000, 0x00000000ed400000|100%| E|CS|TAMS 0x00000000ed300000| PB 0x00000000ed300000| Complete 
| 212|0x00000000ed400000, 0x00000000ed500000, 0x00000000ed500000|100%| E|CS|TAMS 0x00000000ed400000| PB 0x00000000ed400000| Complete 
| 213|0x00000000ed500000, 0x00000000ed600000, 0x00000000ed600000|100%| E|CS|TAMS 0x00000000ed500000| PB 0x00000000ed500000| Complete 
| 214|0x00000000ed600000, 0x00000000ed700000, 0x00000000ed700000|100%| E|CS|TAMS 0x00000000ed600000| PB 0x00000000ed600000| Complete 
| 215|0x00000000ed700000, 0x00000000ed800000, 0x00000000ed800000|100%| E|CS|TAMS 0x00000000ed700000| PB 0x00000000ed700000| Complete 
| 216|0x00000000ed800000, 0x00000000ed900000, 0x00000000ed900000|100%| E|CS|TAMS 0x00000000ed800000| PB 0x00000000ed800000| Complete 
| 217|0x00000000ed900000, 0x00000000eda00000, 0x00000000eda00000|100%| E|CS|TAMS 0x00000000ed900000| PB 0x00000000ed900000| Complete 
| 218|0x00000000eda00000, 0x00000000edb00000, 0x00000000edb00000|100%| E|CS|TAMS 0x00000000eda00000| PB 0x00000000eda00000| Complete 
| 219|0x00000000edb00000, 0x00000000edc00000, 0x00000000edc00000|100%| E|CS|TAMS 0x00000000edb00000| PB 0x00000000edb00000| Complete 
| 220|0x00000000edc00000, 0x00000000edd00000, 0x00000000edd00000|100%| E|CS|TAMS 0x00000000edc00000| PB 0x00000000edc00000| Complete 
| 221|0x00000000edd00000, 0x00000000ede00000, 0x00000000ede00000|100%| E|CS|TAMS 0x00000000edd00000| PB 0x00000000edd00000| Complete 
| 222|0x00000000ede00000, 0x00000000edf00000, 0x00000000edf00000|100%| E|CS|TAMS 0x00000000ede00000| PB 0x00000000ede00000| Complete 
| 223|0x00000000edf00000, 0x00000000ee000000, 0x00000000ee000000|100%| E|CS|TAMS 0x00000000edf00000| PB 0x00000000edf00000| Complete 
| 224|0x00000000ee000000, 0x00000000ee100000, 0x00000000ee100000|100%| E|CS|TAMS 0x00000000ee000000| PB 0x00000000ee000000| Complete 
| 225|0x00000000ee100000, 0x00000000ee200000, 0x00000000ee200000|100%| E|CS|TAMS 0x00000000ee100000| PB 0x00000000ee100000| Complete 
| 226|0x00000000ee200000, 0x00000000ee300000, 0x00000000ee300000|100%| E|CS|TAMS 0x00000000ee200000| PB 0x00000000ee200000| Complete 
| 227|0x00000000ee300000, 0x00000000ee400000, 0x00000000ee400000|100%| E|CS|TAMS 0x00000000ee300000| PB 0x00000000ee300000| Complete 
| 228|0x00000000ee400000, 0x00000000ee500000, 0x00000000ee500000|100%| E|CS|TAMS 0x00000000ee400000| PB 0x00000000ee400000| Complete 
| 229|0x00000000ee500000, 0x00000000ee600000, 0x00000000ee600000|100%| E|CS|TAMS 0x00000000ee500000| PB 0x00000000ee500000| Complete 
| 230|0x00000000ee600000, 0x00000000ee700000, 0x00000000ee700000|100%| E|CS|TAMS 0x00000000ee600000| PB 0x00000000ee600000| Complete 
| 231|0x00000000ee700000, 0x00000000ee800000, 0x00000000ee800000|100%| E|CS|TAMS 0x00000000ee700000| PB 0x00000000ee700000| Complete 
| 232|0x00000000ee800000, 0x00000000ee900000, 0x00000000ee900000|100%| E|CS|TAMS 0x00000000ee800000| PB 0x00000000ee800000| Complete 
| 233|0x00000000ee900000, 0x00000000eea00000, 0x00000000eea00000|100%| E|CS|TAMS 0x00000000ee900000| PB 0x00000000ee900000| Complete 
| 234|0x00000000eea00000, 0x00000000eeb00000, 0x00000000eeb00000|100%| E|CS|TAMS 0x00000000eea00000| PB 0x00000000eea00000| Complete 
| 235|0x00000000eeb00000, 0x00000000eec00000, 0x00000000eec00000|100%| E|CS|TAMS 0x00000000eeb00000| PB 0x00000000eeb00000| Complete 
| 236|0x00000000eec00000, 0x00000000eed00000, 0x00000000eed00000|100%| E|CS|TAMS 0x00000000eec00000| PB 0x00000000eec00000| Complete 
| 237|0x00000000eed00000, 0x00000000eee00000, 0x00000000eee00000|100%| E|CS|TAMS 0x00000000eed00000| PB 0x00000000eed00000| Complete 
| 238|0x00000000eee00000, 0x00000000eef00000, 0x00000000eef00000|100%| E|CS|TAMS 0x00000000eee00000| PB 0x00000000eee00000| Complete 
| 239|0x00000000eef00000, 0x00000000ef000000, 0x00000000ef000000|100%| E|CS|TAMS 0x00000000eef00000| PB 0x00000000eef00000| Complete 
| 240|0x00000000ef000000, 0x00000000ef100000, 0x00000000ef100000|100%| E|CS|TAMS 0x00000000ef000000| PB 0x00000000ef000000| Complete 
| 241|0x00000000ef100000, 0x00000000ef200000, 0x00000000ef200000|100%| E|CS|TAMS 0x00000000ef100000| PB 0x00000000ef100000| Complete 
| 242|0x00000000ef200000, 0x00000000ef300000, 0x00000000ef300000|100%| E|CS|TAMS 0x00000000ef200000| PB 0x00000000ef200000| Complete 
| 243|0x00000000ef300000, 0x00000000ef400000, 0x00000000ef400000|100%| E|CS|TAMS 0x00000000ef300000| PB 0x00000000ef300000| Complete 
| 244|0x00000000ef400000, 0x00000000ef500000, 0x00000000ef500000|100%| E|CS|TAMS 0x00000000ef400000| PB 0x00000000ef400000| Complete 
| 245|0x00000000ef500000, 0x00000000ef600000, 0x00000000ef600000|100%| E|CS|TAMS 0x00000000ef500000| PB 0x00000000ef500000| Complete 
| 246|0x00000000ef600000, 0x00000000ef700000, 0x00000000ef700000|100%| E|CS|TAMS 0x00000000ef600000| PB 0x00000000ef600000| Complete 
| 247|0x00000000ef700000, 0x00000000ef800000, 0x00000000ef800000|100%| E|CS|TAMS 0x00000000ef700000| PB 0x00000000ef700000| Complete 
| 248|0x00000000ef800000, 0x00000000ef900000, 0x00000000ef900000|100%| E|CS|TAMS 0x00000000ef800000| PB 0x00000000ef800000| Complete 
| 249|0x00000000ef900000, 0x00000000efa00000, 0x00000000efa00000|100%| E|CS|TAMS 0x00000000ef900000| PB 0x00000000ef900000| Complete 
| 250|0x00000000efa00000, 0x00000000efb00000, 0x00000000efb00000|100%| E|CS|TAMS 0x00000000efa00000| PB 0x00000000efa00000| Complete 
| 251|0x00000000efb00000, 0x00000000efc00000, 0x00000000efc00000|100%| E|CS|TAMS 0x00000000efb00000| PB 0x00000000efb00000| Complete 
| 252|0x00000000efc00000, 0x00000000efd00000, 0x00000000efd00000|100%| E|CS|TAMS 0x00000000efc00000| PB 0x00000000efc00000| Complete 
| 253|0x00000000efd00000, 0x00000000efe00000, 0x00000000efe00000|100%| E|CS|TAMS 0x00000000efd00000| PB 0x00000000efd00000| Complete 
| 254|0x00000000efe00000, 0x00000000eff00000, 0x00000000eff00000|100%| E|CS|TAMS 0x00000000efe00000| PB 0x00000000efe00000| Complete 
| 255|0x00000000eff00000, 0x00000000f0000000, 0x00000000f0000000|100%| E|CS|TAMS 0x00000000eff00000| PB 0x00000000eff00000| Complete 

Card table byte_map: [0x0000020cc4380000,0x0000020cc4480000] _byte_map_base: 0x0000020cc3c80000

Marking Bits: (CMBitMap*) 0x0000020cb1b5b490
 Bits: [0x0000020cc4480000, 0x0000020cc4c80000)

Polling page: 0x0000020caf740000

Metaspace:

Usage:
  Non-class:     10.55 MB used.
      Class:      1.58 MB used.
       Both:     12.13 MB used.

Virtual space:
  Non-class space:       64.00 MB reserved,      10.69 MB ( 17%) committed,  1 nodes.
      Class space:      320.00 MB reserved,       1.75 MB ( <1%) committed,  1 nodes.
             Both:      384.00 MB reserved,      12.44 MB (  3%) committed. 

Chunk freelists:
   Non-Class:  5.30 MB
       Class:  14.26 MB
        Both:  19.56 MB

MaxMetaspaceSize: 384.00 MB
CompressedClassSpaceSize: 320.00 MB
Initial GC threshold: 21.00 MB
Current GC threshold: 21.00 MB
CDS: on
 - commit_granule_bytes: 65536.
 - commit_granule_words: 8192.
 - virtual_space_node_default_size: 8388608.
 - enlarge_chunks_in_place: 1.
 - use_allocation_guard: 0.


Internal statistics:

num_allocs_failed_limit: 0.
num_arena_births: 364.
num_arena_deaths: 0.
num_vsnodes_births: 2.
num_vsnodes_deaths: 0.
num_space_committed: 199.
num_space_uncommitted: 0.
num_chunks_returned_to_freelist: 0.
num_chunks_taken_from_freelist: 728.
num_chunk_merges: 0.
num_chunk_splits: 481.
num_chunks_enlarged: 336.
num_inconsistent_stats: 0.

CodeHeap 'non-profiled nmethods': size=120000Kb used=2002Kb max_used=2002Kb free=117997Kb
 bounds [0x0000020cbc800000, 0x0000020cbca70000, 0x0000020cc3d30000]
CodeHeap 'profiled nmethods': size=120000Kb used=6730Kb max_used=6730Kb free=113269Kb
 bounds [0x0000020cb4d30000, 0x0000020cb53d0000, 0x0000020cbc260000]
CodeHeap 'non-nmethods': size=5760Kb used=1379Kb max_used=1394Kb free=4380Kb
 bounds [0x0000020cbc260000, 0x0000020cbc4d0000, 0x0000020cbc800000]
CodeCache: size=245760Kb, used=10111Kb, max_used=10126Kb, free=235646Kb
 total_blobs=4045, nmethods=3504, adapters=445, full_count=0
Compilation: enabled, stopped_count=0, restarted_count=0

Compilation events (20 events):
Event: 4953.013 Thread 0x0000020cc793e5a0 3499       3       java.lang.invoke.MethodHandles$Lookup::findBoundCallerLookup (30 bytes)
Event: 4953.014 Thread 0x0000020cc793e5a0 nmethod 3499 0x0000020cb53be510 code [0x0000020cb53be720, 0x0000020cb53bed70]
Event: 4953.014 Thread 0x0000020cc793e5a0 3500       3       java.lang.invoke.MethodHandles$Lookup::getDirectMethodCommon (300 bytes)
Event: 4953.015 Thread 0x0000020cc793e5a0 nmethod 3500 0x0000020cb53bef90 code [0x0000020cb53bf300, 0x0000020cb53c0410]
Event: 4953.015 Thread 0x0000020cc793e5a0 3501       3       java.lang.invoke.MethodHandles$Lookup::checkMethod (87 bytes)
Event: 4953.016 Thread 0x0000020cc793e5a0 nmethod 3501 0x0000020cb53c0a10 code [0x0000020cb53c0c20, 0x0000020cb53c1278]
Event: 4953.016 Thread 0x0000020cc793e5a0 3502       3       java.lang.invoke.MethodHandles$Lookup::maybeBindCaller (72 bytes)
Event: 4953.016 Thread 0x0000020cc793e5a0 nmethod 3502 0x0000020cb53c1490 code [0x0000020cb53c16c0, 0x0000020cb53c1e28]
Event: 4953.016 Thread 0x0000020cc793e5a0 3503       1       org.gradle.internal.collect.PersistentArray1::isEmpty (2 bytes)
Event: 4953.017 Thread 0x0000020cc793e5a0 nmethod 3503 0x0000020cbc9f3c90 code [0x0000020cbc9f3e20, 0x0000020cbc9f3ee8]
Event: 4953.018 Thread 0x0000020cc793e5a0 3504       1       org.gradle.internal.collect.PersistentArray1::size (2 bytes)
Event: 4953.018 Thread 0x0000020cc793e5a0 nmethod 3504 0x0000020cbc9f3f90 code [0x0000020cbc9f4120, 0x0000020cbc9f41e8]
Event: 4953.019 Thread 0x0000020cc793e5a0 3505       1       org.gradle.internal.service.AbstractServiceMethod::getParameterTypes (5 bytes)
Event: 4953.020 Thread 0x0000020cc793e5a0 nmethod 3505 0x0000020cbc9f4290 code [0x0000020cbc9f4420, 0x0000020cbc9f44e8]
Event: 4953.022 Thread 0x0000020cc793e5a0 3506       3       java.lang.reflect.Method::isVarArgs (5 bytes)
Event: 4953.023 Thread 0x0000020cc793e5a0 nmethod 3506 0x0000020cb53c2110 code [0x0000020cb53c22c0, 0x0000020cb53c2498]
Event: 4953.068 Thread 0x0000020cc793e5a0 3507       3       java.lang.invoke.InnerClassLambdaMetafactory::getOpcodeOffset (38 bytes)
Event: 4953.069 Thread 0x0000020cc793e5a0 nmethod 3507 0x0000020cb53c2590 code [0x0000020cb53c2760, 0x0000020cb53c2a18]
Event: 4953.115 Thread 0x0000020cc793b1c0 3508       4       java.util.concurrent.locks.ReentrantLock::lockInterruptibly (8 bytes)
Event: 4953.118 Thread 0x0000020cc793b1c0 nmethod 3508 0x0000020cbc9f4590 code [0x0000020cbc9f4720, 0x0000020cbc9f4938]

GC Heap History (8 events):
Event: 1.666 GC heap before
{Heap before GC invocations=0 (full 0):
 garbage-first heap   total 262144K, used 27648K [0x00000000e0000000, 0x0000000100000000)
  region size 1024K, 23 young (23552K), 0 survivors (0K)
 Metaspace       used 2988K, committed 3200K, reserved 393216K
  class space    used 362K, committed 448K, reserved 327680K
}
Event: 2.011 GC heap after
{Heap after GC invocations=1 (full 0):
 garbage-first heap   total 262144K, used 10995K [0x00000000e0000000, 0x0000000100000000)
  region size 1024K, 3 young (3072K), 3 survivors (3072K)
 Metaspace       used 2988K, committed 3200K, reserved 393216K
  class space    used 362K, committed 448K, reserved 327680K
}
Event: 2.447 GC heap before
{Heap before GC invocations=1 (full 0):
 garbage-first heap   total 262144K, used 40691K [0x00000000e0000000, 0x0000000100000000)
  region size 1024K, 31 young (31744K), 3 survivors (3072K)
 Metaspace       used 4648K, committed 4864K, reserved 393216K
  class space    used 594K, committed 704K, reserved 327680K
}
Event: 2.452 GC heap after
{Heap after GC invocations=2 (full 0):
 garbage-first heap   total 262144K, used 15089K [0x00000000e0000000, 0x0000000100000000)
  region size 1024K, 3 young (3072K), 3 survivors (3072K)
 Metaspace       used 4648K, committed 4864K, reserved 393216K
  class space    used 594K, committed 704K, reserved 327680K
}
Event: 4146.220 GC heap before
{Heap before GC invocations=2 (full 0):
 garbage-first heap   total 262144K, used 149233K [0x00000000e0000000, 0x0000000100000000)
  region size 1024K, 134 young (137216K), 3 survivors (3072K)
 Metaspace       used 10543K, committed 10880K, reserved 393216K
  class space    used 1358K, committed 1536K, reserved 327680K
}
Event: 4146.430 GC heap after
{Heap after GC invocations=3 (full 0):
 garbage-first heap   total 262144K, used 19964K [0x00000000e0000000, 0x0000000100000000)
  region size 1024K, 8 young (8192K), 8 survivors (8192K)
 Metaspace       used 10543K, committed 10880K, reserved 393216K
  class space    used 1358K, committed 1536K, reserved 327680K
}
Event: 4364.036 GC heap before
{Heap before GC invocations=3 (full 0):
 garbage-first heap   total 262144K, used 151036K [0x00000000e0000000, 0x0000000100000000)
  region size 1024K, 136 young (139264K), 8 survivors (8192K)
 Metaspace       used 10653K, committed 11008K, reserved 393216K
  class space    used 1358K, committed 1536K, reserved 327680K
}
Event: 4364.077 GC heap after
{Heap after GC invocations=4 (full 0):
 garbage-first heap   total 262144K, used 20082K [0x00000000e0000000, 0x0000000100000000)
  region size 1024K, 8 young (8192K), 8 survivors (8192K)
 Metaspace       used 10653K, committed 11008K, reserved 393216K
  class space    used 1358K, committed 1536K, reserved 327680K
}

Dll operation events (20 events):
Event: 0.959 Attempting to load shared library C:\Users\pjoo6\.vscode\extensions\redhat.java-1.56.0-win32-x64\jre\21.0.12.1-win32-x86_64\bin\nio.dll
Event: 0.960 Loaded shared library C:\Users\pjoo6\.vscode\extensions\redhat.java-1.56.0-win32-x64\jre\21.0.12.1-win32-x86_64\bin\nio.dll
Event: 0.965 Attempting to load shared library C:\Users\pjoo6\.vscode\extensions\redhat.java-1.56.0-win32-x64\jre\21.0.12.1-win32-x86_64\bin\zip.dll
Event: 0.965 Loaded shared library C:\Users\pjoo6\.vscode\extensions\redhat.java-1.56.0-win32-x64\jre\21.0.12.1-win32-x86_64\bin\zip.dll
Event: 1.265 Attempting to load shared library C:\Users\pjoo6\.vscode\extensions\redhat.java-1.56.0-win32-x64\jre\21.0.12.1-win32-x86_64\bin\jimage.dll
Event: 1.265 Loaded shared library C:\Users\pjoo6\.vscode\extensions\redhat.java-1.56.0-win32-x64\jre\21.0.12.1-win32-x86_64\bin\jimage.dll
Event: 1.578 Attempting to load shared library C:\Users\pjoo6\.vscode\extensions\redhat.java-1.56.0-win32-x64\jre\21.0.12.1-win32-x86_64\bin\verify.dll
Event: 1.579 Loaded shared library C:\Users\pjoo6\.vscode\extensions\redhat.java-1.56.0-win32-x64\jre\21.0.12.1-win32-x86_64\bin\verify.dll
Event: 1.602 Attempting to load shared library C:\Users\pjoo6\.gradle\native\660c5614fbf4a5f2a75b1949f50a0caf5cd603558e7d8a26e50b933a0cfb79d1\windows-amd64\native-platform.dll
Event: 1.603 Loaded shared library C:\Users\pjoo6\.gradle\native\660c5614fbf4a5f2a75b1949f50a0caf5cd603558e7d8a26e50b933a0cfb79d1\windows-amd64\native-platform.dll
Event: 1.613 Attempting to load shared library C:\Users\pjoo6\.gradle\native\0.2.8\x86_64-windows-gnu\gradle-fileevents.dll
Event: 1.614 Loaded shared library C:\Users\pjoo6\.gradle\native\0.2.8\x86_64-windows-gnu\gradle-fileevents.dll
Event: 2.737 Attempting to load shared library C:\Users\pjoo6\.vscode\extensions\redhat.java-1.56.0-win32-x64\jre\21.0.12.1-win32-x86_64\bin\management.dll
Event: 2.738 Loaded shared library C:\Users\pjoo6\.vscode\extensions\redhat.java-1.56.0-win32-x64\jre\21.0.12.1-win32-x86_64\bin\management.dll
Event: 2.739 Attempting to load shared library C:\Users\pjoo6\.vscode\extensions\redhat.java-1.56.0-win32-x64\jre\21.0.12.1-win32-x86_64\bin\management_ext.dll
Event: 2.740 Loaded shared library C:\Users\pjoo6\.vscode\extensions\redhat.java-1.56.0-win32-x64\jre\21.0.12.1-win32-x86_64\bin\management_ext.dll
Event: 7.324 Attempting to load shared library C:\Users\pjoo6\.vscode\extensions\redhat.java-1.56.0-win32-x64\jre\21.0.12.1-win32-x86_64\bin\extnet.dll
Event: 7.325 Loaded shared library C:\Users\pjoo6\.vscode\extensions\redhat.java-1.56.0-win32-x64\jre\21.0.12.1-win32-x86_64\bin\extnet.dll
Event: 4948.607 Attempting to load shared library C:\Users\pjoo6\.vscode\extensions\redhat.java-1.56.0-win32-x64\jre\21.0.12.1-win32-x86_64\bin\sunmscapi.dll
Event: 4948.686 Loaded shared library C:\Users\pjoo6\.vscode\extensions\redhat.java-1.56.0-win32-x64\jre\21.0.12.1-win32-x86_64\bin\sunmscapi.dll

Deoptimization events (20 events):
Event: 4952.994 Thread 0x0000020ce217fce0 Uncommon trap: trap_request=0xffffffc6 fr.pc=0x0000020cbc98c598 relative=0x0000000000001fd8
Event: 4952.994 Thread 0x0000020ce217fce0 Uncommon trap: reason=bimorphic_or_optimized_type_check action=maybe_recompile pc=0x0000020cbc98c598 method=java.util.stream.AbstractPipeline.evaluate(Ljava/util/stream/TerminalOp;)Ljava/lang/Object; @ 80 c2
Event: 4952.994 Thread 0x0000020ce217fce0 DEOPT PACKING pc=0x0000020cbc98c598 sp=0x000000851e6fc510
Event: 4952.994 Thread 0x0000020ce217fce0 DEOPT UNPACKING pc=0x0000020cbc2b4422 sp=0x000000851e6fc4f8 mode 2
Event: 4952.994 Thread 0x0000020ce217fce0 Uncommon trap: trap_request=0xffffffde fr.pc=0x0000020cbc98f7b4 relative=0x0000000000000094
Event: 4952.994 Thread 0x0000020ce217fce0 Uncommon trap: reason=class_check action=maybe_recompile pc=0x0000020cbc98f7b4 method=java.util.Spliterator.getExactSizeIfKnown()J @ 1 c2
Event: 4952.994 Thread 0x0000020ce217fce0 DEOPT PACKING pc=0x0000020cbc98f7b4 sp=0x000000851e6fc340
Event: 4952.994 Thread 0x0000020ce217fce0 DEOPT UNPACKING pc=0x0000020cbc2b4422 sp=0x000000851e6fc2d8 mode 2
Event: 4953.001 Thread 0x0000020ce217fce0 Uncommon trap: trap_request=0xffffffc6 fr.pc=0x0000020cbc98c598 relative=0x0000000000001fd8
Event: 4953.001 Thread 0x0000020ce217fce0 Uncommon trap: reason=bimorphic_or_optimized_type_check action=maybe_recompile pc=0x0000020cbc98c598 method=java.util.stream.AbstractPipeline.evaluate(Ljava/util/stream/TerminalOp;)Ljava/lang/Object; @ 80 c2
Event: 4953.001 Thread 0x0000020ce217fce0 DEOPT PACKING pc=0x0000020cbc98c598 sp=0x000000851e6fc290
Event: 4953.001 Thread 0x0000020ce217fce0 DEOPT UNPACKING pc=0x0000020cbc2b4422 sp=0x000000851e6fc278 mode 2
Event: 4953.001 Thread 0x0000020ce217fce0 Uncommon trap: trap_request=0xffffffde fr.pc=0x0000020cbc98f7b4 relative=0x0000000000000094
Event: 4953.001 Thread 0x0000020ce217fce0 Uncommon trap: reason=class_check action=maybe_recompile pc=0x0000020cbc98f7b4 method=java.util.Spliterator.getExactSizeIfKnown()J @ 1 c2
Event: 4953.001 Thread 0x0000020ce217fce0 DEOPT PACKING pc=0x0000020cbc98f7b4 sp=0x000000851e6fc0c0
Event: 4953.001 Thread 0x0000020ce217fce0 DEOPT UNPACKING pc=0x0000020cbc2b4422 sp=0x000000851e6fc058 mode 2
Event: 4953.012 Thread 0x0000020ce217fce0 Uncommon trap: trap_request=0xffffffc6 fr.pc=0x0000020cbc98c598 relative=0x0000000000001fd8
Event: 4953.012 Thread 0x0000020ce217fce0 Uncommon trap: reason=bimorphic_or_optimized_type_check action=maybe_recompile pc=0x0000020cbc98c598 method=java.util.stream.AbstractPipeline.evaluate(Ljava/util/stream/TerminalOp;)Ljava/lang/Object; @ 80 c2
Event: 4953.012 Thread 0x0000020ce217fce0 DEOPT PACKING pc=0x0000020cbc98c598 sp=0x000000851e6fc290
Event: 4953.012 Thread 0x0000020ce217fce0 DEOPT UNPACKING pc=0x0000020cbc2b4422 sp=0x000000851e6fc278 mode 2

Classes loaded (20 events):
Event: 4949.149 Loading class java/lang/invoke/ConstantBootstraps
Event: 4949.150 Loading class java/lang/invoke/ConstantBootstraps done
Event: 4949.291 Loading class java/nio/channels/spi/AbstractSelector$1
Event: 4949.292 Loading class java/nio/channels/spi/AbstractSelector$1 done
Event: 4951.872 Loading class java/lang/invoke/DirectMethodHandle$StaticAccessor
Event: 4951.872 Loading class java/lang/invoke/DirectMethodHandle$StaticAccessor done
Event: 4951.912 Loading class java/util/concurrent/CountDownLatch
Event: 4951.912 Loading class java/util/concurrent/CountDownLatch done
Event: 4951.912 Loading class java/util/concurrent/CountDownLatch$Sync
Event: 4951.913 Loading class java/util/concurrent/CountDownLatch$Sync done
Event: 4951.936 Loading class java/math/BigDecimal
Event: 4951.939 Loading class jdk/internal/event/ThreadSleepEvent
Event: 4951.941 Loading class java/math/BigDecimal done
Event: 4951.943 Loading class jdk/internal/event/ThreadSleepEvent done
Event: 4951.981 Loading class java/lang/ThreadLocal$SuppliedThreadLocal
Event: 4951.982 Loading class java/lang/ThreadLocal$SuppliedThreadLocal done
Event: 4952.217 Loading class sun/reflect/generics/tree/VoidDescriptor
Event: 4952.217 Loading class sun/reflect/generics/tree/VoidDescriptor done
Event: 4952.363 Loading class java/util/HashMap$EntrySpliterator
Event: 4952.364 Loading class java/util/HashMap$EntrySpliterator done

Classes unloaded (0 events):
No events

Classes redefined (0 events):
No events

Internal exceptions (20 events):
Event: 2.669 Thread 0x0000020cb1b300a0 Exception <a 'java/lang/NoSuchMethodError'{0x00000000ee798150}: 'int java.lang.invoke.DelegatingMethodHandle$Holder.reinvoke_L(java.lang.Object)'> (0x00000000ee798150) 
thrown [s\src\hotspot\share\interpreter\linkResolver.cpp, line 773]
Event: 2.719 Thread 0x0000020cb1b300a0 Exception <a 'java/lang/NoSuchMethodError'{0x00000000ee425120}: 'java.lang.Object java.lang.invoke.DirectMethodHandle$Holder.invokeVirtual(java.lang.Object, java.lang.Object, java.lang.Object, java.lang.Object, java.lang.Object)'> (0x00000000ee425120) 
thrown [s\src\hotspot\share\interpreter\linkResolver.cpp, line 773]
Event: 2.721 Thread 0x0000020cb1b300a0 Exception <a 'java/lang/NoSuchMethodError'{0x00000000ee43a7c8}: 'java.lang.Object java.lang.invoke.Invokers$Holder.invokeExact_MT(java.lang.Object, java.lang.Object, java.lang.Object, java.lang.Object, java.lang.Object, java.lang.Object)'> (0x00000000ee43a7c8) 
thrown [s\src\hotspot\share\interpreter\linkResolver.cpp, line 773]
Event: 2.724 Thread 0x0000020cb1b300a0 Exception <a 'java/lang/NoSuchMethodError'{0x00000000ee490250}: 'java.lang.Object java.lang.invoke.DirectMethodHandle$Holder.invokeVirtual(java.lang.Object, java.lang.Object, java.lang.Object, java.lang.Object, java.lang.Object, java.lang.Object)'> (0x00000000ee490250) 
thrown [s\src\hotspot\share\interpreter\linkResolver.cpp, line 773]
Event: 2.763 Thread 0x0000020cb1b300a0 Exception <a 'java/lang/NoSuchMethodError'{0x00000000ee11dd30}: 'java.lang.Object java.lang.invoke.DelegatingMethodHandle$Holder.reinvoke_L(java.lang.Object, java.lang.Object, java.lang.Object, java.lang.Object, java.lang.Object, java.lang.Object, java.lang.Object, java.lang.Object, java.lang.Object, java.lang.Object, java.lang.Object, java.lang.Object, java.lang.Object, java.lang.Object)'> (0x00000000ee11dd30) 
thrown [s\src\hotspot\share\interpreter\linkResolver.cpp, line 773]
Event: 2.765 Thread 0x0000020cb1b300a0 Exception <a 'java/lang/NoSuchMethodError'{0x00000000ee16a990}: 'java.lang.Object java.lang.invoke.DirectMethodHandle$Holder.invokeStatic(java.lang.Object, java.lang.Object, java.lang.Object, java.lang.Object, java.lang.Object, java.lang.Object, java.lang.Object, java.lang.Object, java.lang.Object, java.lang.Object, java.lang.Object, java.lang.Object, java.lang.Object)'> (0x00000000ee16a990) 
thrown [s\src\hotspot\share\interpreter\linkResolver.cpp, line 773]
Event: 2.767 Thread 0x0000020cb1b300a0 Exception <a 'java/lang/NoSuchMethodError'{0x00000000ee18a1d8}: 'java.lang.Object java.lang.invoke.DirectMethodHandle$Holder.invokeStatic(java.lang.Object, java.lang.Object, java.lang.Object, java.lang.Object, java.lang.Object, java.lang.Object, java.lang.Object, java.lang.Object, java.lang.Object, java.lang.Object, java.lang.Object, java.lang.Object, java.lang.Object, java.lang.Object)'> (0x00000000ee18a1d8) 
thrown [s\src\hotspot\share\interpreter\linkResolver.cpp, line 773]
Event: 2.768 Thread 0x0000020cb1b300a0 Exception <a 'java/lang/NoSuchMethodError'{0x00000000ee1aa7a8}: 'java.lang.Object java.lang.invoke.DirectMethodHandle$Holder.invokeStatic(java.lang.Object, java.lang.Object, java.lang.Object, java.lang.Object, java.lang.Object, java.lang.Object, java.lang.Object, java.lang.Object, java.lang.Object, java.lang.Object, java.lang.Object, java.lang.Object, java.lang.Object, java.lang.Object, java.lang.Object)'> (0x00000000ee1aa7a8) 
thrown [s\src\hotspot\share\interpreter\linkResolver.cpp, line 773]
Event: 2.769 Thread 0x0000020cb1b300a0 Exception <a 'java/lang/NoSuchMethodError'{0x00000000ee1cd378}: 'java.lang.Object java.lang.invoke.DirectMethodHandle$Holder.invokeStatic(java.lang.Object, java.lang.Object, java.lang.Object, java.lang.Object, java.lang.Object, java.lang.Object, java.lang.Object, java.lang.Object, java.lang.Object, java.lang.Object, java.lang.Object, java.lang.Object, java.lang.Object, java.lang.Object, java.lang.Object, java.lang.Object)'> (0x00000000ee1cd378) 
thrown [s\src\hotspot\share\interpreter\linkResolver.cpp, lin
Event: 8.267 Thread 0x0000020cb1b300a0 Exception <a 'java/lang/NoSuchMethodError'{0x00000000edaba6a8}: 'java.lang.Object java.lang.invoke.DirectMethodHandle$Holder.invokeVirtual(java.lang.Object, java.lang.Object, java.lang.Object, java.lang.Object, java.lang.Object, java.lang.Object, java.lang.Object, java.lang.Object, java.lang.Object)'> (0x00000000edaba6a8) 
thrown [s\src\hotspot\share\interpreter\linkResolver.cpp, line 773]
Event: 9.593 Thread 0x0000020cb1b300a0 Exception <a 'java/lang/NoSuchMethodError'{0x00000000ed839c40}: 'java.lang.Object java.lang.invoke.DirectMethodHandle$Holder.invokeStaticInit(java.lang.Object, int, int, int, int)'> (0x00000000ed839c40) 
thrown [s\src\hotspot\share\interpreter\linkResolver.cpp, line 773]
Event: 10.757 Thread 0x0000020cb1b300a0 Exception <a 'java/lang/NoSuchMethodError'{0x00000000ed86a8d0}: 'java.lang.Object java.lang.invoke.DirectMethodHandle$Holder.invokeStaticInit(java.lang.Object, java.lang.Object, int, int, int, int)'> (0x00000000ed86a8d0) 
thrown [s\src\hotspot\share\interpreter\linkResolver.cpp, line 773]
Event: 11.649 Thread 0x0000020cb1b300a0 Exception <a 'java/lang/NoSuchMethodError'{0x00000000ed7b2150}: 'java.lang.Object java.lang.invoke.DirectMethodHandle$Holder.invokeStaticInit(java.lang.Object, int)'> (0x00000000ed7b2150) 
thrown [s\src\hotspot\share\interpreter\linkResolver.cpp, line 773]
Event: 14.466 Thread 0x0000020cb1b300a0 Exception <a 'java/io/IOException'{0x00000000ed5702d8}> (0x00000000ed5702d8) 
thrown [s\src\hotspot\share\prims\jni.cpp, line 520]
Event: 15.748 Thread 0x0000020cb1b300a0 Implicit null exception at 0x0000020cbc8475a4 to 0x0000020cbc847c04
Event: 16.467 Thread 0x0000020cb1b300a0 Exception <a 'java/lang/NoSuchMethodError'{0x00000000ed5dd5a0}: 'java.lang.Object java.lang.invoke.DirectMethodHandle$Holder.newInvokeSpecial(java.lang.Object, java.lang.Object, java.lang.Object, java.lang.Object, java.lang.Object)'> (0x00000000ed5dd5a0) 
thrown [s\src\hotspot\share\interpreter\linkResolver.cpp, line 773]
Event: 17.219 Thread 0x0000020cb1b300a0 Exception <a 'java/lang/NoSuchMethodError'{0x00000000ed4001d0}: 'void java.lang.invoke.DirectMethodHandle$Holder.invokeSpecial(java.lang.Object, java.lang.Object, java.lang.Object)'> (0x00000000ed4001d0) 
thrown [s\src\hotspot\share\interpreter\linkResolver.cpp, line 773]
Event: 118.425 Thread 0x0000020ce2cd8170 Implicit null exception at 0x0000020cbc8482a0 to 0x0000020cbc8488fc
Event: 4952.852 Thread 0x0000020ce217fce0 Exception <a 'java/lang/NoSuchMethodError'{0x00000000e99c2b48}: 'java.lang.Object java.lang.invoke.DirectMethodHandle$Holder.invokeVirtual(java.lang.Object, java.lang.Object, java.lang.Object, java.lang.Object, java.lang.Object, java.lang.Object, java.lang.Object)'> (0x00000000e99c2b48) 
thrown [s\src\hotspot\share\interpreter\linkResolver.cpp, line 773]
Event: 4952.928 Thread 0x0000020ce217fce0 Exception <a 'java/lang/NoSuchMethodError'{0x00000000e985af40}: 'long java.lang.invoke.DirectMethodHandle$Holder.invokeInterface(java.lang.Object, java.lang.Object)'> (0x00000000e985af40) 
thrown [s\src\hotspot\share\interpreter\linkResolver.cpp, line 773]

ZGC Phase Switch (0 events):
No events

VM Operations (20 events):
Event: 4891.289 Executing safepoint VM operation: Cleanup
Event: 4891.291 Executing safepoint VM operation: Cleanup done
Event: 4918.402 Executing safepoint VM operation: Cleanup
Event: 4918.402 Executing safepoint VM operation: Cleanup done
Event: 4948.402 Executing non-safepoint VM operation: HandshakeAllThreads (Deoptimize)
Event: 4948.402 Executing non-safepoint VM operation: HandshakeAllThreads (Deoptimize) done
Event: 4948.402 Executing safepoint VM operation: Cleanup
Event: 4948.402 Executing safepoint VM operation: Cleanup done
Event: 4949.185 Executing non-safepoint VM operation: HandshakeAllThreads (Deoptimize)
Event: 4949.185 Executing non-safepoint VM operation: HandshakeAllThreads (Deoptimize) done
Event: 4950.192 Executing safepoint VM operation: Cleanup
Event: 4950.192 Executing safepoint VM operation: Cleanup done
Event: 4951.195 Executing safepoint VM operation: Cleanup
Event: 4951.195 Executing safepoint VM operation: Cleanup done
Event: 4951.919 Executing non-safepoint VM operation: HandshakeAllThreads (Deoptimize)
Event: 4951.919 Executing non-safepoint VM operation: HandshakeAllThreads (Deoptimize) done
Event: 4952.931 Executing safepoint VM operation: Cleanup
Event: 4952.945 Executing safepoint VM operation: Cleanup done
Event: 4952.946 Executing non-safepoint VM operation: HandshakeAllThreads (Deoptimize)
Event: 4952.946 Executing non-safepoint VM operation: HandshakeAllThreads (Deoptimize) done

Memory protections (0 events):
No events

Nmethod flushes (0 events):
No events

Events (20 events):
Event: 0.637 Thread 0x0000020cb1b300a0 Thread added: 0x0000020cc79a9120
Event: 1.022 Thread 0x0000020cb1b300a0 Thread added: 0x0000020cc7b2b310
Event: 1.243 Thread 0x0000020cc793e5a0 Thread added: 0x0000020cc7bf00e0
Event: 1.248 Thread 0x0000020cc793b1c0 Thread added: 0x0000020cc7c48390
Event: 2.012 Thread 0x0000020cc7c48390 Thread exited: 0x0000020cc7c48390
Event: 2.012 Thread 0x0000020cc7bf00e0 Thread exited: 0x0000020cc7bf00e0
Event: 2.211 Thread 0x0000020cc793e5a0 Thread added: 0x0000020ce1a8be50
Event: 2.271 Thread 0x0000020cc793e5a0 Thread added: 0x0000020ce1ddaa50
Event: 2.759 Thread 0x0000020cb1b300a0 Thread added: 0x0000020ce238a250
Event: 3.098 Thread 0x0000020ce1ddaa50 Thread exited: 0x0000020ce1ddaa50
Event: 3.098 Thread 0x0000020ce1a8be50 Thread exited: 0x0000020ce1a8be50
Event: 11.315 Thread 0x0000020cb1b300a0 Thread added: 0x0000020ce23f6a70
Event: 17.443 Thread 0x0000020cb1b300a0 Thread added: 0x0000020ce2cd8170
Event: 4949.222 Thread 0x0000020ce23f6a70 Thread added: 0x0000020cc7a491c0
Event: 4949.285 Thread 0x0000020cc7a491c0 Thread added: 0x0000020ce11993b0
Event: 4950.083 Thread 0x0000020cc7a491c0 Thread added: 0x0000020ce3089f40
Event: 4951.732 Thread 0x0000020cc7a491c0 Thread added: 0x0000020ce217fce0
Event: 4951.936 Thread 0x0000020ce217fce0 Thread added: 0x0000020ce217f650
Event: 4951.967 Thread 0x0000020ce217fce0 Thread added: 0x0000020ce2180370
Event: 4952.048 Thread 0x0000020ce217fce0 Thread added: 0x0000020ce217cef0


Dynamic libraries:
0x00007ff750d90000 - 0x00007ff750d9e000 	C:\Users\pjoo6\.vscode\extensions\redhat.java-1.56.0-win32-x64\jre\21.0.12.1-win32-x86_64\bin\java.exe
0x00007ffe615c0000 - 0x00007ffe61827000 	C:\WINDOWS\SYSTEM32\ntdll.dll
0x00007ffe60280000 - 0x00007ffe6034b000 	C:\WINDOWS\System32\KERNEL32.DLL
0x00007ffe5eab0000 - 0x00007ffe5eeb2000 	C:\WINDOWS\System32\KERNELBASE.dll
0x00007ffe5eff0000 - 0x00007ffe5f13c000 	C:\WINDOWS\System32\ucrtbase.dll
0x00007ffe17fc0000 - 0x00007ffe17fd8000 	C:\Users\pjoo6\.vscode\extensions\redhat.java-1.56.0-win32-x64\jre\21.0.12.1-win32-x86_64\bin\jli.dll
0x00007ffe60550000 - 0x00007ffe6071f000 	C:\WINDOWS\System32\USER32.dll
0x00007ffe5ea80000 - 0x00007ffe5eaa7000 	C:\WINDOWS\System32\win32u.dll
0x00007ffe5ffc0000 - 0x00007ffe5ffeb000 	C:\WINDOWS\System32\GDI32.dll
0x00007ffe5eec0000 - 0x00007ffe5efe9000 	C:\WINDOWS\System32\gdi32full.dll
0x00007ffe5e9d0000 - 0x00007ffe5ea73000 	C:\WINDOWS\System32\msvcp_win.dll
0x00007ffde7ad0000 - 0x00007ffde7aee000 	C:\Users\pjoo6\.vscode\extensions\redhat.java-1.56.0-win32-x64\jre\21.0.12.1-win32-x86_64\bin\VCRUNTIME140.dll
0x00007ffe373d0000 - 0x00007ffe37660000 	C:\WINDOWS\WinSxS\amd64_microsoft.windows.common-controls_6595b64144ccf1df_6.0.26100.9278_none_3e0d1ba8e3303201\COMCTL32.dll
0x00007ffe5fff0000 - 0x00007ffe60099000 	C:\WINDOWS\System32\msvcrt.dll
0x00007ffe5f2e0000 - 0x00007ffe5f311000 	C:\WINDOWS\System32\IMM32.DLL
0x00007ffe4b3e0000 - 0x00007ffe4b3ec000 	C:\Users\pjoo6\.vscode\extensions\redhat.java-1.56.0-win32-x64\jre\21.0.12.1-win32-x86_64\bin\vcruntime140_1.dll
0x00007ffde15d0000 - 0x00007ffde165d000 	C:\Users\pjoo6\.vscode\extensions\redhat.java-1.56.0-win32-x64\jre\21.0.12.1-win32-x86_64\bin\msvcp140.dll
0x00007ffdb6580000 - 0x00007ffdb7322000 	C:\Users\pjoo6\.vscode\extensions\redhat.java-1.56.0-win32-x64\jre\21.0.12.1-win32-x86_64\bin\server\jvm.dll
0x00007ffe5f670000 - 0x00007ffe5f72c000 	C:\WINDOWS\System32\ADVAPI32.dll
0x00007ffe5f5c0000 - 0x00007ffe5f669000 	C:\WINDOWS\System32\sechost.dll
0x00007ffe609e0000 - 0x00007ffe60af8000 	C:\WINDOWS\System32\RPCRT4.dll
0x00007ffe60360000 - 0x00007ffe603e0000 	C:\WINDOWS\System32\WS2_32.dll
0x00007ffe5e620000 - 0x00007ffe5e67e000 	C:\WINDOWS\SYSTEM32\POWRPROF.dll
0x00007ffe54770000 - 0x00007ffe547a6000 	C:\WINDOWS\SYSTEM32\WINMM.dll
0x00007ffe50b90000 - 0x00007ffe50b9b000 	C:\WINDOWS\SYSTEM32\VERSION.dll
0x00007ffe5e600000 - 0x00007ffe5e615000 	C:\WINDOWS\SYSTEM32\UMPDC.dll
0x00007ffe5d3d0000 - 0x00007ffe5d3eb000 	C:\WINDOWS\SYSTEM32\kernel.appcore.dll
0x00007ffe175c0000 - 0x00007ffe175ca000 	C:\Users\pjoo6\.vscode\extensions\redhat.java-1.56.0-win32-x64\jre\21.0.12.1-win32-x86_64\bin\jimage.dll
0x00007ffe5bca0000 - 0x00007ffe5beec000 	C:\WINDOWS\SYSTEM32\DBGHELP.DLL
0x00007ffe60cd0000 - 0x00007ffe61055000 	C:\WINDOWS\System32\combase.dll
0x00007ffe5f740000 - 0x00007ffe5f819000 	C:\WINDOWS\System32\OLEAUT32.dll
0x00007ffe382c0000 - 0x00007ffe382fb000 	C:\WINDOWS\SYSTEM32\dbgcore.DLL
0x00007ffe5e910000 - 0x00007ffe5e9bc000 	C:\WINDOWS\System32\bcryptPrimitives.dll
0x00007ffe46920000 - 0x00007ffe4692f000 	C:\Users\pjoo6\.vscode\extensions\redhat.java-1.56.0-win32-x64\jre\21.0.12.1-win32-x86_64\bin\instrument.dll
0x00007ffde75f0000 - 0x00007ffde7610000 	C:\Users\pjoo6\.vscode\extensions\redhat.java-1.56.0-win32-x64\jre\21.0.12.1-win32-x86_64\bin\java.dll
0x00007ffe5f820000 - 0x00007ffe5ffb8000 	C:\WINDOWS\System32\SHELL32.dll
0x00007ffe5c1e0000 - 0x00007ffe5ca8e000 	C:\WINDOWS\SYSTEM32\windows.storage.dll
0x00007ffe5f3b0000 - 0x00007ffe5f4ab000 	C:\WINDOWS\System32\SHCORE.dll
0x00007ffe60750000 - 0x00007ffe607b6000 	C:\WINDOWS\System32\shlwapi.dll
0x00007ffe5e6e0000 - 0x00007ffe5e709000 	C:\WINDOWS\SYSTEM32\profapi.dll
0x00007ffde7000000 - 0x00007ffde7018000 	C:\Users\pjoo6\.vscode\extensions\redhat.java-1.56.0-win32-x64\jre\21.0.12.1-win32-x86_64\bin\zip.dll
0x00007ffe16aa0000 - 0x00007ffe16ab0000 	C:\Users\pjoo6\.vscode\extensions\redhat.java-1.56.0-win32-x64\jre\21.0.12.1-win32-x86_64\bin\net.dll
0x00007ffe54f60000 - 0x00007ffe5508a000 	C:\WINDOWS\SYSTEM32\WINHTTP.dll
0x00007ffe5da50000 - 0x00007ffe5dabc000 	C:\WINDOWS\system32\mswsock.dll
0x00007ffde6fe0000 - 0x00007ffde6ff6000 	C:\Users\pjoo6\.vscode\extensions\redhat.java-1.56.0-win32-x64\jre\21.0.12.1-win32-x86_64\bin\nio.dll
0x00007ffe3bce0000 - 0x00007ffe3bcf0000 	C:\Users\pjoo6\.vscode\extensions\redhat.java-1.56.0-win32-x64\jre\21.0.12.1-win32-x86_64\bin\verify.dll
0x00007ffde7640000 - 0x00007ffde7667000 	C:\Users\pjoo6\.gradle\native\660c5614fbf4a5f2a75b1949f50a0caf5cd603558e7d8a26e50b933a0cfb79d1\windows-amd64\native-platform.dll
0x00007ffdda1a0000 - 0x00007ffdda217000 	C:\Users\pjoo6\.gradle\native\0.2.8\x86_64-windows-gnu\gradle-fileevents.dll
0x00007ffe53ae0000 - 0x00007ffe53aea000 	C:\Users\pjoo6\.vscode\extensions\redhat.java-1.56.0-win32-x64\jre\21.0.12.1-win32-x86_64\bin\management.dll
0x00007ffe17fe0000 - 0x00007ffe17fec000 	C:\Users\pjoo6\.vscode\extensions\redhat.java-1.56.0-win32-x64\jre\21.0.12.1-win32-x86_64\bin\management_ext.dll
0x00007ffe60540000 - 0x00007ffe60548000 	C:\WINDOWS\System32\PSAPI.DLL
0x00007ffe5ce00000 - 0x00007ffe5ce33000 	C:\WINDOWS\SYSTEM32\IPHLPAPI.DLL
0x00007ffe60b20000 - 0x00007ffe60b2a000 	C:\WINDOWS\System32\NSI.dll
0x00007ffe0e780000 - 0x00007ffe0e789000 	C:\Users\pjoo6\.vscode\extensions\redhat.java-1.56.0-win32-x64\jre\21.0.12.1-win32-x86_64\bin\extnet.dll
0x00007ffe5dd40000 - 0x00007ffe5dd5b000 	C:\WINDOWS\SYSTEM32\CRYPTSP.dll
0x00007ffe5d3f0000 - 0x00007ffe5d429000 	C:\WINDOWS\system32\rsaenh.dll
0x00007ffe5db00000 - 0x00007ffe5db34000 	C:\WINDOWS\SYSTEM32\USERENV.dll
0x00007ffe5e6b0000 - 0x00007ffe5e6da000 	C:\WINDOWS\SYSTEM32\bcrypt.dll
0x00007ffe5dd60000 - 0x00007ffe5dd6c000 	C:\WINDOWS\SYSTEM32\CRYPTBASE.dll
0x00007ffdec7b0000 - 0x00007ffdec7be000 	C:\Users\pjoo6\.vscode\extensions\redhat.java-1.56.0-win32-x64\jre\21.0.12.1-win32-x86_64\bin\sunmscapi.dll
0x00007ffe5f150000 - 0x00007ffe5f2ce000 	C:\WINDOWS\System32\CRYPT32.dll
0x00007ffe5df80000 - 0x00007ffe5dfb0000 	C:\WINDOWS\SYSTEM32\ncrypt.dll
0x00007ffe5df30000 - 0x00007ffe5df6f000 	C:\WINDOWS\SYSTEM32\NTASN1.dll
0x00007ffe46570000 - 0x00007ffe46578000 	C:\WINDOWS\system32\wshunix.dll

JVMTI agents:
C:\Users\pjoo6\.gradle\wrapper\dists\gradle-9.5.1-bin\iq79hdu3mqx29lgffhp8bfmx\gradle-9.5.1\lib\agents\gradle-instrumentation-agent-9.5.1.jar path:C:\Users\pjoo6\.vscode\extensions\redhat.java-1.56.0-win32-x64\jre\21.0.12.1-win32-x86_64\bin\instrument.dll, loaded, initialized, instrumentlib options:none

dbghelp: loaded successfully - version: 4.0.5 - missing functions: none
symbol engine: initialized successfully - sym options: 0x614 - pdb path: .;C:\Users\pjoo6\.vscode\extensions\redhat.java-1.56.0-win32-x64\jre\21.0.12.1-win32-x86_64\bin;C:\WINDOWS\SYSTEM32;C:\WINDOWS\WinSxS\amd64_microsoft.windows.common-controls_6595b64144ccf1df_6.0.26100.9278_none_3e0d1ba8e3303201;C:\Users\pjoo6\.vscode\extensions\redhat.java-1.56.0-win32-x64\jre\21.0.12.1-win32-x86_64\bin\server;C:\Users\pjoo6\.gradle\native\660c5614fbf4a5f2a75b1949f50a0caf5cd603558e7d8a26e50b933a0cfb79d1\windows-amd64;C:\Users\pjoo6\.gradle\native\0.2.8\x86_64-windows-gnu

VM Arguments:
jvm_args: --add-opens=java.base/java.lang=ALL-UNNAMED --add-opens=java.base/java.lang.invoke=ALL-UNNAMED --add-opens=java.base/java.util=ALL-UNNAMED --add-opens=java.prefs/java.util.prefs=ALL-UNNAMED --add-exports=jdk.compiler/com.sun.tools.javac.api=ALL-UNNAMED --add-exports=jdk.compiler/com.sun.tools.javac.util=ALL-UNNAMED --add-opens=java.base/java.nio.charset=ALL-UNNAMED --add-opens=java.base/java.net=ALL-UNNAMED --add-opens=java.base/java.util.concurrent=ALL-UNNAMED --add-opens=java.base/java.util.concurrent.atomic=ALL-UNNAMED --add-opens=java.xml/javax.xml.namespace=ALL-UNNAMED --add-opens=java.base/java.time=ALL-UNNAMED -XX:MaxMetaspaceSize=384m -XX:+HeapDumpOnOutOfMemoryError -Xms256m -Xmx512m -Dfile.encoding=UTF-8 -Duser.country=KR -Duser.language=ko -Duser.variant -javaagent:C:\Users\pjoo6\.gradle\wrapper\dists\gradle-9.5.1-bin\iq79hdu3mqx29lgffhp8bfmx\gradle-9.5.1\lib\agents\gradle-instrumentation-agent-9.5.1.jar 
java_command: org.gradle.launcher.daemon.bootstrap.GradleDaemon 9.5.1
java_class_path (initial): C:\Users\pjoo6\.gradle\wrapper\dists\gradle-9.5.1-bin\iq79hdu3mqx29lgffhp8bfmx\gradle-9.5.1\lib\gradle-daemon-main-9.5.1.jar
Launcher Type: SUN_STANDARD

[Global flags]
     intx CICompilerCount                          = 4                                         {product} {ergonomic}
   size_t CompressedClassSpaceSize                 = 335544320                                 {product} {ergonomic}
     uint ConcGCThreads                            = 3                                         {product} {ergonomic}
     uint G1ConcRefinementThreads                  = 10                                        {product} {ergonomic}
   size_t G1HeapRegionSize                         = 1048576                                   {product} {ergonomic}
    uintx GCDrainStackTargetSize                   = 64                                        {product} {ergonomic}
     bool HeapDumpOnOutOfMemoryError               = true                                   {manageable} {command line}
   size_t InitialHeapSize                          = 268435456                                 {product} {command line}
   size_t MarkStackSize                            = 4194304                                   {product} {ergonomic}
   size_t MaxHeapSize                              = 536870912                                 {product} {command line}
   size_t MaxMetaspaceSize                         = 402653184                                 {product} {command line}
   size_t MaxNewSize                               = 321912832                                 {product} {ergonomic}
   size_t MinHeapDeltaBytes                        = 1048576                                   {product} {ergonomic}
   size_t MinHeapSize                              = 268435456                                 {product} {command line}
    uintx NonNMethodCodeHeapSize                   = 5839372                                {pd product} {ergonomic}
    uintx NonProfiledCodeHeapSize                  = 122909434                              {pd product} {ergonomic}
    uintx ProfiledCodeHeapSize                     = 122909434                              {pd product} {ergonomic}
    uintx ReservedCodeCacheSize                    = 251658240                              {pd product} {ergonomic}
     bool SegmentedCodeCache                       = true                                      {product} {ergonomic}
   size_t SoftMaxHeapSize                          = 536870912                              {manageable} {ergonomic}
     bool UseCompressedOops                        = true                           {product lp64_product} {ergonomic}
     bool UseG1GC                                  = true                                      {product} {ergonomic}
     bool UseLargePagesIndividualAllocation        = false                                  {pd product} {ergonomic}

Logging:
Log output configuration:
 #0: stdout all=warning uptime,level,tags foldmultilines=false
 #1: stderr all=off uptime,level,tags foldmultilines=false

Release file:
JAVA_VERSION="21.0.12.1" 
MODULES="java.base java.compiler java.datatransfer java.xml java.prefs java.desktop java.instrument java.logging java.management java.security.sasl java.naming java.rmi java.management.rmi java.net.http java.scripting java.security.jgss java.transaction.xa java.sql java.sql.rowset java.xml.crypto java.se java.smartcardio jdk.accessibility jdk.internal.jvmstat jdk.attach jdk.charsets jdk.internal.opt jdk.zipfs jdk.compiler jdk.crypto.ec jdk.crypto.cryptoki jdk.crypto.mscapi jdk.dynalink jdk.internal.ed jdk.editpad jdk.hotspot.agent jdk.httpserver jdk.internal.le jdk.internal.vm.ci jdk.internal.vm.compiler jdk.internal.vm.compiler.management jdk.jartool jdk.javadoc jdk.jcmd jdk.management jdk.management.agent jdk.jconsole jdk.jdeps jdk.jdwp.agent jdk.jdi jdk.jfr jdk.jshell jdk.jsobject jdk.jstatd jdk.localedata jdk.management.jfr jdk.naming.dns jdk.naming.rmi jdk.net jdk.nio.mapmode jdk.random jdk.sctp jdk.security.auth jdk.security.jgss jdk.unsupported jdk.unsupported.desktop jdk.xml.dom" 

Environment Variables:
JAVA_HOME=C:\Program Files\Java\jdk-17
PATH=C:\Program Files\Common Files\Oracle\Java\javapath;C:\windows\system32;C:\windows;C:\windows\System32\Wbem;C:\windows\System32\WindowsPowerShell\v1.0\;C:\windows\System32\OpenSSH\;C:\Program Files\nodejs\;C:\WINDOWS\system32;C:\WINDOWS;C:\WINDOWS\System32\Wbem;C:\WINDOWS\System32\WindowsPowerShell\v1.0\;C:\WINDOWS\System32\OpenSSH\;C:\Program Files (x86)\IncrediBuild;C:\Program Files\Git\cmd;C:\Program Files\dotnet\;C:\Users\pjoo6\AppData\Local\Programs\Python\Python39\Scripts\;C:\Users\pjoo6\AppData\Local\Programs\Python\Python39\;C:\Users\pjoo6\AppData\Local\Microsoft\WindowsApps;C:\Users\pjoo6\OneDrive\πŸ≈¡ »≠∏È\opencv\build\x64\vc15\bin;C:\Users\pjoo6\AppData\Local\Programs\Microsoft VS Code\bin
USERNAME=pjoo6
OS=Windows_NT
PROCESSOR_IDENTIFIER=Intel64 Family 6 Model 186 Stepping 3, GenuineIntel
TMP=C:\Users\pjoo6\AppData\Local\Temp
TEMP=C:\Users\pjoo6\AppData\Local\Temp




Periodic native trim disabled

---------------  S Y S T E M  ---------------

OS:
 Windows 11 , 64 bit Build 26100 (10.0.26100.9444)
OS uptime: 0 days 3:36 hours
Hyper-V role detected

CPU: total 12 (initial active 12) (6 cores per cpu, 2 threads per core) family 6 model 186 stepping 3 microcode 0x6134, cx8, cmov, fxsr, ht, mmx, 3dnowpref, sse, sse2, sse3, ssse3, sse4.1, sse4.2, popcnt, lzcnt, tsc, tscinvbit, avx, avx2, aes, erms, clmul, bmi1, bmi2, adx, sha, fma, vzeroupper, clflush, clflushopt, clwb, hv, serialize, rdtscp, rdpid, fsrm, f16c, cet_ibt, cet_ss
Processor Information for the first 12 processors :
  Max Mhz: 1300, Current Mhz: 1300, Mhz Limit: 1300

Memory: 4k page, system-wide physical 16027M (248M free)
TotalPageFile size 65179M (AvailPageFile size 603M)
current process WorkingSet (physical memory assigned to process): 86M, peak: 195M
current process commit charge ("private bytes"): 394M, peak: 402M

vm_info: OpenJDK 64-Bit Server VM (21.0.12.1+1-LTS) for windows-amd64 JRE (21.0.12.1+1-LTS), built on 2026-08-18T00:00:00Z by "admin" with MS VC++ 17.12 (VS2022)

END.
