#
# There is insufficient memory for the Java Runtime Environment to continue.
# Native memory allocation (malloc) failed to allocate 32744 bytes. Error detail: Chunk::new
# Possible reasons:
#   The system is out of physical RAM or swap space
#   This process is running with CompressedOops enabled, and the Java Heap may be blocking the growth of the native heap
# Possible solutions:
#   Reduce memory load on the system
#   Increase physical memory or swap space
#   Check if swap backing store is full
#   Decrease Java heap size (-Xmx/-Xms)
#   Decrease number of Java threads
#   Decrease Java thread stack sizes (-Xss)
#   Set larger code cache with -XX:ReservedCodeCacheSize=
#   JVM is running with Unscaled Compressed Oops mode in which the Java heap is
#     placed in the first 4GB address space. The Java Heap base address is the
#     maximum limit for the native heap growth. Please use -XX:HeapBaseMinAddress
#     to set the Java Heap base and to place the Java Heap above 4GB virtual address.
# This output file may be truncated or incomplete.
#
#  Out of Memory Error (arena.cpp:168), pid=37164, tid=33788
#
# JRE version: OpenJDK Runtime Environment Temurin-21.0.12.1+1 (21.0.12.1+1) (build 21.0.12.1+1-LTS)
# Java VM: OpenJDK 64-Bit Server VM Temurin-21.0.12.1+1 (21.0.12.1+1-LTS, mixed mode, sharing, tiered, compressed oops, compressed class ptrs, g1 gc, windows-amd64)
# No core dump will be written. Minidumps are not enabled by default on client versions of Windows
#

---------------  S U M M A R Y ------------

Command Line: --add-opens=java.base/java.lang=ALL-UNNAMED --add-opens=java.base/java.lang.invoke=ALL-UNNAMED --add-opens=java.base/java.util=ALL-UNNAMED --add-opens=java.prefs/java.util.prefs=ALL-UNNAMED --add-exports=jdk.compiler/com.sun.tools.javac.api=ALL-UNNAMED --add-exports=jdk.compiler/com.sun.tools.javac.util=ALL-UNNAMED --add-opens=java.base/java.nio.charset=ALL-UNNAMED --add-opens=java.base/java.net=ALL-UNNAMED --add-opens=java.base/java.util.concurrent=ALL-UNNAMED --add-opens=java.base/java.util.concurrent.atomic=ALL-UNNAMED --add-opens=java.xml/javax.xml.namespace=ALL-UNNAMED --add-opens=java.base/java.time=ALL-UNNAMED -XX:MaxMetaspaceSize=384m -XX:+HeapDumpOnOutOfMemoryError -Xms256m -Xmx512m -Dfile.encoding=UTF-8 -Duser.country=KR -Duser.language=ko -Duser.variant -javaagent:C:\Users\pjoo6\.gradle\wrapper\dists\gradle-9.5.1-bin\iq79hdu3mqx29lgffhp8bfmx\gradle-9.5.1\lib\agents\gradle-instrumentation-agent-9.5.1.jar org.gradle.launcher.daemon.bootstrap.GradleDaemon 9.5.1

Host: 13th Gen Intel(R) Core(TM) i5-1335U, 12 cores, 15G,  Windows 11 , 64 bit Build 26100 (10.0.26100.9168)
Time: Thu Sep 10 11:13:11 2026 elapsed time: 569.696459 seconds (0d 0h 9m 29s)

---------------  T H R E A D  ---------------

Current thread (0x00000205eba71990):  JavaThread "Daemon worker"        [_thread_in_vm, id=33788, stack(0x0000008142600000,0x0000008142700000) (1024K)]

Stack: [0x0000008142600000,0x0000008142700000]
Native frames: (J=compiled Java code, j=interpreted, Vv=VM code, C=native code)
V  [jvm.dll+0x6d83e9]
V  [jvm.dll+0x8b5736]
V  [jvm.dll+0x8b7cee]
V  [jvm.dll+0x8b83d3]
V  [jvm.dll+0x284596]
V  [jvm.dll+0xc685d]
V  [jvm.dll+0xc6da1]
V  [jvm.dll+0x3ee5ad]
V  [jvm.dll+0x3f2ace]
V  [jvm.dll+0x3ef5d3]
V  [jvm.dll+0x3eed2e]
V  [jvm.dll+0x480020]
C  [java.dll+0x6fda]

Java frames: (J=compiled Java code, j=interpreted, Vv=VM code)
J 697  java.lang.Throwable.fillInStackTrace(I)Ljava/lang/Throwable; java.base@21.0.12.1 (0 bytes) @ 0x00000205c5677093 [0x00000205c5677040+0x0000000000000053]
J 3151 c2 java.lang.ClassNotFoundException.<init>(Ljava/lang/String;)V java.base@21.0.12.1 (7 bytes) @ 0x00000205c57a81cc [0x00000205c57a8060+0x000000000000016c]
J 4430 c2 java.net.URLClassLoader.findClass(Ljava/lang/String;)Ljava/lang/Class; java.base@21.0.12.1 (47 bytes) @ 0x00000205c589bfd0 [0x00000205c589b7a0+0x0000000000000830]
j  java.lang.ClassLoader.loadClass(Ljava/lang/String;Z)Ljava/lang/Class;+69 java.base@21.0.12.1
j  java.lang.ClassLoader.loadClass(Ljava/lang/String;Z)Ljava/lang/Class;+38 java.base@21.0.12.1
j  java.lang.ClassLoader.loadClass(Ljava/lang/String;Z)Ljava/lang/Class;+38 java.base@21.0.12.1
j  org.gradle.internal.classloader.CachingClassLoader.loadClass(Ljava/lang/String;Z)Ljava/lang/Class;+42
J 3712 c2 java.lang.ClassLoader.loadClass(Ljava/lang/String;)Ljava/lang/Class; java.base@21.0.12.1 (7 bytes) @ 0x00000205c581696c [0x00000205c5816920+0x000000000000004c]
j  org.gradle.api.internal.plugins.DefaultPluginRegistry$1.load(Lorg/gradle/api/internal/plugins/DefaultPluginRegistry$PluginIdLookupCacheKey;)Ljava/util/Optional;+86
j  org.gradle.api.internal.plugins.DefaultPluginRegistry$1.load(Ljava/lang/Object;)Ljava/lang/Object;+5
j  com.google.common.cache.LocalCache$LoadingValueReference.loadFuture(Ljava/lang/Object;Lcom/google/common/cache/CacheLoader;)Lcom/google/common/util/concurrent/ListenableFuture;+24
j  com.google.common.cache.LocalCache$Segment.loadSync(Ljava/lang/Object;ILcom/google/common/cache/LocalCache$LoadingValueReference;Lcom/google/common/cache/CacheLoader;)Ljava/lang/Object;+4
j  com.google.common.cache.LocalCache$Segment.lockedGetOrLoad(Ljava/lang/Object;ILcom/google/common/cache/CacheLoader;)Ljava/lang/Object;+393
j  com.google.common.cache.LocalCache$Segment.get(Ljava/lang/Object;ILcom/google/common/cache/CacheLoader;)Ljava/lang/Object;+138
j  com.google.common.cache.LocalCache.get(Ljava/lang/Object;Lcom/google/common/cache/CacheLoader;)Ljava/lang/Object;+17
j  com.google.common.cache.LocalCache.getOrLoad(Ljava/lang/Object;)Ljava/lang/Object;+6
j  com.google.common.cache.LocalCache$LocalLoadingCache.get(Ljava/lang/Object;)Ljava/lang/Object;+5
j  org.gradle.api.internal.plugins.DefaultPluginRegistry.uncheckedGet(Lcom/google/common/cache/LoadingCache;Ljava/lang/Object;)Ljava/lang/Object;+2
j  org.gradle.api.internal.plugins.DefaultPluginRegistry.lookup(Lorg/gradle/plugin/use/PluginId;Ljava/lang/ClassLoader;)Lorg/gradle/api/internal/plugins/PluginImplementation;+69
j  org.gradle.api.internal.plugins.DefaultPluginRegistry.lookup(Lorg/gradle/plugin/use/PluginId;)Lorg/gradle/api/internal/plugins/PluginImplementation;+35
j  org.gradle.api.internal.plugins.DefaultPluginRegistry.lookup(Lorg/gradle/plugin/use/PluginId;)Lorg/gradle/api/internal/plugins/PluginImplementation;+12
j  org.gradle.api.internal.plugins.DefaultPluginRegistry.lookup(Lorg/gradle/plugin/use/PluginId;)Lorg/gradle/api/internal/plugins/PluginImplementation;+12
j  org.gradle.api.internal.plugins.DefaultPluginRegistry.lookup(Lorg/gradle/plugin/use/PluginId;)Lorg/gradle/api/internal/plugins/PluginImplementation;+12
j  org.gradle.api.internal.plugins.DefaultPluginManager.apply(Ljava/lang/String;)V+8
j  org.gradle.buildinit.plugins.internal.action.BuildInitAutoApplyAction.execute(Lorg/gradle/api/internal/project/ProjectInternal;)V+8
j  org.gradle.buildinit.plugins.internal.action.BuildInitAutoApplyAction.execute(Ljava/lang/Object;)V+5
j  org.gradle.configuration.project.PluginsProjectConfigureActions.execute(Lorg/gradle/api/internal/project/ProjectInternal;)V+31
j  org.gradle.configuration.project.PluginsProjectConfigureActions.execute(Ljava/lang/Object;)V+5
j  org.gradle.configuration.project.ConfigureActionsProjectEvaluator.evaluate(Lorg/gradle/api/internal/project/ProjectInternal;Lorg/gradle/api/internal/project/ProjectStateInternal;)V+33
j  org.gradle.configuration.project.LifecycleProjectEvaluator$EvaluateProject.lambda$run$0(Lorg/gradle/internal/operations/BuildOperationContext;Lorg/gradle/api/internal/project/ProjectInternal;)V+67
j  org.gradle.configuration.project.LifecycleProjectEvaluator$EvaluateProject$$Lambda+0x00000205d2669a70.accept(Ljava/lang/Object;)V+12
j  org.gradle.api.internal.project.DefaultProjectStateRegistry$ProjectStateImpl.lambda$applyToMutableState$0(Ljava/util/function/Consumer;Lorg/gradle/api/internal/project/ProjectInternal;)Ljava/lang/Object;+2
j  org.gradle.api.internal.project.DefaultProjectStateRegistry$ProjectStateImpl$$Lambda+0x00000205d265b848.apply(Ljava/lang/Object;)Ljava/lang/Object;+8
j  org.gradle.api.internal.project.DefaultProjectStateRegistry$ProjectStateImpl.lambda$fromMutableState$1(Ljava/util/function/Function;)Ljava/lang/Object;+5
j  org.gradle.api.internal.project.DefaultProjectStateRegistry$ProjectStateImpl$$Lambda+0x00000205d265ba90.get()Ljava/lang/Object;+8
j  org.gradle.api.internal.project.DefaultProjectStateRegistry$ProjectStateImpl$$Lambda+0x00000205d265bcb8.create()Ljava/lang/Object;+4
j  org.gradle.internal.work.DefaultWorkerLeaseService.lambda$runAndReleaseLocks$0(Lorg/gradle/internal/Factory;Ljava/util/Collection;)Ljava/lang/Object;+1
j  org.gradle.internal.work.DefaultWorkerLeaseService$$Lambda+0x00000205d22969e8.create()Ljava/lang/Object;+12
j  org.gradle.internal.work.ResourceLockStatistics$1.measure(Ljava/lang/String;Ljava/lang/Iterable;Lorg/gradle/internal/Factory;)Ljava/lang/Object;+1
j  org.gradle.internal.work.DefaultWorkerLeaseService.runAndReleaseLocks(Ljava/util/Collection;Lorg/gradle/internal/Factory;)Ljava/lang/Object;+16
j  org.gradle.internal.work.DefaultWorkerLeaseService.withLocksAcquired(Ljava/util/Collection;Lorg/gradle/internal/Factory;)Ljava/lang/Object;+8
j  org.gradle.internal.work.DefaultWorkerLeaseService.lambda$withReplacedLocks$4(Lorg/gradle/internal/resources/ResourceLock;Lorg/gradle/internal/Factory;)Ljava/lang/Object;+6
j  org.gradle.internal.work.DefaultWorkerLeaseService$$Lambda+0x00000205d2659000.create()Ljava/lang/Object;+12
j  org.gradle.internal.work.DefaultWorkerLeaseService.withoutLocks(Ljava/util/Collection;Lorg/gradle/internal/Factory;)Ljava/lang/Object;+10
j  org.gradle.internal.work.DefaultWorkerLeaseService.withReplacedLocks(Ljava/util/Collection;Lorg/gradle/internal/resources/ResourceLock;Lorg/gradle/internal/Factory;)Ljava/lang/Object;+27
j  org.gradle.api.internal.project.DefaultProjectStateRegistry$ProjectStateImpl.runWithModelLock(Ljava/util/function/Supplier;)Ljava/lang/Object;+129
j  org.gradle.api.internal.project.DefaultProjectStateRegistry$ProjectStateImpl.fromMutableState(Ljava/util/function/Function;)Ljava/lang/Object;+8
j  org.gradle.api.internal.project.DefaultProjectStateRegistry$ProjectStateImpl.applyToMutableState(Ljava/util/function/Consumer;)V+7
j  org.gradle.configuration.project.LifecycleProjectEvaluator$EvaluateProject.run(Lorg/gradle/internal/operations/BuildOperationContext;)V+16
j  org.gradle.internal.operations.DefaultBuildOperationRunner$1.execute(Lorg/gradle/internal/operations/RunnableBuildOperation;Lorg/gradle/internal/operations/BuildOperationContext;)V+2
j  org.gradle.internal.operations.DefaultBuildOperationRunner$1.execute(Lorg/gradle/internal/operations/BuildOperation;Lorg/gradle/internal/operations/BuildOperationContext;)V+6
j  org.gradle.internal.operations.DefaultBuildOperationRunner$2.execute(Lorg/gradle/internal/operations/BuildOperationDescriptor;Lorg/gradle/internal/operations/BuildOperationState;Lorg/gradle/internal/operations/BuildOperationState;Lorg/gradle/internal/operations/DefaultBuildOperationRunner$ReadableBuildOperationContext;Lorg/gradle/internal/operations/DefaultBuildOperationRunner$BuildOperationExecutionListener;)Lorg/gradle/internal/operations/BuildOperation;+22
j  org.gradle.internal.operations.DefaultBuildOperationRunner$2.execute(Lorg/gradle/internal/operations/BuildOperationDescriptor;Lorg/gradle/internal/operations/BuildOperationState;Lorg/gradle/internal/operations/BuildOperationState;Lorg/gradle/internal/operations/DefaultBuildOperationRunner$ReadableBuildOperationContext;Lorg/gradle/internal/operations/DefaultBuildOperationRunner$BuildOperationExecutionListener;)Ljava/lang/Object;+8
j  org.gradle.internal.operations.DefaultBuildOperationRunner.execute(Lorg/gradle/internal/operations/BuildOperationDescriptor$Builder;Lorg/gradle/internal/operations/DefaultBuildOperationRunner$BuildOperationExecution;)Ljava/lang/Object;+141
j  org.gradle.internal.operations.DefaultBuildOperationRunner.execute(Lorg/gradle/internal/operations/BuildOperation;Lorg/gradle/internal/operations/BuildOperationWorker;)V+17
j  org.gradle.internal.operations.DefaultBuildOperationRunner.run(Lorg/gradle/internal/operations/RunnableBuildOperation;)V+5
j  org.gradle.configuration.project.LifecycleProjectEvaluator.evaluate(Lorg/gradle/api/internal/project/ProjectInternal;Lorg/gradle/api/internal/project/ProjectStateInternal;)V+42
j  org.gradle.api.internal.project.DefaultProject.evaluateUnchecked()Lorg/gradle/api/internal/project/ProjectInternal;+20
j  org.gradle.api.internal.project.ProjectLifecycleController.lambda$ensureSelfConfigured$2()V+4
j  org.gradle.api.internal.project.ProjectLifecycleController$$Lambda+0x00000205d2668000.run()V+4
j  org.gradle.internal.model.StateTransitionController.lambda$doTransition$15(Ljava/lang/Runnable;)Lorg/gradle/internal/build/ExecutionResult;+1
j  org.gradle.internal.model.StateTransitionController$$Lambda+0x00000205d2450718.get()Ljava/lang/Object;+4
j  org.gradle.internal.model.StateTransitionController.doTransition(Lorg/gradle/internal/model/StateTransitionController$State;Lorg/gradle/internal/model/StateTransitionController$State;Ljava/util/function/Supplier;)Lorg/gradle/internal/build/ExecutionResult;+24
j  org.gradle.internal.model.StateTransitionController.doTransition(Lorg/gradle/internal/model/StateTransitionController$State;Lorg/gradle/internal/model/StateTransitionController$State;Ljava/lang/Runnable;)V+9
j  org.gradle.internal.model.StateTransitionController.lambda$maybeTransitionIfNotCurrentlyTransitioning$11(Lorg/gradle/internal/model/StateTransitionController$State;Lorg/gradle/internal/model/StateTransitionController$State;Ljava/lang/Runnable;)V+16
j  org.gradle.internal.model.StateTransitionController$$Lambda+0x00000205d2668228.run()V+16
j  org.gradle.internal.work.DefaultSynchronizer.withLock(Ljava/lang/Runnable;)V+6
j  org.gradle.internal.model.StateTransitionController.maybeTransitionIfNotCurrentlyTransitioning(Lorg/gradle/internal/model/StateTransitionController$State;Lorg/gradle/internal/model/StateTransitionController$State;Ljava/lang/Runnable;)V+13
j  org.gradle.api.internal.project.ProjectLifecycleController.ensureSelfConfigured()V+16
j  org.gradle.api.internal.project.DefaultProjectStateRegistry$ProjectStateImpl.ensureConfigured()V+19
j  org.gradle.execution.TaskPathProjectEvaluator.configure(Lorg/gradle/api/internal/project/ProjectInternal;)V+6
j  org.gradle.execution.TaskPathProjectEvaluator.configureHierarchy(Lorg/gradle/api/internal/project/ProjectInternal;)V+2
j  org.gradle.configuration.DefaultProjectsPreparer.prepareProjects(Lorg/gradle/api/internal/GradleInternal;)V+52
j  org.gradle.configuration.BuildTreePreparingProjectsPreparer.prepareProjects(Lorg/gradle/api/internal/GradleInternal;)V+114
j  org.gradle.configuration.BuildOperationFiringProjectsPreparer$ConfigureBuild.run(Lorg/gradle/internal/operations/BuildOperationContext;)V+11
j  org.gradle.internal.operations.DefaultBuildOperationRunner$1.execute(Lorg/gradle/internal/operations/RunnableBuildOperation;Lorg/gradle/internal/operations/BuildOperationContext;)V+2
j  org.gradle.internal.operations.DefaultBuildOperationRunner$1.execute(Lorg/gradle/internal/operations/BuildOperation;Lorg/gradle/internal/operations/BuildOperationContext;)V+6
j  org.gradle.internal.operations.DefaultBuildOperationRunner$2.execute(Lorg/gradle/internal/operations/BuildOperationDescriptor;Lorg/gradle/internal/operations/BuildOperationState;Lorg/gradle/internal/operations/BuildOperationState;Lorg/gradle/internal/operations/DefaultBuildOperationRunner$ReadableBuildOperationContext;Lorg/gradle/internal/operations/DefaultBuildOperationRunner$BuildOperationExecutionListener;)Lorg/gradle/internal/operations/BuildOperation;+22
j  org.gradle.internal.operations.DefaultBuildOperationRunner$2.execute(Lorg/gradle/internal/operations/BuildOperationDescriptor;Lorg/gradle/internal/operations/BuildOperationState;Lorg/gradle/internal/operations/BuildOperationState;Lorg/gradle/internal/operations/DefaultBuildOperationRunner$ReadableBuildOperationContext;Lorg/gradle/internal/operations/DefaultBuildOperationRunner$BuildOperationExecutionListener;)Ljava/lang/Object;+8
j  org.gradle.internal.operations.DefaultBuildOperationRunner.execute(Lorg/gradle/internal/operations/BuildOperationDescriptor$Builder;Lorg/gradle/internal/operations/DefaultBuildOperationRunner$BuildOperationExecution;)Ljava/lang/Object;+141
j  org.gradle.internal.operations.DefaultBuildOperationRunner.execute(Lorg/gradle/internal/operations/BuildOperation;Lorg/gradle/internal/operations/BuildOperationWorker;)V+17
j  org.gradle.internal.operations.DefaultBuildOperationRunner.run(Lorg/gradle/internal/operations/RunnableBuildOperation;)V+5
j  org.gradle.configuration.BuildOperationFiringProjectsPreparer.prepareProjects(Lorg/gradle/api/internal/GradleInternal;)V+13
j  org.gradle.initialization.VintageBuildModelController.lambda$prepareProjects$2()V+8
j  org.gradle.initialization.VintageBuildModelController$$Lambda+0x00000205d262cb68.run()V+4
j  org.gradle.internal.model.StateTransitionController.lambda$doTransition$15(Ljava/lang/Runnable;)Lorg/gradle/internal/build/ExecutionResult;+1
j  org.gradle.internal.model.StateTransitionController$$Lambda+0x00000205d2450718.get()Ljava/lang/Object;+4
j  org.gradle.internal.model.StateTransitionController.doTransition(Lorg/gradle/internal/model/StateTransitionController$State;Lorg/gradle/internal/model/StateTransitionController$State;Ljava/util/function/Supplier;)Lorg/gradle/internal/build/ExecutionResult;+24
j  org.gradle.internal.model.StateTransitionController.doTransition(Lorg/gradle/internal/model/StateTransitionController$State;Lorg/gradle/internal/model/StateTransitionController$State;Ljava/lang/Runnable;)V+9
j  org.gradle.internal.model.StateTransitionController.lambda$transitionIfNotPreviously$12(Lorg/gradle/internal/model/StateTransitionController$State;Lorg/gradle/internal/model/StateTransitionController$State;Ljava/lang/Runnable;)V+16
j  org.gradle.internal.model.StateTransitionController$$Lambda+0x00000205d2450b68.run()V+16
j  org.gradle.internal.work.DefaultSynchronizer.withLock(Ljava/lang/Runnable;)V+6
j  org.gradle.internal.model.StateTransitionController.transitionIfNotPreviously(Lorg/gradle/internal/model/StateTransitionController$State;Lorg/gradle/internal/model/StateTransitionController$State;Ljava/lang/Runnable;)V+13
j  org.gradle.initialization.VintageBuildModelController.prepareProjects()V+16
j  org.gradle.initialization.VintageBuildModelController.prepareToScheduleTasks()V+5
j  org.gradle.internal.build.DefaultBuildLifecycleController.lambda$prepareToScheduleTasks$7()V+9
j  org.gradle.internal.build.DefaultBuildLifecycleController$$Lambda+0x00000205d24502c8.run()V+4
j  org.gradle.internal.model.StateTransitionController.lambda$doTransition$15(Ljava/lang/Runnable;)Lorg/gradle/internal/build/ExecutionResult;+1
j  org.gradle.internal.model.StateTransitionController$$Lambda+0x00000205d2450718.get()Ljava/lang/Object;+4
j  org.gradle.internal.model.StateTransitionController.doTransition(Lorg/gradle/internal/model/StateTransitionController$State;Lorg/gradle/internal/model/StateTransitionController$State;Ljava/util/function/Supplier;)Lorg/gradle/internal/build/ExecutionResult;+24
j  org.gradle.internal.model.StateTransitionController.doTransition(Lorg/gradle/internal/model/StateTransitionController$State;Lorg/gradle/internal/model/StateTransitionController$State;Ljava/lang/Runnable;)V+9
j  org.gradle.internal.model.StateTransitionController.lambda$maybeTransition$10(Lorg/gradle/internal/model/StateTransitionController$State;Lorg/gradle/internal/model/StateTransitionController$State;Ljava/lang/Runnable;)V+16
j  org.gradle.internal.model.StateTransitionController$$Lambda+0x00000205d24504f0.run()V+16
j  org.gradle.internal.work.DefaultSynchronizer.withLock(Ljava/lang/Runnable;)V+6
j  org.gradle.internal.model.StateTransitionController.maybeTransition(Lorg/gradle/internal/model/StateTransitionController$State;Lorg/gradle/internal/model/StateTransitionController$State;Ljava/lang/Runnable;)V+13
j  org.gradle.internal.build.DefaultBuildLifecycleController.prepareToScheduleTasks()V+16
j  org.gradle.internal.buildtree.DefaultBuildTreeWorkPreparer.scheduleRequestedTasks(Lorg/gradle/internal/buildtree/BuildTreeWorkGraph;Lorg/gradle/execution/EntryTaskSelector;)Lorg/gradle/internal/buildtree/BuildTreeWorkGraph$FinalizedGraph;+4
j  org.gradle.internal.cc.impl.barrier.BarrierAwareBuildTreeWorkPreparer.scheduleRequestedTasks$lambda$0(Lorg/gradle/internal/cc/impl/barrier/BarrierAwareBuildTreeWorkPreparer;Lorg/gradle/internal/buildtree/BuildTreeWorkGraph;Lorg/gradle/execution/EntryTaskSelector;)Lorg/gradle/internal/buildtree/BuildTreeWorkGraph$FinalizedGraph;+6
j  org.gradle.internal.cc.impl.barrier.BarrierAwareBuildTreeWorkPreparer$$Lambda+0x00000205d2449b90.invoke()Ljava/lang/Object;+12
j  org.gradle.internal.cc.impl.barrier.VintageConfigurationTimeActionRunner.runConfigurationTimeAction(Lkotlin/jvm/functions/Function0;)Ljava/lang/Object;+25
j  org.gradle.internal.cc.impl.barrier.BarrierAwareBuildTreeWorkPreparer.scheduleRequestedTasks(Lorg/gradle/internal/buildtree/BuildTreeWorkGraph;Lorg/gradle/execution/EntryTaskSelector;)Lorg/gradle/internal/buildtree/BuildTreeWorkGraph$FinalizedGraph;+18
j  org.gradle.internal.cc.impl.VintageBuildTreeWorkController$scheduleAndRunRequestedTasks$1$finalizedGraph$1.call()Lorg/gradle/internal/buildtree/BuildTreeWorkGraph$FinalizedGraph;+15
j  org.gradle.internal.cc.impl.VintageBuildTreeWorkController$scheduleAndRunRequestedTasks$1$finalizedGraph$1.call()Ljava/lang/Object;+1
j  org.gradle.internal.Try.ofFailable(Ljava/util/concurrent/Callable;)Lorg/gradle/internal/Try;+1
j  org.gradle.internal.cc.impl.VintageBuildTreeWorkController$scheduleAndRunRequestedTasks$1.apply(Lorg/gradle/internal/buildtree/BuildTreeWorkGraph;)Lorg/gradle/internal/buildtree/BuildTreeWorkController$TaskRunResult;+25
j  org.gradle.internal.cc.impl.VintageBuildTreeWorkController$scheduleAndRunRequestedTasks$1.apply(Ljava/lang/Object;)Ljava/lang/Object;+5
j  org.gradle.composite.internal.DefaultIncludedBuildTaskGraph.withNewWorkGraph(Ljava/util/function/Function;)Ljava/lang/Object;+30
j  org.gradle.internal.cc.impl.VintageBuildTreeWorkController.scheduleAndRunRequestedTasks(Lorg/gradle/execution/EntryTaskSelector;)Lorg/gradle/internal/buildtree/BuildTreeWorkController$TaskRunResult;+16
j  org.gradle.internal.buildtree.DefaultBuildTreeLifecycleController.lambda$scheduleAndRunTasks$1(Lorg/gradle/execution/EntryTaskSelector;)Lorg/gradle/internal/build/ExecutionResult;+5
j  org.gradle.internal.buildtree.DefaultBuildTreeLifecycleController$$Lambda+0x00000205d244af98.get()Ljava/lang/Object;+8
j  org.gradle.internal.buildtree.DefaultBuildTreeLifecycleController.lambda$runBuild$5(Ljava/util/function/Supplier;)Ljava/lang/Object;+1
j  org.gradle.internal.buildtree.DefaultBuildTreeLifecycleController$$Lambda+0x00000205d244b1c0.get()Ljava/lang/Object;+8
j  org.gradle.internal.model.StateTransitionController.lambda$transition$7(Ljava/util/function/Supplier;)Lorg/gradle/internal/build/ExecutionResult;+1
j  org.gradle.internal.model.StateTransitionController$$Lambda+0x00000205d244b610.get()Ljava/lang/Object;+4
j  org.gradle.internal.model.StateTransitionController.doTransition(Lorg/gradle/internal/model/StateTransitionController$State;Lorg/gradle/internal/model/StateTransitionController$State;Ljava/util/function/Supplier;)Lorg/gradle/internal/build/ExecutionResult;+24
j  org.gradle.internal.model.StateTransitionController.lambda$transition$8(Lorg/gradle/internal/model/StateTransitionController$State;Lorg/gradle/internal/model/StateTransitionController$State;Ljava/util/function/Supplier;)Ljava/lang/Object;+9
j  org.gradle.internal.model.StateTransitionController$$Lambda+0x00000205d244b3e8.create()Ljava/lang/Object;+16
j  org.gradle.internal.work.DefaultSynchronizer.withLock(Lorg/gradle/internal/Factory;)Ljava/lang/Object;+6
j  org.gradle.internal.model.StateTransitionController.transition(Lorg/gradle/internal/model/StateTransitionController$State;Lorg/gradle/internal/model/StateTransitionController$State;Ljava/util/function/Supplier;)Ljava/lang/Object;+13
j  org.gradle.internal.buildtree.DefaultBuildTreeLifecycleController.runBuild(Ljava/util/function/Supplier;)Ljava/lang/Object;+17
j  org.gradle.internal.buildtree.DefaultBuildTreeLifecycleController.scheduleAndRunTasks(Lorg/gradle/execution/EntryTaskSelector;)V+8
j  org.gradle.internal.buildtree.DefaultBuildTreeLifecycleController.scheduleAndRunTasks()V+2
j  org.gradle.tooling.internal.provider.runner.BuildModelActionRunner.run(Lorg/gradle/internal/invocation/BuildAction;Lorg/gradle/internal/buildtree/BuildTreeLifecycleController;)Lorg/gradle/internal/buildtree/BuildActionRunner$Result;+71
j  org.gradle.launcher.exec.ChainingBuildActionRunner.run(Lorg/gradle/internal/invocation/BuildAction;Lorg/gradle/internal/buildtree/BuildTreeLifecycleController;)Lorg/gradle/internal/buildtree/BuildActionRunner$Result;+34
j  org.gradle.internal.buildtree.ProblemReportingBuildActionRunner.run(Lorg/gradle/internal/invocation/BuildAction;Lorg/gradle/internal/buildtree/BuildTreeLifecycleController;)Lorg/gradle/internal/buildtree/BuildActionRunner$Result;+12
j  org.gradle.launcher.exec.BuildOutcomeReportingBuildActionRunner.run(Lorg/gradle/internal/invocation/BuildAction;Lorg/gradle/internal/buildtree/BuildTreeLifecycleController;)Lorg/gradle/internal/buildtree/BuildActionRunner$Result;+69
j  org.gradle.tooling.internal.provider.FileSystemWatchingBuildActionRunner.run(Lorg/gradle/internal/invocation/BuildAction;Lorg/gradle/internal/buildtree/BuildTreeLifecycleController;)Lorg/gradle/internal/buildtree/BuildActionRunner$Result;+317
j  org.gradle.launcher.exec.BuildCompletionNotifyingBuildActionRunner.run(Lorg/gradle/internal/invocation/BuildAction;Lorg/gradle/internal/buildtree/BuildTreeLifecycleController;)Lorg/gradle/internal/buildtree/BuildActionRunner$Result;+6
j  org.gradle.launcher.exec.RootBuildLifecycleBuildActionExecutor.lambda$execute$0(Lorg/gradle/internal/invocation/BuildAction;Lorg/gradle/internal/buildtree/BuildTreeLifecycleController;)Lorg/gradle/internal/buildtree/BuildActionRunner$Result;+6
j  org.gradle.launcher.exec.RootBuildLifecycleBuildActionExecutor$$Lambda+0x00000205d2436cb0.apply(Ljava/lang/Object;)Ljava/lang/Object;+12
j  org.gradle.composite.internal.DefaultRootBuildState.run(Ljava/util/function/Function;)Ljava/lang/Object;+92
j  org.gradle.launcher.exec.RootBuildLifecycleBuildActionExecutor.execute(Lorg/gradle/internal/invocation/BuildAction;)Lorg/gradle/internal/buildtree/BuildActionRunner$Result;+91
j  org.gradle.launcher.exec.BuildTreeLifecycleBuildActionExecutor.runRootBuildAction(Lorg/gradle/internal/invocation/BuildAction;Lorg/gradle/internal/service/ServiceRegistry;Lorg/gradle/internal/buildtree/BuildActionModelRequirements;Lorg/gradle/internal/buildtree/BuildModelParameters;)Lorg/gradle/internal/buildtree/BuildActionRunner$Result;+42
j  org.gradle.launcher.exec.BuildTreeLifecycleBuildActionExecutor.execute(Lorg/gradle/internal/invocation/BuildAction;Lorg/gradle/internal/session/BuildSessionContext;)Lorg/gradle/internal/buildtree/BuildActionRunner$Result;+50
j  org.gradle.launcher.exec.RunAsBuildOperationBuildActionExecutor$2.call(Lorg/gradle/internal/operations/BuildOperationContext;)Lorg/gradle/internal/buildtree/BuildActionRunner$Result;+25
j  org.gradle.launcher.exec.RunAsBuildOperationBuildActionExecutor$2.call(Lorg/gradle/internal/operations/BuildOperationContext;)Ljava/lang/Object;+2
j  org.gradle.internal.operations.DefaultBuildOperationRunner$CallableBuildOperationWorker.execute(Lorg/gradle/internal/operations/CallableBuildOperation;Lorg/gradle/internal/operations/BuildOperationContext;)V+3
j  org.gradle.internal.operations.DefaultBuildOperationRunner$CallableBuildOperationWorker.execute(Lorg/gradle/internal/operations/BuildOperation;Lorg/gradle/internal/operations/BuildOperationContext;)V+6
j  org.gradle.internal.operations.DefaultBuildOperationRunner$2.execute(Lorg/gradle/internal/operations/BuildOperationDescriptor;Lorg/gradle/internal/operations/BuildOperationState;Lorg/gradle/internal/operations/BuildOperationState;Lorg/gradle/internal/operations/DefaultBuildOperationRunner$ReadableBuildOperationContext;Lorg/gradle/internal/operations/DefaultBuildOperationRunner$BuildOperationExecutionListener;)Lorg/gradle/internal/operations/BuildOperation;+22
j  org.gradle.internal.operations.DefaultBuildOperationRunner$2.execute(Lorg/gradle/internal/operations/BuildOperationDescriptor;Lorg/gradle/internal/operations/BuildOperationState;Lorg/gradle/internal/operations/BuildOperationState;Lorg/gradle/internal/operations/DefaultBuildOperationRunner$ReadableBuildOperationContext;Lorg/gradle/internal/operations/DefaultBuildOperationRunner$BuildOperationExecutionListener;)Ljava/lang/Object;+8
j  org.gradle.internal.operations.DefaultBuildOperationRunner.execute(Lorg/gradle/internal/operations/BuildOperationDescriptor$Builder;Lorg/gradle/internal/operations/DefaultBuildOperationRunner$BuildOperationExecution;)Ljava/lang/Object;+141
j  org.gradle.internal.operations.DefaultBuildOperationRunner.execute(Lorg/gradle/internal/operations/BuildOperation;Lorg/gradle/internal/operations/BuildOperationWorker;)V+17
j  org.gradle.internal.operations.DefaultBuildOperationRunner.call(Lorg/gradle/internal/operations/CallableBuildOperation;)Ljava/lang/Object;+12
j  org.gradle.launcher.exec.RunAsBuildOperationBuildActionExecutor.execute(Lorg/gradle/internal/invocation/BuildAction;Lorg/gradle/internal/session/BuildSessionContext;)Lorg/gradle/internal/buildtree/BuildActionRunner$Result;+23
j  org.gradle.launcher.exec.RunAsWorkerThreadBuildActionExecutor.lambda$execute$0(Lorg/gradle/internal/invocation/BuildAction;Lorg/gradle/internal/session/BuildSessionContext;)Lorg/gradle/internal/buildtree/BuildActionRunner$Result;+6
j  org.gradle.launcher.exec.RunAsWorkerThreadBuildActionExecutor$$Lambda+0x00000205d2294e08.create()Ljava/lang/Object;+12
j  org.gradle.internal.work.DefaultWorkerLeaseService.lambda$runAndReleaseLocks$0(Lorg/gradle/internal/Factory;Ljava/util/Collection;)Ljava/lang/Object;+1
j  org.gradle.internal.work.DefaultWorkerLeaseService$$Lambda+0x00000205d22969e8.create()Ljava/lang/Object;+12
j  org.gradle.internal.work.ResourceLockStatistics$1.measure(Ljava/lang/String;Ljava/lang/Iterable;Lorg/gradle/internal/Factory;)Ljava/lang/Object;+1
j  org.gradle.internal.work.DefaultWorkerLeaseService.runAndReleaseLocks(Ljava/util/Collection;Lorg/gradle/internal/Factory;)Ljava/lang/Object;+16
j  org.gradle.internal.work.DefaultWorkerLeaseService.withLocksAcquired(Ljava/util/Collection;Lorg/gradle/internal/Factory;)Ljava/lang/Object;+8
j  org.gradle.internal.work.DefaultWorkerLeaseService.withLocks(Ljava/util/Collection;Lorg/gradle/internal/Factory;)Ljava/lang/Object;+25
j  org.gradle.internal.work.DefaultWorkerLeaseService.runAsWorkerThread(Lorg/gradle/internal/Factory;)Ljava/lang/Object;+33
j  org.gradle.launcher.exec.RunAsWorkerThreadBuildActionExecutor.execute(Lorg/gradle/internal/invocation/BuildAction;Lorg/gradle/internal/session/BuildSessionContext;)Lorg/gradle/internal/buildtree/BuildActionRunner$Result;+12
j  org.gradle.tooling.internal.provider.continuous.ContinuousBuildActionExecutor.execute(Lorg/gradle/internal/invocation/BuildAction;Lorg/gradle/internal/session/BuildSessionContext;)Lorg/gradle/internal/buildtree/BuildActionRunner$Result;+58
j  org.gradle.tooling.internal.provider.SubscribableBuildActionExecutor.execute(Lorg/gradle/internal/invocation/BuildAction;Lorg/gradle/internal/session/BuildSessionContext;)Lorg/gradle/internal/buildtree/BuildActionRunner$Result;+30
j  org.gradle.internal.session.DefaultBuildSessionContext.execute(Lorg/gradle/internal/invocation/BuildAction;)Lorg/gradle/internal/buildtree/BuildActionRunner$Result;+64
j  org.gradle.internal.buildprocess.execution.BuildSessionLifecycleBuildActionExecutor$ActionImpl.apply(Lorg/gradle/internal/session/BuildSessionContext;)Lorg/gradle/launcher/exec/BuildActionResult;+6
j  org.gradle.internal.buildprocess.execution.BuildSessionLifecycleBuildActionExecutor$ActionImpl.apply(Ljava/lang/Object;)Ljava/lang/Object;+5
j  org.gradle.internal.session.BuildSessionState.run(Ljava/util/function/Function;)Ljava/lang/Object;+5
j  org.gradle.internal.buildprocess.execution.BuildSessionLifecycleBuildActionExecutor.execute(Lorg/gradle/internal/invocation/BuildAction;Lorg/gradle/launcher/exec/BuildActionParameters;Lorg/gradle/initialization/BuildRequestContext;)Lorg/gradle/launcher/exec/BuildActionResult;+105
j  org.gradle.internal.buildprocess.execution.BuildSessionLifecycleBuildActionExecutor.execute(Lorg/gradle/internal/invocation/BuildAction;Ljava/lang/Object;Ljava/lang/Object;)Lorg/gradle/launcher/exec/BuildActionResult;+10
j  org.gradle.internal.buildprocess.execution.StartParamsValidatingActionExecutor.execute(Lorg/gradle/internal/invocation/BuildAction;Lorg/gradle/launcher/exec/BuildActionParameters;Lorg/gradle/initialization/BuildRequestContext;)Lorg/gradle/launcher/exec/BuildActionResult;+142
j  org.gradle.internal.buildprocess.execution.StartParamsValidatingActionExecutor.execute(Lorg/gradle/internal/invocation/BuildAction;Ljava/lang/Object;Ljava/lang/Object;)Lorg/gradle/launcher/exec/BuildActionResult;+10
j  org.gradle.internal.buildprocess.execution.SessionFailureReportingActionExecutor.execute(Lorg/gradle/internal/invocation/BuildAction;Lorg/gradle/launcher/exec/BuildActionParameters;Lorg/gradle/initialization/BuildRequestContext;)Lorg/gradle/launcher/exec/BuildActionResult;+7
j  org.gradle.internal.buildprocess.execution.SessionFailureReportingActionExecutor.execute(Lorg/gradle/internal/invocation/BuildAction;Ljava/lang/Object;Ljava/lang/Object;)Lorg/gradle/launcher/exec/BuildActionResult;+10
j  org.gradle.internal.buildprocess.execution.SetupLoggingActionExecutor.execute(Lorg/gradle/internal/invocation/BuildAction;Lorg/gradle/launcher/exec/BuildActionParameters;Lorg/gradle/initialization/BuildRequestContext;)Lorg/gradle/launcher/exec/BuildActionResult;+50
j  org.gradle.internal.buildprocess.execution.SetupLoggingActionExecutor.execute(Lorg/gradle/internal/invocation/BuildAction;Ljava/lang/Object;Ljava/lang/Object;)Lorg/gradle/launcher/exec/BuildActionResult;+10
j  org.gradle.launcher.daemon.server.exec.ExecuteBuild.doBuild(Lorg/gradle/launcher/daemon/server/api/DaemonCommandExecution;Lorg/gradle/launcher/daemon/protocol/Build;)V+147
j  org.gradle.launcher.daemon.server.exec.BuildCommandOnly.execute(Lorg/gradle/launcher/daemon/server/api/DaemonCommandExecution;)V+49
j  org.gradle.launcher.daemon.server.api.DaemonCommandExecution.proceed()Z+23
j  org.gradle.launcher.daemon.server.exec.WatchForDisconnection.execute(Lorg/gradle/launcher/daemon/server/api/DaemonCommandExecution;)V+19
j  org.gradle.launcher.daemon.server.api.DaemonCommandExecution.proceed()Z+23
j  org.gradle.launcher.daemon.server.exec.ResetDeprecationLogger.execute(Lorg/gradle/launcher/daemon/server/api/DaemonCommandExecution;)V+7
j  org.gradle.launcher.daemon.server.api.DaemonCommandExecution.proceed()Z+23
j  org.gradle.launcher.daemon.server.exec.RequestStopIfSingleUsedDaemon.execute(Lorg/gradle/launcher/daemon/server/api/DaemonCommandExecution;)V+33
j  org.gradle.launcher.daemon.server.api.DaemonCommandExecution.proceed()Z+23
j  org.gradle.launcher.daemon.server.exec.ForwardClientInput.lambda$execute$0(Lorg/gradle/launcher/daemon/server/api/DaemonCommandExecution;Lorg/gradle/internal/daemon/clientinput/StdinHandler;)Ljava/lang/Object;+11
j  org.gradle.launcher.daemon.server.exec.ForwardClientInput$$Lambda+0x00000205d2195270.apply(Ljava/lang/Object;)Ljava/lang/Object;+8
j  org.gradle.internal.daemon.clientinput.ClientInputForwarder.forwardInput(Ljava/util/function/Function;)Ljava/lang/Object;+46
j  org.gradle.launcher.daemon.server.exec.ForwardClientInput.execute(Lorg/gradle/launcher/daemon/server/api/DaemonCommandExecution;)V+10
j  org.gradle.launcher.daemon.server.api.DaemonCommandExecution.proceed()Z+23
j  org.gradle.launcher.daemon.server.exec.LogAndCheckHealth.execute(Lorg/gradle/launcher/daemon/server/api/DaemonCommandExecution;)V+51
j  org.gradle.launcher.daemon.server.api.DaemonCommandExecution.proceed()Z+23
j  org.gradle.launcher.daemon.server.exec.LogToClient.doBuild(Lorg/gradle/launcher/daemon/server/api/DaemonCommandExecution;Lorg/gradle/launcher/daemon/protocol/Build;)V+87
j  org.gradle.launcher.daemon.server.exec.BuildCommandOnly.execute(Lorg/gradle/launcher/daemon/server/api/DaemonCommandExecution;)V+49
j  org.gradle.launcher.daemon.server.api.DaemonCommandExecution.proceed()Z+23
j  org.gradle.launcher.daemon.server.exec.EstablishBuildEnvironment.doBuild(Lorg/gradle/launcher/daemon/server/api/DaemonCommandExecution;Lorg/gradle/launcher/daemon/protocol/Build;)V+356
j  org.gradle.launcher.daemon.server.exec.BuildCommandOnly.execute(Lorg/gradle/launcher/daemon/server/api/DaemonCommandExecution;)V+49
j  org.gradle.launcher.daemon.server.api.DaemonCommandExecution.proceed()Z+23
j  org.gradle.launcher.daemon.server.exec.StartBuildOrRespondWithBusy$1.run()V+44
j  org.gradle.launcher.daemon.server.DaemonStateCoordinator.lambda$runCommand$0(Ljava/lang/Runnable;)V+1
j  org.gradle.launcher.daemon.server.DaemonStateCoordinator$$Lambda+0x00000205d2193e00.run()V+8
j  org.gradle.internal.concurrent.ExecutorPolicy$CatchAndRecordFailures.onExecute(Ljava/lang/Runnable;)V+1
j  org.gradle.internal.concurrent.AbstractManagedExecutor$1.run()V+25
j  java.util.concurrent.ThreadPoolExecutor.runWorker(Ljava/util/concurrent/ThreadPoolExecutor$Worker;)V+92 java.base@21.0.12.1
j  java.util.concurrent.ThreadPoolExecutor$Worker.run()V+5 java.base@21.0.12.1
j  java.lang.Thread.runWith(Ljava/lang/Object;Ljava/lang/Runnable;)V+5 java.base@21.0.12.1
j  java.lang.Thread.run()V+19 java.base@21.0.12.1
v  ~StubRoutines::call_stub 0x00000205c509100d

Compiled method (n/a) 572298  697     n 0       java.lang.Throwable::fillInStackTrace (native)
 total in heap  [0x00000205c5676e90,0x00000205c56773a0] = 1296
 relocation     [0x00000205c5676ff0,0x00000205c5677028] = 56
 main code      [0x00000205c5677040,0x00000205c567739f] = 863
 stub code      [0x00000205c567739f,0x00000205c56773a0] = 1

[Constant Pool (empty)]

[MachCode]
[Entry Point]
  # {method} {0x00000205d145e700} 'fillInStackTrace' '(I)Ljava/lang/Throwable;' in 'java/lang/Throwable'
  # this:     rdx:rdx   = 'java/lang/Throwable'
  # parm0:    r8        = int
  #           [sp+0x70]  (sp of caller)
  0x00000205c5677040: 448b 5208 | 49bb 0000 | 00d1 0502 | 0000 4d03 | d349 3bc2 | 0f84 0600 

  0x00000205c5677058: ;   {runtime_call ic_miss_stub}
  0x00000205c5677058: 0000 e921 | 77a6 ff90 
[Verified Entry Point]
  0x00000205c5677060: 8984 2400 | 80ff ff55 | 488b ec48 | 83ec 6090 | 4181 7f20 | 0500 0000 

  0x00000205c5677078: ;   {runtime_call StubRoutines (final stubs)}
  0x00000205c5677078: 7405 e821 | f4a4 ff48 | 8954 2420 | 4883 fa00 | 488d 5424 | 2048 0f44 | 5424 20c5 

  0x00000205c5677094: ;   {internal_word}
  0x00000205c5677094: f877 49ba | 9370 67c5 | 0502 0000 | 4d89 97a8 | 0300 0049 | 89a7 a003 

  0x00000205c56770ac: ;   {external_word}
  0x00000205c56770ac: 0000 49ba | 066d 3d28 | f97f 0000 | 4180 3a00 | 0f84 4a00 | 0000 5241 

  0x00000205c56770c4: ;   {metadata({method} {0x00000205d145e700} 'fillInStackTrace' '(I)Ljava/lang/Throwable;' in 'java/lang/Throwable')}
  0x00000205c56770c4: 5048 baf8 | e645 d105 | 0200 0049 | 8bcf 4883 | ec20 40f6 | c40f 0f84 | 1900 0000 | 4883 ec08 
  0x00000205c56770e4: ;   {runtime_call}
  0x00000205c56770e4: 48b8 e0ea | e627 f97f | 0000 ffd0 | 4883 c408 | e90c 0000 

  0x00000205c56770f8: ;   {runtime_call}
  0x00000205c56770f8: 0048 b8e0 | eae6 27f9 | 7f00 00ff | d048 83c4 | 2041 585a | 498d 8fc0 | 0300 0041 | c787 4c04 
  0x00000205c5677118: 0000 0400 

  0x00000205c567711c: ;   {runtime_call}
  0x00000205c567711c: 0000 48b8 | cc6f e647 | f97f 0000 | ffd0 c5f8 | 7741 c787 | 4c04 0000 | 0500 0000 | f083 4424 
  0x00000205c567713c: c000 493b | af50 0400 | 000f 870e | 0000 0041 | 83bf 4804 | 0000 000f | 842b 0000 | 00c5 f877 
  0x00000205c567715c: 4889 45f8 | 498b cf4c | 8be4 4883 | ec20 4883 

  0x00000205c567716c: ;   {runtime_call}
  0x00000205c567716c: e4f0 48b8 | 0058 b227 | f97f 0000 | ffd0 498b | e44d 33e4 | 488b 45f8 | 41c7 874c | 0400 0008 
  0x00000205c567718c: 0000 0041 | 83bf c804 | 0000 020f | 84d5 0100 

  0x00000205c567719c: ;   {external_word}
  0x00000205c567719c: 0049 ba06 | 6d3d 28f9 | 7f00 0041 | 803a 000f | 844c 0000 | 0048 8945 

  0x00000205c56771b4: ;   {metadata({method} {0x00000205d145e700} 'fillInStackTrace' '(I)Ljava/lang/Throwable;' in 'java/lang/Throwable')}
  0x00000205c56771b4: f848 baf8 | e645 d105 | 0200 0049 | 8bcf 4883 | ec20 40f6 | c40f 0f84 | 1900 0000 | 4883 ec08 
  0x00000205c56771d4: ;   {runtime_call}
  0x00000205c56771d4: 48b8 e0ea | e627 f97f | 0000 ffd0 | 4883 c408 | e90c 0000 

  0x00000205c56771e8: ;   {runtime_call}
  0x00000205c56771e8: 0048 b8e0 | eae6 27f9 | 7f00 00ff | d048 83c4 | 2048 8b45 | f849 c787 | a003 0000 | 0000 0000 
  0x00000205c5677208: 49c7 87a8 | 0300 0000 | 0000 00c5 | f877 4885 | c00f 8430 | 0100 00a8 | 030f 8508 | 0000 0048 
  0x00000205c5677228: 8b00 e920 | 0100 00a8 | 010f 8509 | 0000 0048 | 8b40 fee9 | 0f01 0000 | 488b 40ff | 4180 7f40 
  0x00000205c5677248: 000f 8400 | 0100 0048 | 83f8 000f | 84f6 0000 | 0049 8b4f | 2848 83f9 | 000f 8414 | 0000 0048 
  0x00000205c5677268: 83e9 0849 | 894f 2849 | 034f 3848 | 8901 e9d4 | 0000 0048 | 83ec 7048 | 8904 2448 | 894c 2408 
  0x00000205c5677288: 4889 5424 | 104c 8944 | 2418 4c89 | 4c24 204c | 8954 2428 | 4c89 5c24 | 30c5 fb11 | 4424 40c5 
  0x00000205c56772a8: fb11 4c24 | 48c5 fb11 | 5424 50c5 | fb11 5c24 | 58c5 fb11 | 6424 60c5 | fb11 6c24 | 6849 8bd7 
  0x00000205c56772c8: 488b c848 | 83ec 2040 | f6c4 0f0f | 8419 0000 | 0048 83ec 

  0x00000205c56772dc: ;   {runtime_call}
  0x00000205c56772dc: 0848 b820 | a4a5 27f9 | 7f00 00ff | d048 83c4 | 08e9 0c00 

  0x00000205c56772f0: ;   {runtime_call}
  0x00000205c56772f0: 0000 48b8 | 20a4 a527 | f97f 0000 | ffd0 4883 | c420 c5fb | 106c 2468 | c5fb 1064 | 2460 c5fb 
  0x00000205c5677310: 105c 2458 | c5fb 1054 | 2450 c5fb | 104c 2448 | c5fb 1044 | 2440 4c8b | 5c24 304c | 8b54 2428 
  0x00000205c5677330: 4c8b 4c24 | 204c 8b44 | 2418 488b | 5424 1048 | 8b4c 2408 | 488b 0424 | 4883 c470 | c5f8 7749 
  0x00000205c5677350: 8b8f 3004 | 0000 c781 | 0001 0000 | 0000 0000 | c949 837f | 0800 0f85 | 0100 0000 

  0x00000205c567736c: ;   {runtime_call StubRoutines (initial stubs)}
  0x00000205c567736c: c3e9 8e9b | a1ff c5f8 | 7748 8945 | f84c 8be4 | 4883 ec20 | 4883 e4f0 

  0x00000205c5677384: ;   {runtime_call}
  0x00000205c5677384: 48b8 3022 | e727 f97f | 0000 ffd0 | 498b e44d | 33e4 488b | 45f8 e9fe | fdff fff4 
[/MachCode]


Compiled method (c2) 572837 3151       4       java.lang.ClassNotFoundException::<init> (7 bytes)
 total in heap  [0x00000205c57a7e90,0x00000205c57a88d0] = 2624
 relocation     [0x00000205c57a7ff0,0x00000205c57a8048] = 88
 main code      [0x00000205c57a8060,0x00000205c57a8798] = 1848
 stub code      [0x00000205c57a8798,0x00000205c57a87c0] = 40
 oops           [0x00000205c57a87c0,0x00000205c57a87d0] = 16
 metadata       [0x00000205c57a87d0,0x00000205c57a8808] = 56
 scopes data    [0x00000205c57a8808,0x00000205c57a8860] = 88
 scopes pcs     [0x00000205c57a8860,0x00000205c57a88b0] = 80
 dependencies   [0x00000205c57a88b0,0x00000205c57a88b8] = 8
 handler table  [0x00000205c57a88b8,0x00000205c57a88d0] = 24

[Constant Pool (empty)]

[MachCode]
[Entry Point]
  # {method} {0x00000205d10698f8} '<init>' '(Ljava/lang/String;)V' in 'java/lang/ClassNotFoundException'
  # this:     rdx:rdx   = 'java/lang/ClassNotFoundException'
  # parm0:    r8:r8     = 'java/lang/String'
  #           [sp+0x60]  (sp of caller)
  0x00000205c57a8060: 448b 5208 | 49bb 0000 | 00d1 0502 | 0000 4d03 | d349 3bc2 

  0x00000205c57a8074: ;   {runtime_call ic_miss_stub}
  0x00000205c57a8074: 0f85 0667 | 93ff 6690 | 0f1f 4000 
[Verified Entry Point]
  0x00000205c57a8080: 8984 2400 | 80ff ff55 | 4883 ec50 | 4181 7f20 | 0500 0000 | 0f85 f306 | 0000 4c89 | 4424 2041 
  0x00000205c57a80a0: 807f 4000 | 0f85 d602 | 0000 488b | fa41 807f | 4000 0f85 | 9502 0000 

  0x00000205c57a80b8: ;   {oop(a 'java/lang/StackTraceElement'[0] {0x00000000e0a0c200})}
  0x00000205c57a80b8: c747 1c00 | c2a0 e04c | 8bd7 4489 | 5718 4c8b 

  0x00000205c57a80c8: ;   {oop(a 'java/util/Collections$EmptyList'{0x00000000e0a0c1f0})}
  0x00000205c57a80c8: d748 bbf0 | c1a0 e000 

  0x00000205c57a80d0: ;   {oop(a 'java/lang/StackTraceElement'[0] {0x00000000e0a0c200})}
  0x00000205c57a80d0: 0000 0048 | bd00 c2a0 | e000 0000 | 004c 8bdd | 4d33 da49 | c1eb 144d | 85db 741a | 49c1 ea09 
  0x00000205c57a80f0: 48b9 0000 | abcc 0502 | 0000 4903 | ca80 3902 | 0f85 9c03 | 0000 4180 | 7f40 000f | 8509 0200 
  0x00000205c57a8110: ;   {oop(a 'java/util/Collections$EmptyList'{0x00000000e0a0c1f0})}
  0x00000205c57a8110: 00c7 4720 | f0c1 a0e0 | 4c8b d34c | 8bdf 4d33 | d349 c1ea | 144d 85d2 | 741a 49c1 | eb09 48b9 
  0x00000205c57a8130: 0000 abcc | 0502 0000 | 4903 cb80 | 3902 0f85 | 1003 0000 | 488d 5c24 | 4048 8b07 | a802 0f85 
  0x00000205c57a8150: 2300 0000 | 4883 c801 | 4889 03f0 | 480f b11f | 0f84 3700 | 0000 482b | c448 2507 | f0ff ff48 
  0x00000205c57a8170: 8903 e924 | 0000 004c | 8bd0 4833 | c0f0 4d0f | b17a 3e48 | c703 0300 | 0000 7411 | 4c3b f875 
  0x00000205c57a8190: 1549 ff82 | 8600 0000 | 4833 c075 | 0949 ff87 | 5005 0000 | 33c0 0f85 | e403 0000 | 448b 571c 
  0x00000205c57a81b0: 4585 d20f | 84d0 0400 | 0048 897c | 2428 4533 | c048 8bd7 

  0x00000205c57a81c4: ;   {optimized virtual_call}
  0x00000205c57a81c4: 6666 90e8 

  0x00000205c57a81c8: ; ImmutableOopMap {rbp=Oop [32]=Oop [40]=Oop }
                      ;*invokevirtual fillInStackTrace {reexecute=0 rethrow=0 return_oop=1}
                      ; - java.lang.Throwable::fillInStackTrace@16
                      ; - java.lang.Throwable::<init>@24
                      ; - java.lang.Exception::<init>@3
                      ; - java.lang.ReflectiveOperationException::<init>@3
                      ; - java.lang.ClassNotFoundException::<init>@3
  0x00000205c57a81c8: 94ee ecff 

  0x00000205c57a81cc: ;   {other}
  0x00000205c57a81cc: 0f1f 8400 | 3c03 0000 | 4180 7f40 | 000f 850a | 0200 0048 | 8b5c 2428 

  0x00000205c57a81e4: ;   {oop(a 'java/lang/StackTraceElement'[0] {0x00000000e0a0c200})}
  0x00000205c57a81e4: c743 1c00 | c2a0 e04c | 8bd5 4c8b | db4d 33d3 | 49c1 ea14 | 4d85 d274 | 1a49 c1eb | 0948 b900 
  0x00000205c57a8204: 00ab cc05 | 0200 0049 | 03cb 8039 | 020f 85d9 | 0200 0048 | 8d44 2440 | 4883 3800 | 0f84 7900 
  0x00000205c57a8224: 0000 4c8b | 1341 f6c2 | 020f 8462 | 0000 0049 | 83ba 8600 | 0000 0074 | 0949 ff8a | 8600 0000 
  0x00000205c57a8244: eb4b 498b | 8296 0000 | 0049 0b82 | 8e00 0000 | 750a 49c7 | 423e 0000 | 0000 eb3d | 4983 ba9e 
  0x00000205c57a8264: 0000 0000 | 7422 4833 | c049 c742 | 3e00 0000 | 00f0 8304 | 2400 4983 | ba9e 0000 | 0000 750d 
  0x00000205c57a8284: f04d 0fb1 | 7a3e 7505 | 83c8 01eb | 0ca8 00eb | 084c 8b10 | f04c 0fb1 | 1375 0a49 | ff8f 5005 
  0x00000205c57a82a4: 0000 4533 | d20f 8507 | 0300 0041 | 807f 4000 | 0f85 fc00 | 0000 4c8b | d34c 8b44 | 2420 4d8b 
  0x00000205c57a82c4: d844 895b | 144d 8bd8 | 4d33 da49 | c1eb 144d | 85db 7420 | 4d85 c074 | 1b49 c1ea 

  0x00000205c57a82e0: ;   {no_reloc}
  0x00000205c57a82e0: 0949 b800 | 00ab cc05 | 0200 004d | 03c2 4180 | 3802 0f85 | 4602 0000 | 4180 7f40 | 000f 851e 
  0x00000205c57a8300: 0100 0044 | 8963 1848 | 83c4 505d 

  0x00000205c57a830c: ;   {poll_return}
  0x00000205c57a830c: 493b a750 | 0400 000f | 875e 0400 | 00c3 448b | 5f20 4585 | db0f 84ea | fdff ff4d | 8b57 2849 
  0x00000205c57a832c: 8bcb 4d85 | d20f 84de | 0200 004d | 8b5f 384b | 894c 13f8 | 4983 c2f8 | 4d89 5728 | e9c4 fdff 
  0x00000205c57a834c: ff44 8b5f | 1c45 85db | 0f84 5efd | ffff 4d8b | 5728 498b | cb4d 85d2 | 0f84 7102 | 0000 4d8b 
  0x00000205c57a836c: 5f38 4b89 | 4c13 f849 | 83c2 f84d | 8957 28e9 | 38fd ffff | 488b fa44 | 8b5a 1845 | 85db 0f84 
  0x00000205c57a838c: 1dfd ffff | 4d8b 5728 | 498b cb4d | 85d2 0f84 | 5802 0000 | 4d8b 5f38 | 4b89 4c13 | f849 83c2 
  0x00000205c57a83ac: f84d 8957 | 28e9 f7fc | ffff 448b | 5b14 4585 | db0f 84f7 | feff ff4d | 8b57 2849 | 8bcb 4d85 
  0x00000205c57a83cc: d20f 8499 | 0200 004d | 8b5f 384b | 894c 13f8 | 4983 c2f8 | 4d89 5728 | e9d1 feff | ff48 8b5c 
  0x00000205c57a83ec: 2428 448b | 531c 4585 | d20f 84e9 | fdff ff4d | 8b5f 2849 | 8bca 4d85 | db0f 8427 

  0x00000205c57a8408: ;   {no_reloc}
  0x00000205c57a8408: 0200 004d | 8b57 384b | 894c 1af8 | 4983 c3f8 | 4d89 5f28 | e9c3 fdff | ff44 8b53 | 1845 85d2 
  0x00000205c57a8428: 0f84 d5fe | ffff 4d8b | 5f28 498b | ca4d 85db | 0f84 1102 | 0000 4d8b | 5738 4b89 | 4c1a f849 
  0x00000205c57a8448: 83c3 f84d | 895f 28e9 | affe ffff | 4d8b 5748 | 4d8b 5f58 | f083 4424 | c000 8039 | 000f 84d9 
  0x00000205c57a8468: fcff ff44 | 8821 4d85 | d275 1d49 | 8bd7 49ba | 00a4 a527 | f97f 0000 

  0x00000205c57a8480: ;   {other}
  0x00000205c57a8480: 41ff d20f | 1f84 0000 | 0000 00e9 | b4fc ffff | 4b89 4c13 | f849 83c2 | f84d 8957 | 48e9 a2fc 
  0x00000205c57a84a0: ffff 4d8b | 5748 4d8b | 5f58 f083 | 4424 c000 | 8039 000f | 844d fcff | ff44 8821 | 4d85 d275 
  0x00000205c57a84c0: 1d49 8bd7 | 49ba 00a4 | a527 f97f | 0000 41ff 

  0x00000205c57a84d0: ;   {other}
  0x00000205c57a84d0: d20f 1f84 | 0000 0000 | 00e9 28fc | ffff 4b89 | 4c13 f849 | 83c2 f84d | 8957 48e9 | 16fc ffff 
  0x00000205c57a84f0: 4d8b 5748 | 4d8b 5f58 | f083 4424 | c000 8039 | 000f 8410 | fdff ff44 | 8821 4d85 | d275 1d49 
  0x00000205c57a8510: 8bd7 49ba | 00a4 a527 | f97f 0000 

  0x00000205c57a851c: ;   {other}
  0x00000205c57a851c: 41ff d20f | 1f84 0000 | 0000 00e9 | ebfc ffff | 4b89 4c13 | f849 83c2 | f84d 8957 | 48e9 d9fc 
  0x00000205c57a853c: ffff 4d8b | 5748 4d8b | 5f58 f083 | 4424 c000 | 4180 3800 | 0f84 a2fd | ffff 4588 | 204d 85d2 
  0x00000205c57a855c: 7520 498b | c849 8bd7 | 49ba 00a4 | a527 f97f | 0000 41ff 

  0x00000205c57a8570: ;   {other}
  0x00000205c57a8570: d20f 1f84 | 0000 0000 | 00e9 7afd | ffff 4f89 | 4413 f849 | 83c2 f84d | 8957 48e9 | 68fd ffff 
  0x00000205c57a8590: 4889 7c24 | 2848 8bd7 | 4c8d 4424 

  0x00000205c57a859c: ;   {runtime_call _complete_monitor_locking_Java}
  0x00000205c57a859c: 4066 90e8 

  0x00000205c57a85a0: ; ImmutableOopMap {rbp=Oop [32]=Oop [40]=Oop }
                      ;*synchronization entry
                      ; - java.lang.Throwable::fillInStackTrace@-1
                      ; - java.lang.Throwable::<init>@24
                      ; - java.lang.Exception::<init>@3
                      ; - java.lang.ReflectiveOperationException::<init>@3
                      ; - java.lang.ClassNotFoundException::<init>@3
  0x00000205c57a85a0: dc0e 98ff 

  0x00000205c57a85a4: ;   {other}
  0x00000205c57a85a4: 0f1f 8400 | 1407 0001 | 488b 7c24 | 28e9 f6fb | ffff 488b | cb48 8d54 | 2440 4d8b | c749 ba40 
  0x00000205c57a85c4: d9e6 27f9 | 7f00 0041 

  0x00000205c57a85cc: ;   {other}
  0x00000205c57a85cc: ffd2 0f1f | 8400 0000 | 0000 e9d4 | fcff ff49 | 8bd7 49ba | 20a4 a527 | f97f 0000 

  0x00000205c57a85e8: ;   {other}
  0x00000205c57a85e8: 41ff d20f | 1f84 0000 | 0000 00e9 | c0fa ffff | 498b d749 | ba20 a4a5 | 27f9 7f00 | 0041 ffd2 
  0x00000205c57a8608: ;   {other}
  0x00000205c57a8608: 0f1f 8400 | 0000 0000 | e998 faff | ff49 8bd7 | 49ba 20a4 | a527 f97f | 0000 41ff 

  0x00000205c57a8624: ;   {other}
  0x00000205c57a8624: d20f 1f84 | 0000 0000 | 00e9 dffa | ffff 498b | d749 ba20 | a4a5 27f9 | 7f00 0041 

  0x00000205c57a8640: ;   {other}
  0x00000205c57a8640: ffd2 0f1f | 8400 0000 | 0000 e995 | fbff ff49 | 8bd7 49ba | 20a4 a527 | f97f 0000 

  0x00000205c57a865c: ;   {other}
  0x00000205c57a865c: 41ff d20f | 1f84 0000 | 0000 00e9 | 97fc ffff | 498b d749 | ba20 a4a5 | 27f9 7f00 | 0041 ffd2 
  0x00000205c57a867c: ;   {other}
  0x00000205c57a867c: 0f1f 8400 | 0000 0000 | e931 fcff | ffba 45ff | ffff 4889 | 7c24 2844 | 8954 2430 | 4889 7c24 
  0x00000205c57a869c: ;   {runtime_call UncommonTrapBlob}
  0x00000205c57a869c: 3866 90e8 

  0x00000205c57a86a0: ; ImmutableOopMap {[32]=Oop [40]=Oop [48]=NarrowOop [56]=Oop }
                      ;*ifnonnull {reexecute=1 rethrow=0 return_oop=0}
                      ; - (reexecute) java.lang.Throwable::fillInStackTrace@4
                      ; - java.lang.Throwable::<init>@24
                      ; - java.lang.Exception::<init>@3
                      ; - java.lang.ReflectiveOperationException::<init>@3
                      ; - java.lang.ClassNotFoundException::<init>@3
  0x00000205c57a86a0: dcbc 93ff 

  0x00000205c57a86a4: ;   {other}
  0x00000205c57a86a4: 0f1f 8400 | 1408 0002 | 488b d84c | 8b5c 2428 | 488d 4424 | 4048 8338 | 000f 8479 | 0000 004d 
  0x00000205c57a86c4: 8b13 41f6 | c202 0f84 | 6200 0000 | 4983 ba86 | 0000 0000 | 7409 49ff | 8a86 0000 | 00eb 4b49 
  0x00000205c57a86e4: 8b82 9600 | 0000 490b | 828e 0000 | 0075 0a49 | c742 3e00 | 0000 00eb | 3d49 83ba | 9e00 0000 
  0x00000205c57a8704: 0074 2248 | 33c0 49c7 | 423e 0000 | 0000 f083 | 0424 0049 | 83ba 9e00 | 0000 0075 | 0df0 4d0f 
  0x00000205c57a8724: b17a 3e75 | 0583 c801 | eb0c a800 | eb08 4c8b | 10f0 4d0f | b113 750a | 49ff 8f50 | 0500 0045 
  0x00000205c57a8744: 33d2 750d | 488b d348 | 83c4 505d 

  0x00000205c57a8750: ;   {runtime_call _rethrow_Java}
  0x00000205c57a8750: e92b 1698 | ff49 8bcb | 488d 5424 | 404d 8bc7 | 49ba 40d9 | e627 f97f | 0000 41ff 

  0x00000205c57a876c: ;   {other}
  0x00000205c57a876c: d20f 1f84 | 0000 0000 

  0x00000205c57a8774: ;   {internal_word}
  0x00000205c57a8774: 00eb d149 | ba0c 837a | c505 0200 | 004d 8997 | 6804 0000 

  0x00000205c57a8788: ;   {runtime_call SafepointBlob}
  0x00000205c57a8788: e9f3 cc93 

  0x00000205c57a878c: ;   {runtime_call StubRoutines (final stubs)}
  0x00000205c57a878c: ffe8 0edd | 91ff e903 | f9ff fff4 
[Stub Code]
  0x00000205c57a8798: ;   {no_reloc}
  0x00000205c57a8798: 48bb 0000 | 0000 0000 

  0x00000205c57a87a0: ;   {runtime_call nmethod}
  0x00000205c57a87a0: 0000 e9fb 

  0x00000205c57a87a4: ;   {runtime_call ExceptionBlob}
  0x00000205c57a87a4: ffff ffe9 | d4b8 97ff 
[Deopt Handler Code]
  0x00000205c57a87ac: e800 0000 | 0048 832c 

  0x00000205c57a87b4: ;   {runtime_call DeoptimizationBlob}
  0x00000205c57a87b4: 2405 e965 | bf93 fff4 | f4f4 f4f4 
[/MachCode]


Compiled method (c2) 573160 4430   !   4       java.net.URLClassLoader::findClass (47 bytes)
 total in heap  [0x00000205c589ac90,0x00000205c58abee0] = 70224
 relocation     [0x00000205c589adf0,0x00000205c589b768] = 2424
 constants      [0x00000205c589b780,0x00000205c589b7a0] = 32
 main code      [0x00000205c589b7a0,0x00000205c58a45c0] = 36384
 stub code      [0x00000205c58a45c0,0x00000205c58a4958] = 920
 oops           [0x00000205c58a4958,0x00000205c58a49c0] = 104
 metadata       [0x00000205c58a49c0,0x00000205c58a4e00] = 1088
 scopes data    [0x00000205c58a4e00,0x00000205c58aa100] = 21248
 scopes pcs     [0x00000205c58aa100,0x00000205c58ab0c0] = 4032
 dependencies   [0x00000205c58ab0c0,0x00000205c58ab150] = 144
 handler table  [0x00000205c58ab150,0x00000205c58abdf8] = 3240
 nul chk table  [0x00000205c58abdf8,0x00000205c58abee0] = 232


[Constant Pool]
             Address          hex4                    hex8      
  0x00000205c589b780:   0x3f400000      0xf4f4f4f43f400000      
  0x00000205c589b784:   0xf4f4f4f4                              
  0x00000205c589b788:   0xf4f4f4f4      0xf4f4f4f4f4f4f4f4      
  0x00000205c589b78c:   0xf4f4f4f4                              
  0x00000205c589b790:   0xf4f4f4f4      0xf4f4f4f4f4f4f4f4      
  0x00000205c589b794:   0xf4f4f4f4                              
  0x00000205c589b798:   0xf4f4f4f4      0xf4f4f4f4f4f4f4f4      
  0x00000205c589b79c:   0xf4f4f4f4                              

[MachCode]
[Entry Point]
  # {method} {0x00000205e605d2f0} 'findClass' '(Ljava/lang/String;)Ljava/lang/Class;' in 'java/net/URLClassLoader'
  # this:     rdx:rdx   = 'java/net/URLClassLoader'
  # parm0:    r8:r8     = 'java/lang/String'
  #           [sp+0x100]  (sp of caller)
  0x00000205c589b7a0: ;   {no_reloc}
  0x00000205c589b7a0: 448b 5208 | 49bb 0000 | 00d1 0502 | 0000 4d03 | d349 3bc2 

  0x00000205c589b7b4: ;   {runtime_call ic_miss_stub}
  0x00000205c589b7b4: 0f85 c62f | 84ff 6690 | 0f1f 4000 
[Verified Entry Point]
  0x00000205c589b7c0: 8984 2400 | 80ff ff55 | 4881 ecf0 | 0000 0090 | 4181 7f20 | 0500 0000 | 0f85 d38d | 0000 4c89 
  0x00000205c589b7e0: 8424 b000 | 0000 4c8b | da44 8b42 | 5845 85c0 | 0f84 9a26 | 0000 4889 | 5424 2049 | 8be8 488b 
  0x00000205c589b800: d54c 8b94 | 24b0 0000 | 004c 8954 | 2428 6690 

  0x00000205c589b810: ;   {static_call}
  0x00000205c589b810: c5f8 77e8 

  0x00000205c589b814: ; ImmutableOopMap {rbp=Oop [32]=Oop [40]=Oop [176]=Oop }
                      ;*invokestatic ensureMaterializedForStackWalk {reexecute=0 rethrow=0 return_oop=0}
                      ; - java.security.AccessController::executePrivileged@5
                      ; - java.security.AccessController::doPrivileged@13
                      ; - java.net.URLClassLoader::findClass@13
  0x00000205c589b814: c8cf dcff 

  0x00000205c589b818: ;   {other}
  0x00000205c589b818: 0f1f 8400 | 880b 0000 | 4c8b 5c24 | 204c 8bc5 | 4c8b 9424 | b000 0000 

  0x00000205c589b830: ; implicit exception: dispatches to 0x00000205c58a3090
  0x00000205c589b830: 450f be4a | 1045 85c9 | 0f85 764f | 0000 418b | 5a14 8b4b | 0c85 c90f | 86b5 0300 | 008d 51ff 
  0x00000205c589b850: 3bd1 0f83 | 644b 0000 | 8d71 fd4c | 8beb 807b | 102e 0f84 | 1c26 0000 | 83fe 010f | 8e7f 4b00 
  0x00000205c589b870: 00bd 0100 | 0000 41b9 | 0100 0000 | 498b c045 | 8bf1 c4c1 | f96e c544 | 8bc1 442b | c541 83c0 
  0x00000205c589b890: fd33 ff3b | f544 0f4c | c741 81f8 | a00f 0000 | 41b9 a00f | 0000 450f | 47c1 4403 | c5eb 0490 
  0x00000205c589b8b0: 418b e94c | 63ed 420f | be7c 2b10 | 83ff 2e74 | 5346 0fbe | 4c2b 1141 | 83f9 2e74 | 4042 0fbe 
  0x00000205c589b8d0: 7c2b 1283 | ff2e 7439 | 420f be7c | 2b13 83ff | 2e74 2744 | 8d4d 0445 | 3bc8 7cc4 | 4d8b 8758 
  0x00000205c589b8f0: 0400 0083 

  0x00000205c589b8f4: ; ImmutableOopMap {r10=Oop r11=Oop rbx=NarrowOop rax=Oop xmm0=Oop }
                      ;*if_icmpne {reexecute=1 rethrow=0 return_oop=0}
                      ; - (reexecute) java.lang.StringLatin1::replace@28
                      ; - java.lang.String::replace@18
                      ; - java.net.URLClassLoader$1::run@8
                      ; - java.net.URLClassLoader$1::run@1
                      ; - java.security.AccessController::executePrivileged@29
                      ; - java.security.AccessController::doPrivileged@13
                      ; - java.net.URLClassLoader::findClass@13
                      ;   {poll}
  0x00000205c589b8f4: c503 4185 | 0044 3bce | 0f8d be29 | 0000 418b | e9e9 7dff | ffff 83c5 | 02ff c5eb | 0383 c502 
  0x00000205c589b914: 4c8b c041 | 8bfe c4c1 | f97e c53b | e90f 8de0 | 0200 0081 | f900 0010 | 000f 8762 | 3700 004c 
  0x00000205c589b934: 896c 2430 | 897c 2420 | 894c 243c | 4c89 4424 | 284c 8994 | 24b0 0000 | 004c 895c | 2458 4d8b 
  0x00000205c589b954: 8fb8 0100 | 004c 63d1 | 4983 c217 | 4983 e2f8 | 4d8b c14d | 03c2 4d3b | 87c8 0100 | 000f 833d 
  0x00000205c589b974: 3700 004d | 8987 b801 | 0000 410f | 0d88 c000 | 0000 49c7 | 0101 0000 | 0041 0f0d | 8800 0100 
  0x00000205c589b994: ;   {metadata({type array byte})}
  0x00000205c589b994: 0041 c741 | 0818 2300 | 0041 8949 | 0c41 0f0d | 8840 0100 | 0041 0f0d | 8880 0100 | 0085 ed0f 
  0x00000205c589b9b4: 8eb4 0000 | 0049 8bc1 | 448d 45ff | 443b 4424 | 3c0f 8301 | 5000 0044 | 8b5c 243c | 4585 db0f 
  0x00000205c589b9d4: 86f3 4f00 | 0044 0fbe | 5310 4588 | 5110 4183 | f801 0f8e | 0050 0000 | 41ba 0100 | 0000 448b 
  0x00000205c589b9f4: cd45 2bca | 41ff c933 | c945 3bc2 | 440f 4cc9 | 4181 f9d0 | 0700 0041 | bbd0 0700 | 0045 0f47 
  0x00000205c589ba14: cb45 03ca | 0f1f 8400 | 0000 0000 | 4963 fa0f | be4c 3b10 | 884c 3810 | 440f be5c | 3b11 4488 
  0x00000205c589ba34: 5c38 1141 | 83c2 0245 | 3bd1 7ce0 | 4d8b 9f58 

  0x00000205c589ba44: ; ImmutableOopMap {rbx=NarrowOop rax=Oop [40]=Oop [48]=Oop [88]=Oop [176]=Oop }
                      ;*goto {reexecute=1 rethrow=0 return_oop=0}
                      ; - (reexecute) java.lang.StringLatin1::replace@76
                      ; - java.lang.String::replace@18
                      ; - java.net.URLClassLoader$1::run@8
                      ; - java.net.URLClassLoader$1::run@1
                      ; - java.security.AccessController::executePrivileged@29
                      ; - java.security.AccessController::doPrivileged@13
                      ; - java.net.URLClassLoader::findClass@13
                      ;   {poll}
  0x00000205c589ba44: 0400 0041 | 8503 453b | d07c a344 | 3bd5 7d16 | 4d63 c246 | 0fbe 5c03 | 1046 885c | 0010 41ff 
  0x00000205c589ba64: c244 3bd5 | 7cea 4c8b | c83b 6c24 | 3c0f 8d2c | 0100 003b | 6c24 3c0f | 8307 4a00 | 003b 5424 
  0x00000205c589ba84: 3c0f 83fd | 4900 0044 | 8d5d 014d | 8bc1 4c63 | cd46 0fbe | 540b 1041 | 83fa 2e0f | 84f9 1d00 
  0x00000205c589baa4: 0047 8854 | 0810 448d | 5501 453b | d37d 0541 | 8bea ebda | 443b d60f | 8dd6 0000 | 00ff c5e9 
  0x00000205c589bac4: 7f00 0000 | 41bb 2f00 | 0000 6690 | 4788 5c10 | 1046 0fbe | 5c13 1141 | 83fb 2e74 | 4847 885c 
  0x00000205c589bae4: 1011 460f | be5c 1312 | 4183 fb2e | 742f 4788 | 5c10 1246 | 0fbe 5c13 | 1341 83fb | 2e74 2e47 
  0x00000205c589bb04: 885c 1013 | 83c5 0441 | 3be9 7d29 | 4c63 d546 | 0fbe 5c13 | 1041 83fb | 2e75 b1eb | a741 bb2f 
  0x00000205c589bb24: 0000 00eb | c941 bb2f | 0000 00eb | b041 bb2f | 0000 00eb | ca4d 8b97 

  0x00000205c589bb3c: ; ImmutableOopMap {r8=Oop rbx=NarrowOop [40]=Oop [48]=Oop [88]=Oop [176]=Oop }
                      ;*goto {reexecute=1 rethrow=0 return_oop=0}
                      ; - (reexecute) java.lang.StringLatin1::replace@113
                      ; - java.lang.String::replace@18
                      ; - java.net.URLClassLoader$1::run@8
                      ; - java.net.URLClassLoader$1::run@1
                      ; - java.security.AccessController::executePrivileged@29
                      ; - java.security.AccessController::doPrivileged@13
                      ; - java.net.URLClassLoader::findClass@13
  0x00000205c589bb3c: 5804 0000 

  0x00000205c589bb40: ;   {poll}
  0x00000205c589bb40: 4185 023b | ee7d 5344 | 8b4c 243c | 442b cd41 | 83c1 fd45 | 33d2 3bf5 | 450f 4cca | 4181 f9a0 
  0x00000205c589bb60: 0f00 0041 | bba0 0f00 | 0045 0f47 | cb44 03cd | eb9e 4c63 | d546 0fbe | 5c13 1041 | 83fb 2e0f 
  0x00000205c589bb80: 8458 1e00 | 004d 8bc8 | 4788 5c10 | 10ff c53b | 6c24 3c7c | ddeb 0c41 | 8bea 3b6c | 243c 7cd2 
  0x00000205c589bba0: 4d8b c849 | 8bb7 b801 | 0000 4c8b | d649 83c2 | 184d 3b97 | c801 0000 | 0f83 3635 | 0000 4d89 
  0x00000205c589bbc0: 97b8 0100 | 0041 0f0d | 8ac0 0000 | 0048 c706 | 0100 0000 

  0x00000205c589bbd4: ;   {metadata('java/lang/String')}
  0x00000205c589bbd4: c746 0878 | e800 0044 | 8966 0c4c | 8966 104d | 8bd1 4489 | 5614 4c8b | 5c24 584c | 8b94 24b0 
  0x00000205c589bbf4: 0000 004c | 8b44 2428 | 8b7c 2420 | eb0b bf01 | 0000 004c | 8bcb 498b | f241 8b51 | 0c85 d20f 
  0x00000205c589bc14: 861a 0600 | 000f be4e | 10c4 e272 | f7da 4c63 | eb83 f901 | 0f84 224e | 0000 85db | 0f8c c14d 
  0x00000205c589bc34: 0000 498d | 4506 8be8 | 85ed 0f8c | e04d 0000 | 4c89 6c24 | 5089 5c24 | 4c89 4c24 | 2489 5424 
  0x00000205c589bc54: 4848 8974 | 2440 4c89 | 4c24 3089 | 7c24 204c | 8944 2428 | 4c89 9424 | b000 0000 | 4c89 5c24 
  0x00000205c589bc74: 384c 8bd0 | 49c1 fa20 | 458b dac4 | e221 f7ed | 85ed 0f8c | f84d 0000 | 81fd 0000 | 1000 0f87 
  0x00000205c589bc94: 6847 0000 | 4c63 d581 | fd00 0010 | 000f 877a | 3200 004d | 8b87 b801 | 0000 4983 | c217 4983 
  0x00000205c589bcb4: e2f8 4d8b | d84d 03da | 4d3b 9fc8 | 0100 000f | 8358 3200 | 004d 899f | b801 0000 

  0x00000205c589bcd0: ;   {no_reloc}
  0x00000205c589bcd0: 410f 0d8b | c000 0000 | 4d8b d049 | c702 0100 | 0000 410f | 0d8b 0001 

  0x00000205c589bce8: ;   {metadata({type array byte})}
  0x00000205c589bce8: 0000 41c7 | 4208 1823 | 0000 4189 | 6a0c 410f | 0d8b 4001 | 0000 410f | 0d8b 8001 | 0000 448b 
  0x00000205c589bd08: 5c24 4c41 | 83c3 0641 | 3beb 0f82 | f046 0000 | 4c63 4424 | 4c44 8b5c | 244c 4585 | db0f 8f46 
  0x00000205c589bd28: 0100 0043 | c644 0210 | 2e43 c644 | 0211 6343 | c644 0212 | 6c43 c644 | 0213 6143 | c644 0214 
  0x00000205c589bd48: 7343 c644 | 0215 7349 | 8bd2 4883 | c210 4c8b | 4c24 3049 | 83c1 1044 | 8b5c 2424 | 4585 db0f 
  0x00000205c589bd68: 85fe 2d00 | 003b 6c24 | 480f 82d1 | 4600 008b | 6c24 4885 | ed76 2449 | 8bda 4c63 | c549 8bc9 
  0x00000205c589bd88: c5f8 7749 | bac0 440c | c505 0200 | 0041 ffd2 

  0x00000205c589bd98: ;   {other}
  0x00000205c589bd98: 0f1f 8400 | 0000 0000 | 4c8b d349 | 8b87 b801 | 0000 4c8b | d849 83c3 | 184d 3b9f | c801 0000 
  0x00000205c589bdb8: 0f83 9a31 | 0000 4d89 | 9fb8 0100 | 0041 0f0d | 8bc0 0000 | 0048 c700 | 0100 0000 

  0x00000205c589bdd4: ;   {metadata('java/lang/String')}
  0x00000205c589bdd4: c740 0878 | e800 0044 | 8960 0c4c | 8960 1044 | 8950 1448 | 8944 2450 | 4c8b 5c24 | 384c 8b94 
  0x00000205c589bdf4: 24b0 0000 | 004c 8b44 | 2428 8b7c | 2420 458b | 4b54 4585 | c90f 8486 | 4500 0089 | 7c24 284c 
  0x00000205c589be14: 8944 2440 | 4c89 9424 | b000 0000 | 4c89 9c24 | b800 0000 | 4d8b d14c | 8954 2420 | 4489 4c24 
  0x00000205c589be34: 3049 8bd2 | 4533 c090 

  0x00000205c589be3c: ;   {optimized virtual_call}
  0x00000205c589be3c: c5f8 77e8 

  0x00000205c589be40: ; ImmutableOopMap {[32]=Oop [48]=NarrowOop [64]=Oop [80]=Oop [176]=Oop [184]=Oop }
                      ;*invokevirtual getLoader {reexecute=0 rethrow=0 return_oop=1}
                      ; - jdk.internal.loader.URLClassPath::getResource@42
                      ; - java.net.URLClassLoader$1::run@26
                      ; - java.net.URLClassLoader$1::run@1
                      ; - java.security.AccessController::executePrivileged@29
                      ; - java.security.AccessController::doPrivileged@13
                      ; - java.net.URLClassLoader::findClass@13
  0x00000205c589be40: 1c63 0100 

  0x00000205c589be44: ;   {other}
  0x00000205c589be44: 0f1f 8400 | b411 0004 | 4885 c00f | 841c 0100 | 0049 ba00 | 00ab cc05 | 0200 0045 | 33db 4c89 
  0x00000205c589be64: 9424 d000 | 0000 4489 | 5c24 78eb | 3343 c644 | 0215 7343 | c644 0214 | 7343 c644 | 0213 6143 
  0x00000205c589be84: c644 0212 | 6c43 c644 | 0211 6343 | c644 0210 | 2ee9 b5fe | ffff 660f | 1f44 0000 | 896c 2478 
  0x00000205c589bea4: 448b 5808 

  0x00000205c589bea8: ;   {metadata('jdk/internal/loader/URLClassPath$JarLoader')}
  0x00000205c589bea8: 4181 fb70 | 0c21 000f | 85f1 1f00 | 0048 8944 | 2438 448b | 5818 4585 | db0f 8424 | 0100 0045 
  0x00000205c589bec8: ;   {metadata('java/util/jar/JarFile')}
  0x00000205c589bec8: 8b43 0841 | 81f8 0814 | 1900 0f85 | 8f3d 0000 | 498b d34c | 8b44 2450 | 488b ac24 | b000 0000 
  0x00000205c589bee8: ;   {optimized virtual_call}
  0x00000205c589bee8: c5f8 77e8 

  0x00000205c589beec: ; ImmutableOopMap {rbp=Oop [32]=Oop [48]=NarrowOop [56]=Oop [64]=Oop [80]=Oop [176]=Oop [184]=Oop }
                      ;*invokevirtual getEntry {reexecute=0 rethrow=0 return_oop=1}
                      ; - java.util.jar.JarFile::getJarEntry@2
                      ; - jdk.internal.loader.URLClassPath$JarLoader::getResource@22
                      ; - jdk.internal.loader.URLClassPath::getResource@53
                      ; - java.net.URLClassLoader$1::run@26
                      ; - java.net.URLClassLoader$1::run@1
                      ; - java.security.AccessController::executePrivileged@29
                      ; - java.security.AccessController::doPrivileged@13
                      ; - java.net.URLClassLoader::findClass@13
  0x00000205c589beec: f058 deff 

  0x00000205c589bef0: ;   {other}
  0x00000205c589bef0: 0f1f 8400 | 6012 0005 | 4885 c00f | 84f2 1a00 | 0044 8b58 

  0x00000205c589bf04: ;   {metadata('java/util/jar/JarFile$JarFileEntry')}
  0x00000205c589bf04: 0841 81fb | d032 3100 | 0f85 5670 | 0000 488b | f848 8b54 | 2438 4c8b | 4424 5045 | 33c9 6690 
  0x00000205c589bf24: ;   {optimized virtual_call}
  0x00000205c589bf24: c5f8 77e8 

  0x00000205c589bf28: ; ImmutableOopMap {rbp=Oop [32]=Oop [48]=NarrowOop [64]=Oop [80]=Oop [176]=Oop [184]=Oop }
                      ;*invokevirtual checkResource {reexecute=0 rethrow=0 return_oop=1}
                      ; - jdk.internal.loader.URLClassPath$JarLoader::getResource@34
                      ; - jdk.internal.loader.URLClassPath::getResource@53
                      ; - java.net.URLClassLoader$1::run@26
                      ; - java.net.URLClassLoader$1::run@1
                      ; - java.security.AccessController::executePrivileged@29
                      ; - java.security.AccessController::doPrivileged@13
                      ; - java.net.URLClassLoader::findClass@13
  0x00000205c589bf28: 34d3 0100 

  0x00000205c589bf2c: ;   {other}
  0x00000205c589bf2c: 0f1f 8400 | 9c12 0006 | 4885 c00f | 85a3 0100 | 008b 6c24 | 78ff c548 | 8b54 2420 | 448b c54c 
  0x00000205c589bf4c: 8b94 24b0 | 0000 004c | 8954 2438 

  0x00000205c589bf58: ;   {optimized virtual_call}
  0x00000205c589bf58: c5f8 77e8 

  0x00000205c589bf5c: ; ImmutableOopMap {[32]=Oop [48]=NarrowOop [56]=Oop [64]=Oop [80]=Oop [176]=Oop [184]=Oop }
                      ;*invokevirtual getLoader {reexecute=0 rethrow=0 return_oop=1}
                      ; - jdk.internal.loader.URLClassPath::getResource@42
                      ; - java.net.URLClassLoader$1::run@26
                      ; - java.net.URLClassLoader$1::run@1
                      ; - java.security.AccessController::executePrivileged@29
                      ; - java.security.AccessController::doPrivileged@13
                      ; - java.net.URLClassLoader::findClass@13
  0x00000205c589bf5c: 0062 0100 

  0x00000205c589bf60: ;   {other}
  0x00000205c589bf60: 0f1f 8400 | d012 0007 | 4885 c00f | 852f ffff | ff49 8b87 | b801 0000 | 4c8b d049 | 83c2 284d 
  0x00000205c589bf80: 3b97 c801 | 0000 0f83 | c630 0000 | 4d89 97b8 | 0100 0041 | 0f0d 8ac0 | 0000 0048 | c700 0100 
  0x00000205c589bfa0: ;   {metadata('java/lang/ClassNotFoundException')}
  0x00000205c589bfa0: 0000 c740 | 0888 9306 | 0044 8960 | 0c4c 8960 | 104c 8960 | 184c 8960 | 2048 8be8 | 488b d54c 
  0x00000205c589bfc0: 8b84 24b0 | 0000 0090 

  0x00000205c589bfc8: ;   {optimized virtual_call}
  0x00000205c589bfc8: c5f8 77e8 

  0x00000205c589bfcc: ; ImmutableOopMap {rbp=Oop }
                      ;*invokespecial <init> {reexecute=0 rethrow=0 return_oop=0}
                      ; - java.net.URLClassLoader::findClass@41
  0x00000205c589bfcc: b0c0 f0ff 

  0x00000205c589bfd0: ;   {other}
  0x00000205c589bfd0: 0f1f 8400 | 4013 0008 | 488b d5c5 | f877 4881 | c4f0 0000 

  0x00000205c589bfe4: ;   {runtime_call _rethrow_Java}
  0x00000205c589bfe4: 005d e995 | dd88 ff49 | 8b87 b801 | 0000 4c8b | d049 83c2 | 104d 3b97 | c801 0000 | 0f83 f12e 
  0x00000205c589c004: 0000 4d89 | 97b8 0100 | 0041 0f0d | 8ac0 0000 | 0048 c700 | 0100 0000 

  0x00000205c589c01c: ;   {metadata('jdk/internal/loader/URLClassPath$JarLoader$1')}
  0x00000205c589c01c: c740 0840 | 2e21 0044 | 8960 0c48 | 8944 2448 | 4c8b 5424 | 3845 8b52 | 284c 8b5c | 2438 4489 
  0x00000205c589c03c: 580c 4585 | d20f 8451 | 1e00 0049 | 8bea 488b | d54c 8b94 | 24b0 0000 | 004c 8954 | 2458 6690 
  0x00000205c589c05c: ;   {static_call}
  0x00000205c589c05c: c5f8 77e8 

  0x00000205c589c060: ; ImmutableOopMap {rbp=Oop [32]=Oop [48]=NarrowOop [56]=Oop [64]=Oop [72]=Oop [80]=Oop [88]=Oop [176]=Oop [184]=Oop }
                      ;*invokestatic ensureMaterializedForStackWalk {reexecute=0 rethrow=0 return_oop=0}
                      ; - java.security.AccessController::executePrivileged@5
                      ; - java.security.AccessController::doPrivileged@13
                      ; - jdk.internal.loader.URLClassPath$JarLoader::ensureOpen@19
                      ; - jdk.internal.loader.URLClassPath$JarLoader::getResource@1
                      ; - jdk.internal.loader.URLClassPath::getResource@53
                      ; - java.net.URLClassLoader$1::run@26
                      ; - java.net.URLClassLoader$1::run@1
                      ; - java.security.AccessController::executePrivileged@29
                      ; - java.security.AccessController::doPrivileged@13
                      ; - java.net.URLClassLoader::findClass@13
  0x00000205c589c060: 1c30 84ff 

  0x00000205c589c064: ;   {other}
  0x00000205c589c064: 0f1f 8400 | d413 0009 | 488b 5424 | 484c 8b94 | 24b0 0000 | 004c 8954 | 2448 6690 

  0x00000205c589c080: ;   {optimized virtual_call}
  0x00000205c589c080: c5f8 77e8 

  0x00000205c589c084: ; ImmutableOopMap {rbp=Oop [32]=Oop [48]=NarrowOop [56]=Oop [64]=Oop [72]=Oop [80]=Oop [176]=Oop [184]=Oop }
                      ;*invokevirtual run {reexecute=0 rethrow=0 return_oop=1}
                      ; - jdk.internal.loader.URLClassPath$JarLoader$1::run@1
                      ; - java.security.AccessController::executePrivileged@29
                      ; - java.security.AccessController::doPrivileged@13
                      ; - jdk.internal.loader.URLClassPath$JarLoader::ensureOpen@19
                      ; - jdk.internal.loader.URLClassPath$JarLoader::getResource@1
                      ; - jdk.internal.loader.URLClassPath::getResource@53
                      ; - java.net.URLClassLoader$1::run@26
                      ; - java.net.URLClassLoader$1::run@1
                      ; - java.security.AccessController::executePrivileged@29
                      ; - java.security.AccessController::doPrivileged@13
                      ; - java.net.URLClassLoader::findClass@13
  0x00000205c589c084: f829 84ff 

  0x00000205c589c088: ;   {other}
  0x00000205c589c088: 0f1f 8400 | f813 000a | 4c8b 5424 | 3845 8b5a | 1845 85db | 0f85 25fe | ffff baf6 | ffff ff48 
  0x00000205c589c0a8: 8b6c 2448 | 4c8b 5424 | 404c 8954 | 2420 448b | 5424 3044 | 8954 2428 | 4c8b 5424 | 504c 8954 
  0x00000205c589c0c8: 2440 4c89 | 5424 4890 

  0x00000205c589c0d0: ;   {runtime_call UncommonTrapBlob}
  0x00000205c589c0d0: c5f8 77e8 

  0x00000205c589c0d4: ; ImmutableOopMap {rbp=Oop [32]=Oop [40]=NarrowOop [56]=Oop [64]=Oop [72]=Oop [184]=Oop }
                      ;*invokevirtual getJarEntry {reexecute=0 rethrow=0 return_oop=0}
                      ; - jdk.internal.loader.URLClassPath$JarLoader::getResource@22
                      ; - jdk.internal.loader.URLClassPath::getResource@53
                      ; - java.net.URLClassLoader$1::run@26
                      ; - java.net.URLClassLoader$1::run@1
                      ; - java.security.AccessController::executePrivileged@29
                      ; - java.security.AccessController::doPrivileged@13
                      ; - java.net.URLClassLoader::findClass@13
  0x00000205c589c0d4: a882 84ff 

  0x00000205c589c0d8: ;   {other}
  0x00000205c589c0d8: 0f1f 8400 | 4814 000b | 4889 4424 | 48c5 f877 | 49ba d030 | e027 f97f | 0000 41ff 

  0x00000205c589c0f4: ;   {other}
  0x00000205c589c0f4: d20f 1f84 | 0000 0000 | 0048 8944 | 2450 4c8b | 9424 b000 | 0000 458b | 5214 418b | 5a0c 4c8b 
  0x00000205c589c114: 8424 b000 | 0000 450f | be58 10c4 | 6222 f7cb | 41ff c945 | 85db 0f85 | e92e 0000 | 448d 5bff 
  0x00000205c589c134: 453b d945 | 0f4f d945 | 85db 0f8c | e800 0000 | 85db 0f86 | 1846 0000 | 443b db0f | 830f 4600 
  0x00000205c589c154: 0045 85db | 0f8e 1e48 | 0000 418d | 4bff 430f | be5c 1a10 | 83fb 2e0f | 8489 1800 | 0041 ffcb 
  0x00000205c589c174: 443b d97f | e941 83fb | 020f 8e88 | 0000 0041 | 8d4b fe33 | db41 83fb | 020f 4ccb | 81f9 a00f 
  0x00000205c589c194: 0000 bba0 | 0f00 000f | 47cb 458b | cb44 2bc9 | 4963 cb41 | 0fbe 5c0a | 1083 fb2e | 0f84 e700 
  0x00000205c589c1b4: 0000 410f | be4c 0a0f | 83f9 2e0f | 84dd 0000 | 0041 8d4b | fe41 0fbe | 7c0a 1083 | ff2e 0f84 
  0x00000205c589c1d4: ce00 0000 | 418d 4bfd | 410f be5c | 0a10 83fb | 2e0f 84bb | 0000 0041 | 83c3 fc45 | 3bd9 7fb0 
  0x00000205c589c1f4: ;   {no_reloc}
  0x00000205c589c1f4: 4d8b 8f58 | 0400 0049 

  0x00000205c589c1fc: ; ImmutableOopMap {r10=NarrowOop r8=Oop rcx=Oop [64]=Oop [72]=Oop [184]=Oop }
                      ;*goto {reexecute=1 rethrow=0 return_oop=0}
                      ; - (reexecute) java.lang.StringLatin1::lastIndexOf@35
                      ; - java.lang.String::lastIndexOf@13
                      ; - java.lang.String::lastIndexOf@8
                      ; - java.net.URLClassLoader::defineClass@7
                      ; - java.net.URLClassLoader$1::run@43
                      ; - java.net.URLClassLoader$1::run@1
                      ; - java.security.AccessController::executePrivileged@29
                      ; - java.security.AccessController::doPrivileged@13
                      ; - java.net.URLClassLoader::findClass@13
                      ;   {poll}
  0x00000205c589c1fc: 8bca 4185 | 0141 83fb | 020f 8f78 | ffff ff41 | 83fb ff7e | 1b66 6690 | 430f be4c | 1a10 83f9 
  0x00000205c589c21c: 2e0f 845d | 4200 0041 | ffcb 4183 | fbff 7fe8 | b9ff ffff | ffeb 7349 | 8b87 b801 | 0000 4c8b 
  0x00000205c589c23c: c849 83c1 | 184d 3b8f | c801 0000 | 0f83 d73e | 0000 4d89 | 8fb8 0100 | 0041 0f0d | 89c0 0000 
  0x00000205c589c25c: 0048 c700 | 0100 0000 

  0x00000205c589c264: ;   {metadata('java/lang/String')}
  0x00000205c589c264: c740 0878 | e800 0044 | 8960 0c44 

  0x00000205c589c270: ;   {oop([B{0x00000000e06c3c90})}
  0x00000205c589c270: 8960 10c7 | 4014 903c 

  0x00000205c589c278: ;   {oop(".class"{0x00000000e1f69e18})}
  0x00000205c589c278: 6ce0 49b9 | 189e f6e1 | 0000 0000 | 418b 490c | 8948 0c41 | 0fb6 4911 | 8848 1148 | 8944 2450 
  0x00000205c589c298: e965 fbff | ff41 8bcb | eb04 418d | 4bff 4c8b | 5c24 4845 

  0x00000205c589c2ac: ;   {metadata('jdk/internal/loader/URLClassPath$JarLoader$2')}
  0x00000205c589c2ac: 8b4b 0841 | 81f9 3024 | 2100 0f85 | d124 0000 | 4d8b d341 | 8b5a 2044 | 8b4b 1c4d | 8bd1 83f9 
  0x00000205c589c2cc: ff0f 8403 | 2500 0041 | 8b58 148b | 530c 8954 | 2424 895c | 2420 4c89 | 5424 3044 | 898c 2488 
  0x00000205c589c2ec: 0000 0045 | 0fbe 5010 | 4c89 8424 | b000 0000 | c4e2 2af7 | ea85 c90f | 8ca3 4a00 | 003b cd0f 
  0x00000205c589c30c: 8ff7 4b00 | 003b cd0f | 842e 1600 | 0045 85d2 | 0f85 2b1b | 0000 85c9 | 0f84 871f | 0000 4d8b 
  0x00000205c589c32c: 9fb8 0100 | 004d 8bd3 | 4983 c218 | 4d3b 97c8 | 0100 000f | 838b 3700 | 004d 8997 | b801 0000 
  0x00000205c589c34c: 410f 0d8a | c000 0000 | 49c7 0301 

  0x00000205c589c358: ;   {metadata('java/lang/String')}
  0x00000205c589c358: 0000 0041 | c743 0878 | e800 0045 | 8963 0c4d | 8963 1044 | 8b54 2420 | 4d8b c24c | 8984 24c0 
  0x00000205c589c378: 0000 004d | 8d42 103b | 4c24 240f | 85bd 0000 | 0049 8be8 | 4c89 5c24 | 7044 8954 | 2468 4c63 
  0x00000205c589c398: 5424 244c | 8954 2438 | 448b 5c24 | 2441 81fb | 0000 1000 | 0f87 bc3d | 0000 498b | 9fb8 0100 
  0x00000205c589c3b8: 0049 83c2 | 1749 83e2 | f84c 8bdb | 4d03 da4d | 3b9f c801 | 0000 0f83 | 9a3d 0000 | 4d89 9fb8 
  0x00000205c589c3d8: 0100 0041 | 0f0d 8bc0 | 0000 0048 | c703 0100 | 0000 410f | 0d8b 0001 

  0x00000205c589c3f0: ;   {metadata({type array byte})}
  0x00000205c589c3f0: 0000 c743 | 0818 2300 | 0044 8b54 | 2424 4489 | 530c 410f | 0d8b 4001 | 0000 410f | 0d8b 8001 
  0x00000205c589c410: 0000 488b | d348 83c2 | 104c 8b44 | 2438 4983 | c007 49c1 | e803 488b | cdc5 f877 | 49ba 604b 
  0x00000205c589c430: 0cc5 0502 | 0000 41ff 

  0x00000205c589c438: ;   {other}
  0x00000205c589c438: d20f 1f84 | 0000 0000 | 00e9 0b01 | 0000 81f9 | 0000 1000 | 0f87 8748 | 0000 4c89 | 4424 384c 
  0x00000205c589c458: 895c 2470 | 458b c289 | 4c24 584c | 63d1 448b | 5c24 2444 | 3b5c 2458 | 418b eb44 | 8b4c 2458 
  0x00000205c589c478: 410f 4fe9 | 443b dd0f | 82d9 4800 | 0044 3bcd | 0f82 d048 | 0000 4983 | c217 4c89 | 5424 2049 
  0x00000205c589c498: 83e2 f84c | 8954 2460 | 4181 f900 | 0010 000f | 8790 3600 | 0049 8b9f | b801 0000 | 4c8b db4c 
  0x00000205c589c4b8: 8b54 2460 | 4d03 da4d | 3b9f c801 | 0000 0f83 | 7136 0000 | 4d89 9fb8 | 0100 0041 | 0f0d 8bc0 
  0x00000205c589c4d8: 0000 0048 | c703 0100 | 0000 410f | 0d8b 0001 

  0x00000205c589c4e8: ;   {metadata({type array byte})}
  0x00000205c589c4e8: 0000 c743 | 0818 2300 | 0044 894b | 0c41 0f0d | 8b40 0100 | 0041 0f0d | 8b80 0100 | 0048 8bd3 
  0x00000205c589c508: 4883 c210 | 4c8b 4c24 | 2049 c1e9 | 0385 ed0f | 84d5 4700 | 003b 6c24 | 580f 8ca4 | 2300 004c 
  0x00000205c589c528: 8b44 2460 | 4983 c0f0 | 49c1 e803 | 488b 4c24 | 38c5 f877 | 49ba 604b | 0cc5 0502 | 0000 41ff 
  0x00000205c589c548: ;   {other}
  0x00000205c589c548: d20f 1f84 | 0000 0000 | 0041 807f | 4000 0f85 | 7121 0000 | 4c8b 4c24 | 704d 8bd1 | 4c8b c345 
  0x00000205c589c568: 8941 144c | 8bdb 4d33 | da49 c1eb | 144d 85db | 741a 49c1 | ea09 48b9 | 0000 abcc | 0502 0000 
  0x00000205c589c588: 4903 ca80 | 3902 0f85 | 7921 0000 | 4588 6110 | 4c89 8c24 | c800 0000 | 4c8b 4424 | 4845 8b50 
  0x00000205c589c5a8: ;   {metadata('jdk/internal/loader/URLClassPath$JarLoader$2')}
  0x00000205c589c5a8: 0841 81fa | 3024 2100 | 0f85 7e42 | 0000 4c89 

  0x00000205c589c5b8: ;   {oop(a 'java/lang/Class'{0x00000000e0a00010} = 'jdk/internal/access/SharedSecrets')}
  0x00000205c589c5b8: 4424 6849 | ba10 00a0 | e000 0000 | 0045 8b92 | d400 0000 

  0x00000205c589c5cc: ; implicit exception: dispatches to 0x00000205c58a3480
  0x00000205c589c5cc: 458b 5a08 | 458b 4820 

  0x00000205c589c5d4: ; implicit exception: dispatches to 0x00000205c58a3198
  0x00000205c589c5d4: 418b 6918 

  0x00000205c589c5d8: ;   {metadata('java/util/jar/JavaUtilJarAccessImpl')}
  0x00000205c589c5d8: 4181 fba0 | 5b31 000f | 8597 4200 | 0085 ed0f | 84da 4000 | 004c 8bd5 | 4c89 5424 | 584c 8b5c 
  0x00000205c589c5f8: 2458 488d | 9c24 e000 | 0000 498b | 03a8 020f | 8523 0000 | 0048 83c8 | 0148 8903 | f049 0fb1 
  0x00000205c589c618: 1b0f 8437 | 0000 0048 | 2bc4 4825 | 07f0 ffff | 4889 03e9 | 2400 0000 | 4c8b d048 | 33c0 f04d 
  0x00000205c589c638: 0fb1 7a3e | 48c7 0303 | 0000 0074 | 114c 3bf8 | 7515 49ff | 8286 0000 | 0048 33c0 | 7509 49ff 
  0x00000205c589c658: 8750 0500 | 0033 c00f | 855f 4200 | 0044 3b65 | 300f 851d | 2900 0044 | 0fb6 5d12 | 4585 db0f 
  0x00000205c589c678: 8578 1700 | 004c 8b5c | 2458 488d | 8424 e000 | 0000 4883 | 3800 0f84 | 7900 0000 | 4d8b 1341 
  0x00000205c589c698: f6c2 020f | 8462 0000 | 0049 83ba | 8600 0000 | 0074 0949 | ff8a 8600 | 0000 eb4b | 498b 8296 
  0x00000205c589c6b8: 0000 0049 | 0b82 8e00 | 0000 750a | 49c7 423e | 0000 0000 | eb3d 4983 | ba9e 0000 

  0x00000205c589c6d4: ;   {no_reloc}
  0x00000205c589c6d4: 0000 7422 | 4833 c049 | c742 3e00 | 0000 00f0 | 8304 2400 | 4983 ba9e | 0000 0000 | 750d f04d 
  0x00000205c589c6f4: 0fb1 7a3e | 7505 83c8 | 01eb 0ca8 | 00eb 084c | 8b10 f04d | 0fb1 1375 | 0a49 ff8f | 5005 0000 
  0x00000205c589c714: 4533 d20f | 85e4 4100 | 004c 8b5c | 2468 458b | 5320 418b | 6a18 4c89 | 5c24 5844 

  0x00000205c589c730: ;   {metadata('java/util/jar/JarFile')}
  0x00000205c589c730: 8b5d 0841 | 81fb 0814 | 1900 0f85 | ef41 0000 | 4c8b d541 | 8b7a 284c | 8954 2478 | 85ff 0f84 
  0x00000205c589c750: ae12 0000 | 8b6f 0c41 | 807f 4000 | 0f85 e81e | 0000 448b | 5d08 4c8b 

  0x00000205c589c768: ;   {oop(a 'java/lang/Class'{0x00000000e078c818} = 'java/lang/ref/SoftReference')}
  0x00000205c589c768: 5720 49b8 | 18c8 78e0 | 0000 0000 | 4d8b 4070 | 4d3b d00f | 8560 1600 

  0x00000205c589c780: ;   {metadata('java/util/jar/Manifest')}
  0x00000205c589c780: 0041 81fb | a0e1 0400 | 0f85 4a68 | 0000 4c8b | d54c 8b84 | 24c8 0000 | 0041 8b40 | 0c4c 8b8c 
  0x00000205c589c7a0: 24b8 0000 | 0045 8b59 | 3845 85db | 0f84 623f | 0000 85c0 | 0f84 ef10 | 0000 418b | 4b28 85c9 
  0x00000205c589c7c0: 0f84 de0e | 0000 4c89 | 9424 8000 | 0000 4c89 | 8424 9000 | 0000 4c89 | 8c24 b800 | 0000 448b 
  0x00000205c589c7e0: 590c 4585 | db0f 8639 | 4600 0044 | 8bd0 41c1 | ea10 4433 | d041 ffcb | 4181 e2ff | ffff 7f44 
  0x00000205c589c800: 8994 24c0 | 0000 0045 | 23da 4d63 | d346 8b44 | 9110 4585 | c00f 8479 | 0e00 0041 | 8b68 0c3b 
  0x00000205c589c820: ac24 c000 | 0000 0f84 | 1801 0000 | 85ed 0f8c | fc4e 0000 | 4d8b d045 | 8b5a 1845 | 85db 751d 
  0x00000205c589c840: 4c8b 8c24 | b800 0000 | 4c8b 8424 | 9000 0000 | 4c8b 9424 | 8000 0000 | e947 0e00 | 004d 8bd3 
  0x00000205c589c860: 4c89 9424 | c800 0000 | 458b 520c | 4d8b 9f58 

  0x00000205c589c870: ; ImmutableOopMap {[48]=Oop [64]=Oop [72]=Oop [88]=Oop [128]=Oop [136]=NarrowOop [144]=Oop [176]=Oop [184]=Oop [200]=Oop }
                      ;*if_icmpne {reexecute=1 rethrow=0 return_oop=0}
                      ; - (reexecute) java.util.concurrent.ConcurrentHashMap::get@127
                      ; - java.lang.ClassLoader::getDefinedPackage@13
                      ; - java.net.URLClassLoader::getAndVerifyPackage@2
                      ; - java.net.URLClassLoader::defineClass@46
                      ; - java.net.URLClassLoader$1::run@43
                      ; - java.net.URLClassLoader$1::run@1
                      ; - java.security.AccessController::executePrivileged@29
                      ; - java.security.AccessController::doPrivileged@13
                      ; - java.net.URLClassLoader::findClass@13
                      ;   {poll}
  0x00000205c589c870: 0400 0041 | 8503 443b | 9424 c000 | 0000 7430 | 4c8b 9424 | c800 0000 | 458b 5218 | 4585 d275 
  0x00000205c589c890: 1d4c 8b8c | 24b8 0000 | 004c 8b84 | 2490 0000 | 004c 8b94 | 2480 0000 | 00e9 f60d | 0000 ebb0 
  0x00000205c589c8b0: 4c8b 9424 | c800 0000 | 418b 6a10 | 4c8b d54c | 8b9c 2490 | 0000 004d | 3bd3 7446 | 85ed 0f84 
  0x00000205c589c8d0: 7150 0000 | 4c8b c549 | 8bd3 488b | ac24 b000 | 0000 4c8b | 9424 b800 | 0000 4c89 | 5424 6090 
  0x00000205c589c8f0: ;   {optimized virtual_call}
  0x00000205c589c8f0: c5f8 77e8 

  0x00000205c589c8f4: ; ImmutableOopMap {rbp=Oop [48]=Oop [64]=Oop [72]=Oop [88]=Oop [96]=Oop [128]=Oop [136]=NarrowOop [144]=Oop [176]=Oop [184]=Oop [200]=Oop }
                      ;*invokevirtual equals {reexecute=0 rethrow=0 return_oop=0}
                      ; - java.util.concurrent.ConcurrentHashMap::get@149
                      ; - java.lang.ClassLoader::getDefinedPackage@13
                      ; - java.net.URLClassLoader::getAndVerifyPackage@2
                      ; - java.net.URLClassLoader::defineClass@46
                      ; - java.net.URLClassLoader$1::run@43
                      ; - java.net.URLClassLoader$1::run@1
                      ; - java.security.AccessController::executePrivileged@29
                      ; - java.security.AccessController::doPrivileged@13
                      ; - java.net.URLClassLoader::findClass@13
  0x00000205c589c8f4: 48c7 f8ff 

  0x00000205c589c8f8: ;   {other}
  0x00000205c589c8f8: 0f1f 8400 | 681c 000e | 4d8b 9758 

  0x00000205c589c904: ; ImmutableOopMap {rbp=Oop [48]=Oop [64]=Oop [72]=Oop [88]=Oop [96]=Oop [128]=Oop [136]=NarrowOop [144]=Oop [176]=Oop [184]=Oop [200]=Oop }
                      ;*ifeq {reexecute=1 rethrow=0 return_oop=0}
                      ; - (reexecute) java.util.concurrent.ConcurrentHashMap::get@152
                      ; - java.lang.ClassLoader::getDefinedPackage@13
                      ; - java.net.URLClassLoader::getAndVerifyPackage@2
                      ; - java.net.URLClassLoader::defineClass@46
                      ; - java.net.URLClassLoader$1::run@43
                      ; - java.net.URLClassLoader$1::run@1
                      ; - java.security.AccessController::executePrivileged@29
                      ; - java.security.AccessController::doPrivileged@13
                      ; - java.net.URLClassLoader::findClass@13
                      ;   {poll}
  0x00000205c589c904: 0400 0041 | 8502 85c0 | 0f84 d825 | 0000 4c8b | 9424 c800 | 0000 418b | 6a14 85ed | 0f84 5227 
  0x00000205c589c924: 0000 4c8b | 9424 9000 | 0000 450f | b652 114c | 8b9c 2490 | 0000 0041 | 8b43 0ce9 | 5a01 0000 
  0x00000205c589c944: 418b 6810 | 4c8b d54c | 8b9c 2490 | 0000 004d | 3bd3 0f84 | 2501 0000 

  0x00000205c589c95c: ; implicit exception: dispatches to 0x00000205c58a3624
  0x00000205c589c95c: 448b 5d08 | 4c8b d54c | 8b8c 2490 | 0000 004d | 3bca 0f84 | 0d01 0000 

  0x00000205c589c974: ;   {metadata('java/lang/String')}
  0x00000205c589c974: 4181 fb78 | e800 000f | 857b 4800 | 0045 0fbe | 4910 450f | be5a 1045 | 3bcb 0f85 | 6848 0000 
  0x00000205c589c994: 458b 5214 | 4c8b 9c24 | 9000 0000 | 458b 4b14 | 458b 5a0c | 418b 490c | 413b cb0f | 8547 4800 
  0x00000205c589c9b4: 004d 8bda | 498d 7210 | 4d8b d149 | 8d79 1085 | c90f 849d | 0000 008b | c183 e01f | 83e1 e00f 
  0x00000205c589c9d4: 844b 0000 | 0048 8d3c | 0f48 8d34 | 0e48 f7d9 | c5fe 6f04 | 0fc5 fe6f | 0c0e c5fd | efc1 c4e2 
  0x00000205c589c9f4: 7d17 c00f | 8572 0000 | 0048 83c1 | 2075 e185 | c00f 845d | 0000 00c5 | fe6f 4407 | e0c5 fe6f 
  0x00000205c589ca14: 4c06 e0c5 | fdef c1c4 | e27d 17c0 | 754d eb44 | 8bc8 83e1 | fc74 1948 | 8d3c 0f48 | 8d34 0e48 
  0x00000205c589ca34: f7d9 8b1c | 0f3b 1c0e | 7531 4883 | c104 75f2 | a802 7412 | 0fb7 1f0f | b70e 3bd9 | 751d 488d 
  0x00000205c589ca54: 7f02 488d | 7602 a801 | 740a 0fb6 | 1f0f b60e | 3bd9 7507 | b801 0000 | 00eb 0233 

  0x00000205c589ca70: ;   {no_reloc}
  0x00000205c589ca70: c0c5 fdef | c0c5 f5ef | c985 c00f | 847b 4700 | 0041 8b68 | 1485 ed0f | 84c1 2000 | 004c 8b94 
  0x00000205c589ca90: 2490 0000 | 0041 8b42 | 0c45 0fb6 | 5211 448b 

  0x00000205c589caa0: ;   {metadata('java/lang/Package')}
  0x00000205c589caa0: 4508 4181 | f8e8 bd01 | 000f 85dd | 6300 004c | 8b9c 2490 | 0000 0045 | 8b4b 1445 | 8b41 0c4c 
  0x00000205c589cac0: 8bdd 418b | 4b10 898c | 24c0 0000 | 0045 85c0 | 0f86 d240 | 0000 4c8b | 9c24 b800 | 0000 458b 
  0x00000205c589cae0: 5b38 4489 | 5c24 2045 | 85db 0f84 | bc3f 0000 | 85c0 0f84 | 5c0e 0000 | 448b 5424 | 2045 8b52 
  0x00000205c589cb00: 2845 85d2 | 0f84 8c02 | 0000 458b | 5a0c 4585 | db0f 8669 | 4700 0044 | 8bc8 41c1 | e910 4433 
  0x00000205c589cb20: c841 ffcb | 4181 e1ff | ffff 7f44 | 898c 24c4 | 0000 0045 | 23d9 4d63 | db47 8b44 | 9a10 4585 
  0x00000205c589cb40: c00f 844f | 0200 0041 | 8b68 0c41 | 3be9 0f85 | 5901 0000 | 418b 6810 | 4c8b d54c | 8b9c 2490 
  0x00000205c589cb60: 0000 004d | 3bd3 0f84 | 1c01 0000 

  0x00000205c589cb6c: ; implicit exception: dispatches to 0x00000205c58a3694
  0x00000205c589cb6c: 448b 5508 | 4c8b dd4c | 8b8c 2490 | 0000 004d | 3bcb 0f84 | 0401 0000 

  0x00000205c589cb84: ;   {metadata('java/lang/String')}
  0x00000205c589cb84: 4181 fa78 | e800 000f | 851b 4b00 | 0045 0fbe | 5110 410f | be4b 1044 | 3bd1 0f85 | 084b 0000 
  0x00000205c589cba4: 458b 5b14 | 458b 5114 | 418b 5b0c | 418b 4a0c | 3bcb 0f85 | f04a 0000 | 4d8b cb49 | 8d73 104d 
  0x00000205c589cbc4: 8bda 498d | 7a10 85c9 | 0f84 9d00 | 0000 8bc1 | 83e0 1f83 | e1e0 0f84 | 4b00 0000 | 488d 3c0f 
  0x00000205c589cbe4: 488d 340e | 48f7 d9c5 | fe6f 0c0f | c5fe 6f04 | 0ec5 f5ef | c8c4 e27d | 17c9 0f85 | 7200 0000 
  0x00000205c589cc04: 4883 c120 | 75e1 85c0 | 0f84 5d00 | 0000 c5fe | 6f4c 07e0 | c5fe 6f44 | 06e0 c5f5 | efc8 c4e2 
  0x00000205c589cc24: 7d17 c975 | 4deb 448b | c883 e1fc | 7419 488d | 3c0f 488d | 340e 48f7 | d98b 1c0f | 3b1c 0e75 
  0x00000205c589cc44: 3148 83c1 | 0475 f2a8 | 0274 120f | b71f 0fb7 | 0e3b d975 | 1d48 8d7f | 0248 8d76 | 02a8 0174 
  0x00000205c589cc64: 0a0f b61f | 0fb6 0e3b | d975 07b8 | 0100 0000 | eb02 33c0 | c5f5 efc9 | c5fd efc0 

  0x00000205c589cc80: ;   {no_reloc}
  0x00000205c589cc80: 85c0 0f84 | 244a 0000 | 418b 6814 | 85ed 0f84 | 0201 0000 | 448b 5508 

  0x00000205c589cc98: ;   {metadata('java/lang/Package')}
  0x00000205c589cc98: 4181 fae8 | bd01 000f | 8583 6300 | 0048 8bcd | e9bf 0100 | 0085 ed0f | 8c8f 4b00 | 004d 8bd0 
  0x00000205c589ccb8: 4c89 9424 | c800 0000 | 4c8b 9424 | c800 0000 | 458b 5218 | 4585 d20f | 84c1 0000 | 004c 8994 
  0x00000205c589ccd8: 24c8 0000 | 004c 8b94 | 24c8 0000 | 0045 8b5a | 0c4d 8b97 

  0x00000205c589ccec: ; ImmutableOopMap {[48]=Oop [64]=Oop [72]=Oop [88]=Oop [128]=Oop [136]=NarrowOop [144]=Oop [176]=Oop [184]=Oop [192]=NarrowOop [200]=Oop }
                      ;*if_icmpne {reexecute=1 rethrow=0 return_oop=0}
                      ; - (reexecute) java.util.concurrent.ConcurrentHashMap::get@127
                      ; - java.lang.ClassLoader::definePackage@47
                      ; - java.lang.ClassLoader::getDefinedPackage@32
                      ; - java.net.URLClassLoader::getAndVerifyPackage@2
                      ; - java.net.URLClassLoader::defineClass@46
                      ; - java.net.URLClassLoader$1::run@43
                      ; - java.net.URLClassLoader$1::run@1
                      ; - java.security.AccessController::executePrivileged@29
                      ; - java.security.AccessController::doPrivileged@13
                      ; - java.net.URLClassLoader::findClass@13
  0x00000205c589ccec: 5804 0000 

  0x00000205c589ccf0: ;   {poll}
  0x00000205c589ccf0: 4185 0244 | 3b9c 24c4 | 0000 0074 | 224c 8b94 | 24c8 0000 | 0045 8b5a | 1845 85db | 0f84 8400 
  0x00000205c589cd10: 0000 4d8b | d34c 8994 | 24c8 0000 | 00eb be4c | 8b94 24c8 | 0000 0041 | 8b6a 104c | 8bd5 4c8b 
  0x00000205c589cd30: 9c24 9000 | 0000 4d3b | d374 4785 | ed0f 84cb | 4f00 004c | 8bc5 498b | d348 8bac | 24b0 0000 
  0x00000205c589cd50: 004c 8b94 | 24b8 0000 | 004c 8954 | 2460 6690 

  0x00000205c589cd60: ;   {optimized virtual_call}
  0x00000205c589cd60: c5f8 77e8 

  0x00000205c589cd64: ; ImmutableOopMap {rbp=Oop [48]=Oop [64]=Oop [72]=Oop [88]=Oop [96]=Oop [128]=Oop [136]=NarrowOop [144]=Oop [176]=Oop [184]=Oop [192]=NarrowOop [200]=Oop }
                      ;*invokevirtual equals {reexecute=0 rethrow=0 return_oop=0}
                      ; - java.util.concurrent.ConcurrentHashMap::get@149
                      ; - java.lang.ClassLoader::definePackage@47
                      ; - java.lang.ClassLoader::getDefinedPackage@32
                      ; - java.net.URLClassLoader::getAndVerifyPackage@2
                      ; - java.net.URLClassLoader::defineClass@46
                      ; - java.net.URLClassLoader$1::run@43
                      ; - java.net.URLClassLoader$1::run@1
                      ; - java.security.AccessController::executePrivileged@29
                      ; - java.security.AccessController::doPrivileged@13
                      ; - java.net.URLClassLoader::findClass@13
  0x00000205c589cd64: d8c2 f8ff 

  0x00000205c589cd68: ;   {other}
  0x00000205c589cd68: 0f1f 8400 | d820 0011 | 4d8b 9758 

  0x00000205c589cd74: ; ImmutableOopMap {rbp=Oop [48]=Oop [64]=Oop [72]=Oop [88]=Oop [96]=Oop [128]=Oop [136]=NarrowOop [144]=Oop [176]=Oop [184]=Oop [192]=NarrowOop [200]=Oop }
                      ;*ifeq {reexecute=1 rethrow=0 return_oop=0}
                      ; - (reexecute) java.util.concurrent.ConcurrentHashMap::get@152
                      ; - java.lang.ClassLoader::definePackage@47
                      ; - java.lang.ClassLoader::getDefinedPackage@32
                      ; - java.net.URLClassLoader::getAndVerifyPackage@2
                      ; - java.net.URLClassLoader::defineClass@46
                      ; - java.net.URLClassLoader$1::run@43
                      ; - java.net.URLClassLoader$1::run@1
                      ; - java.security.AccessController::executePrivileged@29
                      ; - java.security.AccessController::doPrivileged@13
                      ; - java.net.URLClassLoader::findClass@13
                      ;   {poll}
  0x00000205c589cd74: 0400 0041 | 8502 85c0 | 0f84 3eff | ffff 4c8b | 9424 c800 | 0000 418b | 6a14 85ed | 0f85 fefe 
  0x00000205c589cd94: ffff 4c8b | 9424 b800 | 0000 418b | 6a38 4d8b | 8fb8 0100 | 004d 8bd1 | 4983 c218 | 4d3b 97c8 
  0x00000205c589cdb4: 0100 000f | 8311 3400 | 004d 8997 | b801 0000 | 410f 0d8a | c000 0000 | 49c7 0101 

  0x00000205c589cdd0: ;   {metadata('java/lang/ClassLoader$$Lambda+0x00000205d2067550')}
  0x00000205c589cdd0: 0000 0041 | c741 0850 | 7506 014d | 8961 104c | 8b94 24b8 | 0000 0045 | 8951 0c44 | 8b94 24c0 
  0x00000205c589cdf0: 0000 0045 | 8951 1085 | ed0f 8439 | 4800 0048 | 8bd5 4c8b | 8424 9000 | 0000 4c8b | 9424 b800 
  0x00000205c589ce10: 0000 4c89 | 5424 204c | 8944 2438 | 4c8b 9424 | 8000 0000 | 4c89 5424 | 6044 8b9c | 2488 0000 
  0x00000205c589ce30: 0044 895c | 242c 4c8b | 9424 b000 | 0000 4c89 | 5424 6848 | 8b6c 2420 

  0x00000205c589ce48: ;   {optimized virtual_call}
  0x00000205c589ce48: c5f8 77e8 

  0x00000205c589ce4c: ; ImmutableOopMap {rbp=Oop [32]=Oop [44]=NarrowOop [48]=Oop [56]=Oop [64]=Oop [72]=Oop [88]=Oop [96]=Oop [104]=Oop [128]=Oop [136]=NarrowOop [144]=Oop [176]=Oop [184]=Oop }
                      ;*invokevirtual compute {reexecute=0 rethrow=0 return_oop=1}
                      ; - java.lang.ClassLoader::definePackage@78
                      ; - java.lang.ClassLoader::getDefinedPackage@32
                      ; - java.net.URLClassLoader::getAndVerifyPackage@2
                      ; - java.net.URLClassLoader::defineClass@46
                      ; - java.net.URLClassLoader$1::run@43
                      ; - java.net.URLClassLoader$1::run@1
                      ; - java.security.AccessController::executePrivileged@29
                      ; - java.security.AccessController::doPrivileged@13
                      ; - java.net.URLClassLoader::findClass@13
  0x00000205c589ce4c: 301c 84ff 

  0x00000205c589ce50: ;   {other}
  0x00000205c589ce50: 0f1f 8400 | c021 0013 

  0x00000205c589ce58: ; implicit exception: dispatches to 0x00000205c58a35b8
  0x00000205c589ce58: 448b 5008 

  0x00000205c589ce5c: ;   {metadata('java/lang/Package')}
  0x00000205c589ce5c: 4181 fae8 | bd01 000f | 858b 6000 | 0048 8bc8 | 448b 5110 

  0x00000205c589ce70: ; implicit exception: dispatches to 0x00000205c58a3384
  0x00000205c589ce70: 458b 5a1c | 4585 db0f | 8597 4200 | 0044 8b59 | 1441 8b6b | 2485 ed0f | 8577 4400 | 004c 8b8c 
  0x00000205c589ce90: 2480 0000 | 004d 85c9 | 0f84 d644 

  0x00000205c589ce9c: ;   {oop(a 'java/lang/Class'{0x00000000e0a00010} = 'jdk/internal/access/SharedSecrets')}
  0x00000205c589ce9c: 0000 49ba | 1000 a0e0 | 0000 0000 | 458b 92d4 | 0000 0045 | 8b42 0844 | 8944 242c | 4489 9424 
  0x00000205c589cebc: c000 0000 | 4889 4c24 | 784c 8b94 | 2490 0000 | 0045 0fbe | 5210 4585 | d20f 85b1 | 4200 004c 
  0x00000205c589cedc: 8b94 2490 | 0000 0041 | 8b5a 1444 | 8b53 0c44 | 8994 2498 | 0000 0044 | 8b9c 24c0 | 0000 004d 
  0x00000205c589cefc: 8bd3 4c89 | 5424 2044 | 8b94 2498 | 0000 0045 | 85d2 0f86 | 4904 0000 | 458d 4aff | 453b ca0f 
  0x00000205c589cf1c: 83f3 3b00 | 0041 8d4a | fd4c 8bd3 | 4c89 5424 | 3880 7b10 | 2e0f 8468 | 0f00 0083 | f901 0f8e 
  0x00000205c589cf3c: f003 0000 | bd01 0000 | 0044 8b94 | 2498 0000 | 0044 2bd5 | 4183 c2fd | 4533 c03b | cd45 0f4c 
  0x00000205c589cf5c: d041 81fa | a00f 0000 | 41bb a00f | 0000 450f | 47d3 4403 | d5eb 1066 | 0f1f 8400 | 0000 0000 
  0x00000205c589cf7c: 6666 6690 | 418b eb4c | 63dd 460f | be44 1b10 | 4183 f82e | 7455 460f | be44 1b11 | 4183 f82e 
  0x00000205c589cf9c: ;   {no_reloc}
  0x00000205c589cf9c: 7442 460f | be44 1b12 | 4183 f82e | 743a 460f | be44 1b13 | 4183 f82e | 7427 448d | 5d04 453b 
  0x00000205c589cfbc: da7c c14d | 8b97 5804 | 0000 83c5 

  0x00000205c589cfc8: ; ImmutableOopMap {rbx=NarrowOop [32]=Oop [48]=Oop [56]=Oop [64]=Oop [72]=Oop [88]=Oop [120]=Oop [128]=Oop [136]=NarrowOop [144]=Oop [176]=Oop [184]=Oop [192]=NarrowOop }
                      ;*if_icmpne {reexecute=1 rethrow=0 return_oop=0}
                      ; - (reexecute) java.lang.StringLatin1::replace@28
                      ; - java.lang.String::replace@18
                      ; - java.net.URLClassLoader::isSealed@9
                      ; - java.net.URLClassLoader::getAndVerifyPackage@68
                      ; - java.net.URLClassLoader::defineClass@46
                      ; - java.net.URLClassLoader$1::run@43
                      ; - java.net.URLClassLoader$1::run@1
                      ; - java.security.AccessController::executePrivileged@29
                      ; - java.security.AccessController::doPrivileged@13
                      ; - java.net.URLClassLoader::findClass@13
                      ;   {poll}
  0x00000205c589cfc8: 0341 8502 | 443b d90f | 8d61 0300 | 0041 8beb | e968 ffff | ff83 c502 | ffc5 eb03 | 83c5 023b 
  0x00000205c589cfe8: ac24 9800 | 0000 0f8d | 6903 0000 | 448b 9424 | 9800 0000 | 4181 fa00 | 0010 000f | 877f 3000 
  0x00000205c589d008: 004d 8b9f | b801 0000 | 4d63 d249 | 83c2 1749 | 83e2 f84d | 8bc3 4d03 | c24d 3b87 | c801 0000 
  0x00000205c589d028: 0f83 5a30 | 0000 4d89 | 87b8 0100 | 0041 0f0d | 88c0 0000 | 0049 c703 | 0100 0000 | 410f 0d88 
  0x00000205c589d048: 0001 0000 

  0x00000205c589d04c: ;   {metadata({type array byte})}
  0x00000205c589d04c: 41c7 4308 | 1823 0000 | 8bbc 2498 | 0000 0041 | 897b 0c41 | 0f0d 8840 | 0100 0041 | 0f0d 8880 
  0x00000205c589d06c: 0100 004c | 899c 24a0 | 0000 0085 | ed0f 8ef3 | 0000 0044 | 8d55 ff44 | 3b94 2498 | 0000 000f 
  0x00000205c589d08c: 832f 4500 | 0044 8b9c | 2498 0000 | 0045 85db | 0f86 1e45 | 0000 440f | be5b 104c | 8b84 24a0 
  0x00000205c589d0ac: 0000 0045 | 8858 1041 | 83fa 010f | 8e84 0000 | 008b f52b | 7424 28ff | ce45 33c0 | 443b 5424 
  0x00000205c589d0cc: 2841 0f4c | f081 fed0 | 0700 0041 | bbd0 0700 | 0041 0f47 | f303 7424 | 2866 6666 | 0f1f 8400 
  0x00000205c589d0ec: 0000 0000 | 4c63 5c24 | 2846 0fbe | 441b 1048 | 8bbc 24a0 | 0000 0046 | 8844 1f10 | 420f be7c 
  0x00000205c589d10c: 1b11 4c8b | 8424 a000 | 0000 4388 | 7c18 1144 | 8b44 2428 | 4183 c002 | 4489 4424 | 2844 3bc6 
  0x00000205c589d12c: 7cc2 4d8b | 9f58 0400 

  0x00000205c589d134: ; ImmutableOopMap {rbx=NarrowOop [32]=Oop [48]=Oop [56]=Oop [64]=Oop [72]=Oop [88]=Oop [120]=Oop [128]=Oop [136]=NarrowOop [144]=Oop [160]=Oop [176]=Oop [184]=Oop [192]=NarrowOop }
                      ;*goto {reexecute=1 rethrow=0 return_oop=0}
                      ; - (reexecute) java.lang.StringLatin1::replace@76
                      ; - java.lang.String::replace@18
                      ; - java.net.URLClassLoader::isSealed@9
                      ; - java.net.URLClassLoader::getAndVerifyPackage@68
                      ; - java.net.URLClassLoader::defineClass@46
                      ; - java.net.URLClassLoader$1::run@43
                      ; - java.net.URLClassLoader$1::run@1
                      ; - java.security.AccessController::executePrivileged@29
                      ; - java.security.AccessController::doPrivileged@13
                      ; - java.net.URLClassLoader::findClass@13
                      ;   {poll}
  0x00000205c589d134: 0041 8503 | 453b c20f | 8c7c ffff | ff44 8b54 | 2428 443b | d57d 278b | 7c24 2890 | 4c63 d746 
  0x00000205c589d154: 0fbe 4413 | 104c 8b9c | 24a0 0000 | 0047 8844 | 1310 448d | 5701 418b | fa44 3bd5 | 7cde 3bac 
  0x00000205c589d174: 2498 0000 | 000f 8d58 | 0100 003b | ac24 9800 | 0000 0f83 | 1a3f 0000 | 443b 8c24 | 9800 0000 
  0x00000205c589d194: 0f83 0c3f | 0000 448d | 5d01 4c63 | d546 0fbe | 4c13 1041 | 83f9 2e0f | 8437 0800 | 004c 8b84 
  0x00000205c589d1b4: 24a0 0000 | 0047 884c | 1010 448d | 4501 453b | c37d 0541 | 8be8 ebd2 | 443b c10f | 8dcb 0000 
  0x00000205c589d1d4: 00ff c5e9 | 9300 0000 | 41ba 2f00 | 0000 6666 | 0f1f 8400 | 0000 0000 | 6666 6690 | 4788 5408 
  0x00000205c589d1f4: 1246 0fbe | 540b 1341 | 83fa 2e74 | 5847 8854 | 0813 83c5 | 0441 3beb | 7d53 4c63 | cd46 0fbe 
  0x00000205c589d214: 540b 1041 | 83fa 2e74 | 344c 8b84 | 24a0 0000 | 0047 8854 | 0810 460f | be54 0b11 | 4183 fa2e 
  0x00000205c589d234: ;   {no_reloc}
  0x00000205c589d234: 7413 4788 | 5408 1146 | 0fbe 540b | 1241 83fa | 2e75 a9eb | 9341 ba2f | 0000 00eb | e541 ba2f 
  0x00000205c589d254: 0000 00eb | c441 ba2f | 0000 00eb | a04d 8b97 

  0x00000205c589d264: ; ImmutableOopMap {r8=Oop rbx=NarrowOop [32]=Oop [48]=Oop [56]=Oop [64]=Oop [72]=Oop [88]=Oop [120]=Oop [128]=Oop [136]=NarrowOop [144]=Oop [160]=Oop [176]=Oop [184]=Oop [192]=NarrowOop }
                      ;*goto {reexecute=1 rethrow=0 return_oop=0}
                      ; - (reexecute) java.lang.StringLatin1::replace@113
                      ; - java.lang.String::replace@18
                      ; - java.net.URLClassLoader::isSealed@9
                      ; - java.net.URLClassLoader::getAndVerifyPackage@68
                      ; - java.net.URLClassLoader::defineClass@46
                      ; - java.net.URLClassLoader$1::run@43
                      ; - java.net.URLClassLoader$1::run@1
                      ; - java.security.AccessController::executePrivileged@29
                      ; - java.security.AccessController::doPrivileged@13
                      ; - java.net.URLClassLoader::findClass@13
  0x00000205c589d264: 5804 0000 

  0x00000205c589d268: ;   {poll}
  0x00000205c589d268: 4185 023b | e97d 3444 | 8b9c 2498 | 0000 0044 | 2bdd 4183 | c3fd 4533 | d23b cd45 | 0f4c da41 
  0x00000205c589d288: 81fb a00f | 0000 41b8 | a00f 0000 | 450f 47d8 | 4403 dde9 | 6eff ffff | 418b e83b | ac24 9800 
  0x00000205c589d2a8: 0000 7d2b | 4c63 d546 | 0fbe 4413 | 1041 83f8 | 2e0f 842b | 0b00 004c | 8b9c 24a0 | 0000 0047 
  0x00000205c589d2c8: 8844 1310 | ffc5 3bac | 2498 0000 | 007c d549 | 8b87 b801 | 0000 4c8b | d049 83c2 | 184d 3b97 
  0x00000205c589d2e8: c801 0000 | 0f83 fc2d | 0000 4d89 | 97b8 0100 | 0041 0f0d | 8ac0 0000 | 0048 c700 | 0100 0000 
  0x00000205c589d308: ;   {metadata('java/lang/String')}
  0x00000205c589d308: c740 0878 | e800 0044 | 8960 0c4c | 8960 104c | 8b94 24a0 | 0000 004d | 8bda 4489 | 5814 4889 
  0x00000205c589d328: 8424 a000 | 0000 eb40 | 41bb 0100 | 0000 443b | 9c24 9800 | 0000 7d1d | 460f be54 | 1b10 4183 
  0x00000205c589d348: fa2e 0f84 | c82e 0000 | 41ff c344 | 3b9c 2498 | 0000 007c | e34c 8bd3 | 4c8b 9c24 | 9000 0000 
  0x00000205c589d368: 4c89 9c24 | a000 0000 | 458b 520c | 4585 d20f | 86fc 1a00 | 004c 8b9c | 24a0 0000 | 0045 0fbe 
  0x00000205c589d388: 5b10 c442 | 22f7 da4d | 63d3 4c89 | 9424 9800 | 0000 488b | 9424 a000 | 0000 4c8b | 9424 9000 
  0x00000205c589d3a8: 0000 4c89 | 5424 384c | 8b94 2480 | 0000 004c | 8954 2460 | 4c89 5424 | 684c 8b94 | 24b0 0000 
  0x00000205c589d3c8: 004c 8954 | 2470 488b | ac24 b800 | 0000 6690 

  0x00000205c589d3d8: ;   {optimized virtual_call}
  0x00000205c589d3d8: c5f8 77e8 

  0x00000205c589d3dc: ; ImmutableOopMap {rbp=Oop [32]=Oop [48]=Oop [56]=Oop [64]=Oop [72]=Oop [88]=Oop [96]=Oop [104]=Oop [112]=Oop [120]=Oop [128]=Oop [136]=NarrowOop [144]=Oop [160]=Oop [176]=Oop [184]=Oop [192]=NarrowOop }
                      ;*invokevirtual coder {reexecute=0 rethrow=0 return_oop=0}
                      ; - java.lang.StringConcatHelper::mix@9
                      ; - java.lang.StringConcatHelper::simpleConcat@46
                      ; - java.lang.String::concat@11
                      ; - java.net.URLClassLoader::isSealed@15
                      ; - java.net.URLClassLoader::getAndVerifyPackage@68
                      ; - java.net.URLClassLoader::defineClass@46
                      ; - java.net.URLClassLoader$1::run@43
                      ; - java.net.URLClassLoader$1::run@1
                      ; - java.security.AccessController::executePrivileged@29
                      ; - java.security.AccessController::doPrivileged@13
                      ; - java.net.URLClassLoader::findClass@13
  0x00000205c589d3dc: 601a dfff 

  0x00000205c589d3e0: ;   {other}
  0x00000205c589d3e0: 0f1f 8400 | 5027 0017 | 83f8 010f | 84bf 4000 | 0048 8b94 | 2498 0000 | 0066 6690 

  0x00000205c589d3fc: ;   {static_call}
  0x00000205c589d3fc: c5f8 77e8 

  0x00000205c589d400: ; ImmutableOopMap {rbp=Oop [32]=Oop [48]=Oop [56]=Oop [64]=Oop [72]=Oop [88]=Oop [96]=Oop [112]=Oop [120]=Oop [128]=Oop [136]=NarrowOop [144]=Oop [160]=Oop [176]=Oop [184]=Oop [192]=NarrowOop }
                      ;*invokestatic checkOverflow {reexecute=0 rethrow=0 return_oop=0}
                      ; - java.lang.StringConcatHelper::mix@23
                      ; - java.lang.StringConcatHelper::simpleConcat@46
                      ; - java.lang.String::concat@11
                      ; - java.net.URLClassLoader::isSealed@15
                      ; - java.net.URLClassLoader::getAndVerifyPackage@68
                      ; - java.net.URLClassLoader::defineClass@46
                      ; - java.net.URLClassLoader$1::run@43
                      ; - java.net.URLClassLoader$1::run@1
                      ; - java.security.AccessController::executePrivileged@29
                      ; - java.security.AccessController::doPrivileged@13
                      ; - java.net.URLClassLoader::findClass@13
  0x00000205c589d400: 1c0b e5ff 

  0x00000205c589d404: ;   {other}
  0x00000205c589d404: 0f1f 8400 | 7427 0018 

  0x00000205c589d40c: ;   {oop("/"{0x00000000e06f97c0})}
  0x00000205c589d40c: 488b d049 | b8c0 976f | e000 0000 | 0066 6690 

  0x00000205c589d41c: ;   {static_call}
  0x00000205c589d41c: c5f8 77e8 

  0x00000205c589d420: ; ImmutableOopMap {rbp=Oop [32]=Oop [48]=Oop [56]=Oop [64]=Oop [72]=Oop [88]=Oop [96]=Oop [112]=Oop [120]=Oop [128]=Oop [136]=NarrowOop [144]=Oop [160]=Oop [176]=Oop [184]=Oop [192]=NarrowOop }
                      ;*invokestatic mix {reexecute=0 rethrow=0 return_oop=0}
                      ; - java.lang.StringConcatHelper::simpleConcat@54
                      ; - java.lang.String::concat@11
                      ; - java.net.URLClassLoader::isSealed@15
                      ; - java.net.URLClassLoader::getAndVerifyPackage@68
                      ; - java.net.URLClassLoader::defineClass@46
                      ; - java.net.URLClassLoader$1::run@43
                      ; - java.net.URLClassLoader$1::run@1
                      ; - java.security.AccessController::executePrivileged@29
                      ; - java.security.AccessController::doPrivileged@13
                      ; - java.net.URLClassLoader::findClass@13
  0x00000205c589d420: fcd9 e6ff 

  0x00000205c589d424: ;   {other}
  0x00000205c589d424: 0f1f 8400 | 9427 0019 | 4c8b d049 | c1fa 2044 | 8bd8 458b | c245 0fbe | d0c4 4229 | f7d3 4585 
  0x00000205c589d444: d20f 8ce1 | 4000 0041 | 81fa 0000 | 1000 0f87 | b436 0000 | 4d63 da41 | 81fa 0000 | 1000 0f87 
  0x00000205c589d464: a626 0000 | 4889 4424 | 3849 8b87 | b801 0000 | 4983 c317 | 4983 e3f8 | 4c8b c04d | 03c3 4d3b 
  0x00000205c589d484: 87c8 0100 | 000f 8384 | 2600 004d | 8987 b801 | 0000 410f | 0d88 c000 | 0000 48c7 | 0001 0000 
  0x00000205c589d4a4: 0041 0f0d | 8800 0100 

  0x00000205c589d4ac: ;   {metadata({type array byte})}
  0x00000205c589d4ac: 00c7 4008 | 1823 0000 | 4489 500c | 410f 0d88 | 4001 0000 | 410f 0d88 | 8001 0000 | 488b e848 
  0x00000205c589d4cc: 8b54 2438 

  0x00000205c589d4d0: ;   {oop("/"{0x00000000e06f97c0})}
  0x00000205c589d4d0: 4c8b c549 | b9c0 976f | e000 0000 | 004c 8b94 | 24b0 0000 | 004c 8954 | 2438 4c8b | 9424 9000 
  0x00000205c589d4f0: 0000 4c89 | 5424 604c | 8b94 2480 | 0000 004c | 8954 2468 | 4c89 5424 | 704c 8b94 | 24b8 0000 
  0x00000205c589d510: 004c 8994 | 24a8 0000 | 0066 6690 

  0x00000205c589d51c: ;   {static_call}
  0x00000205c589d51c: c5f8 77e8 

  0x00000205c589d520: ; ImmutableOopMap {rbp=Oop [32]=Oop [48]=Oop [56]=Oop [64]=Oop [72]=Oop [88]=Oop [96]=Oop [104]=Oop [112]=Oop [120]=Oop [128]=Oop [136]=NarrowOop [144]=Oop [160]=Oop [168]=Oop [176]=Oop [184]=Oop [192]=NarrowOop }
                      ;*invokestatic prepend {reexecute=0 rethrow=0 return_oop=0}
                      ; - java.lang.StringConcatHelper::simpleConcat@71
                      ; - java.lang.String::concat@11
                      ; - java.net.URLClassLoader::isSealed@15
                      ; - java.net.URLClassLoader::getAndVerifyPackage@68
                      ; - java.net.URLClassLoader::defineClass@46
                      ; - java.net.URLClassLoader$1::run@43
                      ; - java.net.URLClassLoader$1::run@1
                      ; - java.security.AccessController::executePrivileged@29
                      ; - java.security.AccessController::doPrivileged@13
                      ; - java.net.URLClassLoader::findClass@13
  0x00000205c589d520: 7c01 e4ff 

  0x00000205c589d524: ;   {other}
  0x00000205c589d524: 0f1f 8400 | 9428 001a | 488b d04c | 8bc5 4c8b | 8c24 a000 | 0000 4c8b | 9424 a800 | 0000 4c89 
  0x00000205c589d544: 9424 a000 | 0000 6690 

  0x00000205c589d54c: ;   {static_call}
  0x00000205c589d54c: c5f8 77e8 

  0x00000205c589d550: ; ImmutableOopMap {rbp=Oop [32]=Oop [48]=Oop [56]=Oop [64]=Oop [72]=Oop [88]=Oop [96]=Oop [104]=Oop [120]=Oop [128]=Oop [136]=NarrowOop [144]=Oop [160]=Oop [168]=Oop [176]=Oop [184]=Oop [192]=NarrowOop }
                      ;*invokestatic prepend {reexecute=0 rethrow=0 return_oop=0}
                      ; - java.lang.StringConcatHelper::simpleConcat@81
                      ; - java.lang.String::concat@11
                      ; - java.net.URLClassLoader::isSealed@15
                      ; - java.net.URLClassLoader::getAndVerifyPackage@68
                      ; - java.net.URLClassLoader::defineClass@46
                      ; - java.net.URLClassLoader$1::run@43
                      ; - java.net.URLClassLoader$1::run@1
                      ; - java.security.AccessController::executePrivileged@29
                      ; - java.security.AccessController::doPrivileged@13
                      ; - java.net.URLClassLoader::findClass@13
  0x00000205c589d550: 4c01 e4ff 

  0x00000205c589d554: ;   {other}
  0x00000205c589d554: 0f1f 8400 | c428 001b | 488b d54c | 8bc0 4c8b | 5424 604c | 8954 2438 | 4c8b 5424 | 684c 8954 
  0x00000205c589d574: 2460 4c8b | 9424 b000 | 0000 4c89 | 5424 7048 | 8bac 24a0 | 0000 0090 

  0x00000205c589d58c: ;   {static_call}
  0x00000205c589d58c: c5f8 77e8 

  0x00000205c589d590: ; ImmutableOopMap {rbp=Oop [32]=Oop [48]=Oop [56]=Oop [64]=Oop [72]=Oop [88]=Oop [96]=Oop [104]=Oop [112]=Oop [120]=Oop [128]=Oop [136]=NarrowOop [144]=Oop [176]=Oop [184]=Oop [192]=NarrowOop }
                      ;*invokestatic newString {reexecute=0 rethrow=0 return_oop=1}
                      ; - java.lang.StringConcatHelper::simpleConcat@90
                      ; - java.lang.String::concat@11
                      ; - java.net.URLClassLoader::isSealed@15
                      ; - java.net.URLClassLoader::getAndVerifyPackage@68
                      ; - java.net.URLClassLoader::defineClass@46
                      ; - java.net.URLClassLoader$1::run@43
                      ; - java.net.URLClassLoader$1::run@1
                      ; - java.security.AccessController::executePrivileged@29
                      ; - java.security.AccessController::doPrivileged@13
                      ; - java.net.URLClassLoader::findClass@13
  0x00000205c589d590: 0c05 ebff 

  0x00000205c589d594: ;   {other}
  0x00000205c589d594: 0f1f 8400 | 0429 001c | 448b 5424 

  0x00000205c589d5a0: ;   {metadata('java/util/jar/JavaUtilJarAccessImpl')}
  0x00000205c589d5a0: 2c41 81fa | a05b 3100 | 0f85 7636 | 0000 488b | 9424 8000 | 0000 4c8b | c04c 8b94 | 2490 0000 
  0x00000205c589d5c0: 004c 8954 | 2420 4c8b | d24c 8954 | 2428 4c8b | 9424 b000 | 0000 4c89 | 5424 3848 | 8bac 24b8 
  0x00000205c589d5e0: 0000 0090 

  0x00000205c589d5e4: ;   {optimized virtual_call}
  0x00000205c589d5e4: c5f8 77e8 

  0x00000205c589d5e8: ; ImmutableOopMap {rbp=Oop [32]=Oop [40]=Oop [48]=Oop [56]=Oop [64]=Oop [72]=Oop [88]=Oop [120]=Oop [128]=Oop [136]=NarrowOop [144]=Oop [176]=Oop [184]=Oop }
                      ;*invokevirtual getTrustedAttributes {reexecute=0 rethrow=0 return_oop=1}
                      ; - java.util.jar.JavaUtilJarAccessImpl::getTrustedAttributes@2
                      ; - java.net.URLClassLoader::isSealed@18
                      ; - java.net.URLClassLoader::getAndVerifyPackage@68
                      ; - java.net.URLClassLoader::defineClass@46
                      ; - java.net.URLClassLoader$1::run@43
                      ; - java.net.URLClassLoader$1::run@1
                      ; - java.security.AccessController::executePrivileged@29
                      ; - java.security.AccessController::doPrivileged@13
                      ; - java.net.URLClassLoader::findClass@13
  0x00000205c589d5e8: b402 42f8 

  0x00000205c589d5ec: ;   {other}
  0x00000205c589d5ec: 0f1f 8400 | 5c29 001d | 4885 c00f | 85e3 1100 | 004c 8b94 | 2480 0000 | 0041 8b6a | 0c85 ed0f 
  0x00000205c589d60c: 84d3 3d00 | 004c 8954 | 2460 488b 

  0x00000205c589d618: ;   {oop(a 'java/util/jar/Attributes$Name'{0x00000000e072d4a0})}
  0x00000205c589d618: d549 b8a0 | d472 e000 | 0000 004c | 8b94 2490 | 0000 004c | 8954 2420 | 4c8b 9424 | b000 0000 
  0x00000205c589d638: 4c89 5424 | 2848 8bac | 24b8 0000 | 0066 6690 

  0x00000205c589d648: ;   {optimized virtual_call}
  0x00000205c589d648: c5f8 77e8 

  0x00000205c589d64c: ; ImmutableOopMap {rbp=Oop [32]=Oop [40]=Oop [48]=Oop [64]=Oop [72]=Oop [88]=Oop [96]=Oop [120]=Oop [136]=NarrowOop [144]=Oop [176]=Oop [184]=Oop }
                      ;*invokevirtual getValue {reexecute=0 rethrow=0 return_oop=1}
                      ; - java.net.URLClassLoader::isSealed@58
                      ; - java.net.URLClassLoader::getAndVerifyPackage@68
                      ; - java.net.URLClassLoader::defineClass@46
                      ; - java.net.URLClassLoader$1::run@43
                      ; - java.net.URLClassLoader$1::run@1
                      ; - java.security.AccessController::executePrivileged@29
                      ; - java.security.AccessController::doPrivileged@13
                      ; - java.net.URLClassLoader::findClass@13
  0x00000205c589d64c: b033 39f8 

  0x00000205c589d650: ;   {other}
  0x00000205c589d650: 0f1f 8400 | c029 001e 

  0x00000205c589d658: ;   {oop("true"{0x00000000e06ffb90})}
  0x00000205c589d658: 48ba 90fb | 6fe0 0000 | 0000 4c8b | c066 6690 

  0x00000205c589d668: ;   {optimized virtual_call}
  0x00000205c589d668: c5f8 77e8 

  0x00000205c589d66c: ; ImmutableOopMap {rbp=Oop [32]=Oop [40]=Oop [48]=Oop [64]=Oop [72]=Oop [88]=Oop [96]=Oop [120]=Oop [136]=NarrowOop [144]=Oop [176]=Oop [184]=Oop }
                      ;*invokevirtual equalsIgnoreCase {reexecute=0 rethrow=0 return_oop=0}
                      ; - java.net.URLClassLoader::isSealed@68
                      ; - java.net.URLClassLoader::getAndVerifyPackage@68
                      ; - java.net.URLClassLoader::defineClass@46
                      ; - java.net.URLClassLoader$1::run@43
                      ; - java.net.URLClassLoader$1::run@1
                      ; - java.security.AccessController::executePrivileged@29
                      ; - java.security.AccessController::doPrivileged@13
                      ; - java.net.URLClassLoader::findClass@13
  0x00000205c589d66c: d092 f4ff 

  0x00000205c589d670: ;   {other}
  0x00000205c589d670: 0f1f 8400 | e029 001f | 85c0 0f85 | d03d 0000 | 4c8b 4424 | 284c 8b5c | 2448 448b | 8c24 8800 
  0x00000205c589d690: 0000 eb7d | 4c8b 8424 | 9000 0000 | 4c8b 9424 | 8000 0000 

  0x00000205c589d6a4: ;   {metadata('java/lang/IllegalArgumentException')}
  0x00000205c589d6a4: 48bd c09a | 06d1 0502 | 0000 4d85 | d20f 84c1 | 0f00 004c | 8954 2420 | 4c89 4424 | 384c 898c 
  0x00000205c589d6c4: 24b8 0000 | 0049 8bd1 | 4d8b ca48 | 8b7c 2430 | 4c8b 9424 | b000 0000 | 4c89 5424 | 284c 8954 
  0x00000205c589d6e4: 2460 4889 | 5424 6890 

  0x00000205c589d6ec: ;   {optimized virtual_call}
  0x00000205c589d6ec: c5f8 77e8 

  0x00000205c589d6f0: ; ImmutableOopMap {[32]=Oop [40]=Oop [48]=Oop [56]=Oop [64]=Oop [72]=Oop [88]=Oop [96]=Oop [104]=Oop [136]=NarrowOop [176]=Oop [184]=Oop }
                      ;*invokevirtual definePackage {reexecute=0 rethrow=0 return_oop=1}
                      ; - java.net.URLClassLoader::defineClass@64
                      ; - java.net.URLClassLoader$1::run@43
                      ; - java.net.URLClassLoader$1::run@1
                      ; - java.security.AccessController::executePrivileged@29
                      ; - java.security.AccessController::doPrivileged@13
                      ; - java.net.URLClassLoader::findClass@13
  0x00000205c589d6f0: 2c64 7ff8 

  0x00000205c589d6f4: ;   {other}
  0x00000205c589d6f4: 0f1f 8400 | 642a 0020 | 4c8b 8424 | b000 0000 | 4c8b 5c24 | 4844 8b8c | 2488 0000 | 0044 894c 
  0x00000205c589d714: 2458 4c89 | 5c24 484c | 8984 24b0 | 0000 0049 | 8bd3 4c89 | 5c24 204c | 8944 2428 

  0x00000205c589d730: ;   {optimized virtual_call}
  0x00000205c589d730: c5f8 77e8 

  0x00000205c589d734: ; ImmutableOopMap {[32]=Oop [40]=Oop [48]=Oop [64]=Oop [72]=Oop [88]=NarrowOop [176]=Oop [184]=Oop }
                      ;*invokevirtual getByteBuffer {reexecute=0 rethrow=0 return_oop=1}
                      ; - java.net.URLClassLoader::defineClass@132
                      ; - java.net.URLClassLoader$1::run@43
                      ; - java.net.URLClassLoader$1::run@1
                      ; - java.security.AccessController::executePrivileged@29
                      ; - java.security.AccessController::doPrivileged@13
                      ; - java.net.URLClassLoader::findClass@13
  0x00000205c589d734: 0862 0100 

  0x00000205c589d738: ;   {other}
  0x00000205c589d738: 0f1f 8400 | a82a 0021 | 4885 c00f | 8577 3700 | 0048 8b54 | 2420 448b 

  0x00000205c589d750: ;   {metadata('jdk/internal/loader/URLClassPath$JarLoader$2')}
  0x00000205c589d750: 5a08 4181 | fb30 2421 | 000f 854b | 1000 0048 | 8954 2420 

  0x00000205c589d764: ;   {optimized virtual_call}
  0x00000205c589d764: c5f8 77e8 

  0x00000205c589d768: ; ImmutableOopMap {[32]=Oop [40]=Oop [48]=Oop [64]=Oop [72]=Oop [88]=NarrowOop [176]=Oop [184]=Oop }
                      ;*invokevirtual getBytes {reexecute=0 rethrow=0 return_oop=1}
                      ; - java.net.URLClassLoader::defineClass@179
                      ; - java.net.URLClassLoader$1::run@43
                      ; - java.net.URLClassLoader$1::run@1
                      ; - java.security.AccessController::executePrivileged@29
                      ; - java.security.AccessController::doPrivileged@13
                      ; - java.net.URLClassLoader::findClass@13
  0x00000205c589d768: 74af 0100 

  0x00000205c589d76c: ;   {other}
  0x00000205c589d76c: 0f1f 8400 | dc2a 0022 | 4889 4424 | 6048 8b54 | 2448 448b 

  0x00000205c589d780: ;   {metadata('jdk/internal/loader/URLClassPath$JarLoader$2')}
  0x00000205c589d780: 5a08 4181 | fb30 2421 | 000f 85d5 | 0f00 004c | 8b94 24b0 | 0000 004c | 8954 2420 

  0x00000205c589d79c: ;   {optimized virtual_call}
  0x00000205c589d79c: c5f8 77e8 

  0x00000205c589d7a0: ; ImmutableOopMap {[32]=Oop [48]=Oop [64]=Oop [72]=Oop [88]=NarrowOop [96]=Oop [176]=Oop [184]=Oop }
                      ;*invokevirtual getCodeSigners {reexecute=0 rethrow=0 return_oop=1}
                      ; - java.net.URLClassLoader::defineClass@185
                      ; - java.net.URLClassLoader$1::run@43
                      ; - java.net.URLClassLoader$1::run@1
                      ; - java.security.AccessController::executePrivileged@29
                      ; - java.security.AccessController::doPrivileged@13
                      ; - java.net.URLClassLoader::findClass@13
  0x00000205c589d7a0: bcb4 0100 

  0x00000205c589d7a4: ;   {other}
  0x00000205c589d7a4: 0f1f 8400 | 142b 0023 | 4885 c00f | 8533 3000 | 0049 8b87 | b801 0000 | 4c8b d049 | 83c2 284d 
  0x00000205c589d7c4: 3b97 c801 | 0000 0f83 | c822 0000 | 4d89 97b8 | 0100 0041 | 0f0d 8ac0 | 0000 0048 | c700 0100 
  0x00000205c589d7e4: ;   {metadata('java/security/CodeSource')}
  0x00000205c589d7e4: 0000 c740 | 0828 5c00 | 0044 8960 | 0c4c 8960 | 104c 8960 | 184c 8960 | 2048 8944 | 2458 488b 
  0x00000205c589d804: d04c 8b44 | 2430 4533 | c94c 8b94 | 24b0 0000 | 004c 8954 | 2420 6690 

  0x00000205c589d81c: ;   {optimized virtual_call}
  0x00000205c589d81c: c5f8 77e8 

  0x00000205c589d820: ; ImmutableOopMap {[32]=Oop [64]=Oop [72]=Oop [88]=Oop [96]=Oop [176]=Oop [184]=Oop }
                      ;*invokespecial <init> {reexecute=0 rethrow=0 return_oop=0}
                      ; - java.net.URLClassLoader::defineClass@198
                      ; - java.net.URLClassLoader$1::run@43
                      ; - java.net.URLClassLoader$1::run@1
                      ; - java.security.AccessController::executePrivileged@29
                      ; - java.security.AccessController::doPrivileged@13
                      ; - java.net.URLClassLoader::findClass@13
  0x00000205c589d820: bc34 0100 

  0x00000205c589d824: ;   {other}
  0x00000205c589d824: 0f1f 8400 | 942b 0024 

  0x00000205c589d82c: ;   {oop(a 'jdk/internal/perf/PerfCounter'{0x00000000e1f69c78})}
  0x00000205c589d82c: 48ba 789c | f6e1 0000 | 0000 4c8b | 4424 5090 

  0x00000205c589d83c: ;   {optimized virtual_call}
  0x00000205c589d83c: c5f8 77e8 

  0x00000205c589d840: ; ImmutableOopMap {[32]=Oop [64]=Oop [72]=Oop [88]=Oop [96]=Oop [176]=Oop [184]=Oop }
                      ;*invokevirtual addElapsedTimeFrom {reexecute=0 rethrow=0 return_oop=0}
                      ; - java.net.URLClassLoader::defineClass@207
                      ; - java.net.URLClassLoader$1::run@43
                      ; - java.net.URLClassLoader$1::run@1
                      ; - java.security.AccessController::executePrivileged@29
                      ; - java.security.AccessController::doPrivileged@13
                      ; - java.net.URLClassLoader::findClass@13
  0x00000205c589d840: 7c61 f0ff 

  0x00000205c589d844: ;   {other}
  0x00000205c589d844: 0f1f 8400 | b42b 0025 | 4c8b 4c24 | 6041 8b71 | 0c48 8b94 | 24b8 0000 | 004c 8b44 | 2420 33ff 
  0x00000205c589d864: 488b 4c24 | 5866 6690 

  0x00000205c589d86c: ;   {optimized virtual_call}
  0x00000205c589d86c: c5f8 77e8 

  0x00000205c589d870: ; ImmutableOopMap {[32]=Oop [64]=Oop [72]=Oop [176]=Oop [184]=Oop }
                      ;*invokevirtual defineClass {reexecute=0 rethrow=0 return_oop=1}
                      ; - java.net.URLClassLoader::defineClass@220
                      ; - java.net.URLClassLoader$1::run@43
                      ; - java.net.URLClassLoader$1::run@1
                      ; - java.security.AccessController::executePrivileged@29
                      ; - java.security.AccessController::doPrivileged@13
                      ; - java.net.URLClassLoader::findClass@13
  0x00000205c589d870: ac67 0100 

  0x00000205c589d874: ;   {other}
  0x00000205c589d874: 0f1f 8400 | e42b 0026 | 4885 c00f | 84ec e6ff | ffc5 f877 | 4881 c4f0 | 0000 005d 

  0x00000205c589d890: ;   {poll_return}
  0x00000205c589d890: 493b a750 | 0400 000f | 87fe 6c00 | 00c3 41ba | 2f00 0000 | e9fc e1ff | ff41 0fb6 | 4811 85c9 
  0x00000205c589d8b0: 0f85 bb17 | 0000 4489 | 5c24 2c4c | 8954 2438 | 458b 5814 | 448b 4424 | 2c49 8be8 | 498b d34c 
  0x00000205c589d8d0: 8b94 24c8 | 0000 0041 | 807a 1000 | 0f85 0614 | 0000 4c8b | 9424 b000 | 0000 4c89 | 5424 6044 
  0x00000205c589d8f0: 8b94 2488 | 0000 0044 | 8954 2478 | 4c89 8c24 | 8000 0000 | 4c89 8c24 | a000 0000 

  0x00000205c589d90c: ;   {static_call}
  0x00000205c589d90c: c5f8 77e8 

  0x00000205c589d910: ; ImmutableOopMap {rbp=Oop [44]=NarrowOop [48]=Oop [56]=Oop [64]=Oop [72]=Oop [88]=Oop [96]=Oop [120]=NarrowOop [128]=Oop [136]=NarrowOop [160]=Oop [176]=Oop [184]=Oop [200]=Oop }
                      ;*invokestatic hashCode {reexecute=0 rethrow=0 return_oop=0}
                      ; - java.lang.String::hashCode@27
                      ; - java.util.concurrent.ConcurrentHashMap::get@1
                      ; - java.lang.ClassLoader::getDefinedPackage@13
                      ; - java.net.URLClassLoader::getAndVerifyPackage@2
                      ; - java.net.URLClassLoader::defineClass@46
                      ; - java.net.URLClassLoader$1::run@43
                      ; - java.net.URLClassLoader$1::run@1
                      ; - java.security.AccessController::executePrivileged@29
                      ; - java.security.AccessController::doPrivileged@13
                      ; - java.net.URLClassLoader::findClass@13
  0x00000205c589d910: ac5f dbff 

  0x00000205c589d914: ;   {other}
  0x00000205c589d914: 0f1f 8400 | 842c 0027 | 85c0 0f84 | 1d23 0000 | 4c8b 8424 | c800 0000 | 4189 400c | 4c8b 8c24 
  0x00000205c589d934: b800 0000 | 4c8b 5424 | 3844 8b5c | 242c e973 | eeff ff4c | 8984 24c8 | 0000 00e9 | 4cec ffff 
  0x00000205c589d954: 4585 d20f | 856c 2100 | 004c 8b94 | 2490 0000 | 0045 0fbe | 5a10 498b | d144 8b44 | 2420 498b 
  0x00000205c589d974: e845 85db | 0f85 af14 | 0000 4c8b | 9424 b000 | 0000 4c89 | 5424 384c | 8b94 24b8 | 0000 004c 
  0x00000205c589d994: 8954 2460 | 448b 9424 | 8800 0000 | 4489 5424 | 244c 8b94 | 2490 0000 | 004c 8954 | 2470 6690 
  0x00000205c589d9b4: ;   {static_call}
  0x00000205c589d9b4: c5f8 77e8 

  0x00000205c589d9b8: ; ImmutableOopMap {rbp=Oop [32]=NarrowOop [36]=NarrowOop [48]=Oop [56]=Oop [64]=Oop [72]=Oop [88]=Oop [96]=Oop [112]=Oop [128]=Oop [136]=NarrowOop [144]=Oop [176]=Oop [184]=Oop [192]=NarrowOop }
                      ;*invokestatic hashCode {reexecute=0 rethrow=0 return_oop=0}
                      ; - java.lang.String::hashCode@27
                      ; - java.util.concurrent.ConcurrentHashMap::get@1
                      ; - java.lang.ClassLoader::definePackage@47
                      ; - java.lang.ClassLoader::getDefinedPackage@32
                      ; - java.net.URLClassLoader::getAndVerifyPackage@2
                      ; - java.net.URLClassLoader::defineClass@46
                      ; - java.net.URLClassLoader$1::run@43
                      ; - java.net.URLClassLoader$1::run@1
                      ; - java.security.AccessController::executePrivileged@29
                      ; - java.security.AccessController::doPrivileged@13
                      ; - java.net.URLClassLoader::findClass@13
  0x00000205c589d9b8: c416 84ff 

  0x00000205c589d9bc: ;   {other}
  0x00000205c589d9bc: 0f1f 8400 | 2c2d 0028 | 85c0 0f84 | e427 0000 | 4c8b 9424 | 9000 0000 | 4189 420c | e91b f1ff 
  0x00000205c589d9dc: ff41 bb2f | 0000 00e9 | 9de1 ffff | 41b9 2f00 | 0000 e9be | f7ff ff33 | c0e9 3ae5 | ffff 418b 
  0x00000205c589d9fc: cbe9 a4e8 | ffff 498b | d24c 8b94 | 24b0 0000 | 004c 8954 | 2420 4c8b | 9424 b800 | 0000 4c89 
  0x00000205c589da1c: 5424 6848 | 8b6c 2468 

  0x00000205c589da24: ;   {optimized virtual_call}
  0x00000205c589da24: c5f8 77e8 

  0x00000205c589da28: ; ImmutableOopMap {rbp=Oop [32]=Oop [48]=Oop [64]=Oop [72]=Oop [88]=Oop [104]=Oop [120]=Oop [136]=NarrowOop [176]=Oop [184]=Oop [200]=Oop }
                      ;*invokevirtual getManEntry {reexecute=0 rethrow=0 return_oop=1}
                      ; - java.util.jar.JarFile::getManifestFromReference@27
                      ; - java.util.jar.JarFile::getManifest@1
                      ; - jdk.internal.loader.URLClassPath$JarLoader$2::getManifest@22
                      ; - java.net.URLClassLoader::defineClass@34
                      ; - java.net.URLClassLoader$1::run@43
                      ; - java.net.URLClassLoader$1::run@1
                      ; - java.security.AccessController::executePrivileged@29
                      ; - java.security.AccessController::doPrivileged@13
                      ; - java.net.URLClassLoader::findClass@13
  0x00000205c589da28: d496 53f8 

  0x00000205c589da2c: ;   {other}
  0x00000205c589da2c: 0f1f 8400 | 9c2d 0029 | 4885 c00f | 84e8 1300 | 0048 8944 | 2470 4c8b | 5424 7845 | 0fb6 5212 
  0x00000205c589da4c: 4585 d20f | 859f 0800 | 0048 8b54 | 2478 4c8b | c048 8b6c | 2420 4c8b | 5424 684c | 8954 2460 
  0x00000205c589da6c: ;   {optimized virtual_call}
  0x00000205c589da6c: c5f8 77e8 

  0x00000205c589da70: ; ImmutableOopMap {rbp=Oop [48]=Oop [64]=Oop [72]=Oop [88]=Oop [96]=Oop [120]=Oop [136]=NarrowOop [176]=Oop [184]=Oop [200]=Oop }
                      ;*invokespecial getInputStream {reexecute=0 rethrow=0 return_oop=1}
                      ; - java.util.jar.JarFile::getManifestFromReference@130
                      ; - java.util.jar.JarFile::getManifest@1
                      ; - jdk.internal.loader.URLClassPath$JarLoader$2::getManifest@22
                      ; - java.net.URLClassLoader::defineClass@34
                      ; - java.net.URLClassLoader$1::run@43
                      ; - java.net.URLClassLoader$1::run@1
                      ; - java.security.AccessController::executePrivileged@29
                      ; - java.security.AccessController::doPrivileged@13
                      ; - java.net.URLClassLoader::findClass@13
  0x00000205c589da70: ac96 f7ff 

  0x00000205c589da74: ;   {other}
  0x00000205c589da74: 0f1f 8400 | e42d 002a | 4889 4424 | 7049 8b87 | b801 0000 | 4c8b d049 | 83c2 184d | 3b97 c801 
  0x00000205c589da94: 0000 0f83 | 2428 0000 | 4d89 97b8 | 0100 0041 | 0f0d 8ac0 | 0000 0048 | c700 0100 

  0x00000205c589dab0: ;   {metadata('java/util/jar/Manifest')}
  0x00000205c589dab0: 0000 c740 | 08a0 e104 | 0044 8960 | 0c4c 8960 | 104c 8bd0 | 4c89 9424 | 8000 0000 | 4c8b 5424 
  0x00000205c589dad0: 7845 8b52 | 1444 8954 | 2420 498b | afb8 0100 | 004c 8bd5 | 4983 c210 | 4d3b 97c8 | 0100 000f 
  0x00000205c589daf0: 839f 2700 | 004d 8997 | b801 0000 | 410f 0d8a | c000 0000 | 48c7 4500 | 0100 0000 

  0x00000205c589db0c: ;   {metadata('java/util/jar/Attributes')}
  0x00000205c589db0c: c745 0840 | 8816 0044 | 8965 0cba | 1000 0000 | 4c8b 9424 | b000 0000 | 4c89 5424 | 3866 6690 
  0x00000205c589db2c: ;   {static_call}
  0x00000205c589db2c: c5f8 77e8 

  0x00000205c589db30: ; ImmutableOopMap {rbp=Oop [32]=NarrowOop [48]=Oop [56]=Oop [64]=Oop [72]=Oop [88]=Oop [96]=Oop [112]=Oop [120]=Oop [128]=Oop [136]=NarrowOop [176]=Oop [184]=Oop [200]=Oop }
                      ;*invokestatic newLinkedHashMap {reexecute=0 rethrow=0 return_oop=1}
                      ; - java.util.jar.Attributes::<init>@6
                      ; - java.util.jar.Attributes::<init>@3
                      ; - java.util.jar.Manifest::<init>@9
                      ; - java.util.jar.Manifest::<init>@4
                      ; - java.util.jar.JarFile::getManifestFromReference@143
                      ; - java.util.jar.JarFile::getManifest@1
                      ; - jdk.internal.loader.URLClassPath$JarLoader$2::getManifest@22
                      ; - java.net.URLClassLoader::defineClass@34
                      ; - java.net.URLClassLoader$1::run@43
                      ; - java.net.URLClassLoader$1::run@1
                      ; - java.security.AccessController::executePrivileged@29
                      ; - java.security.AccessController::doPrivileged@13
                      ; - java.net.URLClassLoader::findClass@13
  0x00000205c589db30: f46b 0000 

  0x00000205c589db34: ;   {other}
  0x00000205c589db34: 0f1f 8400 | a42e 002b | 488b f841 | 807f 4000 | 0f85 a223 | 0000 488b | dd4c 8bd5 | 4c8b c744 
  0x00000205c589db54: 8945 0c4c | 8bdf 4d33 | da44 8b4c | 2420 4d8b | c14c 8944 | 2438 49c1 | eb14 4d85 | db74 1f48 
  0x00000205c589db74: 85ff 741a | 49c1 ea09 | 48b9 0000 | abcc 0502 | 0000 4903 | ca80 3902 | 0f85 a524 | 0000 4180 
  0x00000205c589db94: 7f40 000f | 8514 2300 | 004c 8b94 | 2480 0000 | 0041 895a | 0c4c 8bdd | 4d33 da49 | c1eb 144d 
  0x00000205c589dbb4: 85db 741a | 49c1 ea09 | 48b9 0000 | abcc 0502 | 0000 4903 | ca80 3902 | 0f85 c323 | 0000 4d8b 
  0x00000205c589dbd4: 97b8 0100 | 004d 8bda | 4983 c330 | 4d3b 9fc8 | 0100 000f | 83f4 2600 | 004d 899f | b801 0000 
  0x00000205c589dbf4: 410f 0d8b | c000 0000 | 49c7 0201 

  0x00000205c589dc00: ;   {metadata('java/util/HashMap')}
  0x00000205c589dc00: 0000 0041 | c742 0868 | a908 0045 | 8962 0c4d | 8962 104d | 8962 184d | 8962 2849 | c742 2000 
  0x00000205c589dc20: 0040 3f49 | 8bda 4180 | 7f40 000f | 85ee 2200 | 004c 8b94 | 2480 0000 | 004c 8bc3 | 4c8b 9c24 
  0x00000205c589dc40: 8000 0000 | 4589 4310 | 4c8b db4d | 33da 49c1 | eb14 4d85 | db74 1a49 | c1ea 0948 | b900 00ab 
  0x00000205c589dc60: cc05 0200 | 0049 03ca | 8039 020f | 8575 2300 | 0048 8b94 | 2480 0000 | 004c 8b44 | 2470 4c8b 
  0x00000205c589dc80: 4c24 3848 | 8bac 24b0 | 0000 0090 

  0x00000205c589dc8c: ;   {optimized virtual_call}
  0x00000205c589dc8c: c5f8 77e8 

  0x00000205c589dc90: ; ImmutableOopMap {rbp=Oop [48]=Oop [64]=Oop [72]=Oop [88]=Oop [96]=Oop [112]=Oop [120]=Oop [128]=Oop [136]=NarrowOop [176]=Oop [184]=Oop [200]=Oop }
                      ;*invokevirtual read {reexecute=0 rethrow=0 return_oop=0}
                      ; - java.util.jar.Manifest::<init>@29
                      ; - java.util.jar.Manifest::<init>@4
                      ; - java.util.jar.JarFile::getManifestFromReference@143
                      ; - java.util.jar.JarFile::getManifest@1
                      ; - jdk.internal.loader.URLClassPath$JarLoader$2::getManifest@22
                      ; - java.net.URLClassLoader::defineClass@34
                      ; - java.net.URLClassLoader$1::run@43
                      ; - java.net.URLClassLoader$1::run@1
                      ; - java.security.AccessController::executePrivileged@29
                      ; - java.security.AccessController::doPrivileged@13
                      ; - java.net.URLClassLoader::findClass@13
  0x00000205c589dc90: 856a 0000 

  0x00000205c589dc94: ;   {other}
  0x00000205c589dc94: 0f1f 8400 | 0430 002c | 4180 7f40 | 000f 85b3 | 2200 004c | 8b94 2480 | 0000 0045 | 8962 144c 
  0x00000205c589dcb4: 8b54 2470 

  0x00000205c589dcb8: ; implicit exception: dispatches to 0x00000205c58a38c4
  0x00000205c589dcb8: 458b 5a08 

  0x00000205c589dcbc: ;   {metadata('java/util/zip/ZipFile$ZipFileInflaterInputStream')}
  0x00000205c589dcbc: 4181 fbc0 | a431 000f | 85db 3c00 | 0049 8bd2 

  0x00000205c589dccc: ;   {optimized virtual_call}
  0x00000205c589dccc: c5f8 77e8 

  0x00000205c589dcd0: ; ImmutableOopMap {rbp=Oop [48]=Oop [64]=Oop [72]=Oop [88]=Oop [96]=Oop [120]=Oop [128]=Oop [136]=NarrowOop [176]=Oop [184]=Oop [200]=Oop }
                      ;*invokevirtual close {reexecute=0 rethrow=0 return_oop=0}
                      ; - java.util.jar.JarFile::getManifestFromReference@152
                      ; - java.util.jar.JarFile::getManifest@1
                      ; - jdk.internal.loader.URLClassPath$JarLoader$2::getManifest@22
                      ; - java.net.URLClassLoader::defineClass@34
                      ; - java.net.URLClassLoader$1::run@43
                      ; - java.net.URLClassLoader$1::run@1
                      ; - java.security.AccessController::executePrivileged@29
                      ; - java.security.AccessController::doPrivileged@13
                      ; - java.net.URLClassLoader::findClass@13
  0x00000205c589dcd0: ac85 3ff8 

  0x00000205c589dcd4: ;   {other}
  0x00000205c589dcd4: 0f1f 8400 | 4430 002d | 488b ac24 | 8000 0000 | 4d8b 97b8 | 0100 004d | 8bda 4983 | c328 4d3b 
  0x00000205c589dcf4: 9fc8 0100 | 000f 8359 | 2500 004d | 899f b801 | 0000 410f | 0d8b c000 | 0000 49c7 | 0201 0000 
  0x00000205c589dd14: ;   {metadata('java/lang/ref/SoftReference')}
  0x00000205c589dd14: 0041 c742 | 0890 df03 | 0045 8962 | 0c4d 8962 | 104d 8962 | 184d 8962 | 2049 8bda | 4c8b dd45 
  0x00000205c589dd34: 895a 0c41 | 807f 4000 | 0f85 9620 | 0000 4c8b 

  0x00000205c589dd44: ;   {oop(a 'java/lang/ref/ReferenceQueue$Null'{0x00000000e07ff3e8})}
  0x00000205c589dd44: d341 c742 | 10e8 f37f | e048 8bfb 

  0x00000205c589dd50: ;   {oop(a 'java/lang/ref/ReferenceQueue$Null'{0x00000000e07ff3e8})}
  0x00000205c589dd50: 49bb e8f3 | 7fe0 0000 | 0000 4d33 | da49 c1eb | 144d 85db | 741a 49c1 | ea09 48b9 | 0000 abcc 
  0x00000205c589dd70: 0502 0000 | 4903 ca80 | 3902 0f85 | 8b20 0000 | f083 4424 | c000 4180 | 7f40 000f | 850f 2000 
  0x00000205c589dd90: 004c 8b54 | 2478 4189 

  0x00000205c589dd98: ;   {oop(a 'java/lang/Class'{0x00000000e078c818} = 'java/lang/ref/SoftReference')}
  0x00000205c589dd98: 7a28 49ba | 18c8 78e0 | 0000 0000 | 4d8b 5270 | 4c89 5320 | 4c8b d34c | 8b5c 2478 | 4d33 d349 
  0x00000205c589ddb8: c1ea 144d | 85d2 7419 | 49c1 eb09 | 4c8b 9424 | d000 0000 | 4d03 d341 | 803a 020f | 8583 2000 
  0x00000205c589ddd8: 004c 8bd5 | e9b0 e9ff | ff4c 8947 | 20e9 97e9 | ffff 41b8 | 2f00 0000 | e9ca f4ff | ff48 8b54 
  0x00000205c589ddf8: 2458 448b | 4424 284c | 8b94 24b0 | 0000 004c | 8954 2420 | 4c8b 9424 | b800 0000 | 4c89 5424 
  0x00000205c589de18: 6066 6690 

  0x00000205c589de1c: ;   {optimized virtual_call}
  0x00000205c589de1c: c5f8 77e8 

  0x00000205c589de20: ; ImmutableOopMap {rbp=NarrowOop [32]=Oop [48]=Oop [64]=Oop [72]=Oop [88]=Oop [96]=Oop [104]=Oop [136]=NarrowOop [176]=Oop [184]=Oop [200]=Oop }
                      ;*invokevirtual getManifestName {reexecute=0 rethrow=0 return_oop=1}
                      ; - java.util.zip.ZipFile$1::getManifestName@2
                      ; - java.util.jar.JarFile::maybeInstantiateVerifier@20
                      ; - java.util.jar.JarFile::ensureInitialization@1
                      ; - java.util.jar.JavaUtilJarAccessImpl::ensureInitialization@1
                      ; - jdk.internal.loader.URLClassPath$JarLoader$2::getManifest@10
                      ; - java.net.URLClassLoader::defineClass@34
                      ; - java.net.URLClassLoader$1::run@43
                      ; - java.net.URLClassLoader$1::run@1
                      ; - java.security.AccessController::executePrivileged@29
                      ; - java.security.AccessController::doPrivileged@13
                      ; - java.net.URLClassLoader::findClass@13
  0x00000205c589de20: 5c27 55f8 

  0x00000205c589de24: ;   {other}
  0x00000205c589de24: 0f1f 8400 | 9431 002e | 4885 c00f | 8558 4000 | 0044 8865 | 1244 3b65 | 300f 843a | e8ff ff44 
  0x00000205c589de44: 0fb6 5d11 | e944 1100 | 0048 8bd3 | 4533 c044 | 8bc9 488b | ac24 b000 | 0000 4c8b | 9424 b800 
  0x00000205c589de64: 0000 4c89 | 5424 5890 

  0x00000205c589de6c: ;   {static_call}
  0x00000205c589de6c: c5f8 77e8 

  0x00000205c589de70: ; ImmutableOopMap {rbp=Oop [48]=Oop [64]=Oop [72]=Oop [88]=Oop [136]=NarrowOop [176]=Oop [184]=Oop }
                      ;*invokestatic newString {reexecute=0 rethrow=0 return_oop=1}
                      ; - java.lang.String::substring@54
                      ; - java.net.URLClassLoader::defineClass@28
                      ; - java.net.URLClassLoader$1::run@43
                      ; - java.net.URLClassLoader$1::run@1
                      ; - java.security.AccessController::executePrivileged@29
                      ; - java.security.AccessController::doPrivileged@13
                      ; - java.net.URLClassLoader::findClass@13
  0x00000205c589de70: 0c12 84ff 

  0x00000205c589de74: ;   {other}
  0x00000205c589de74: 0f1f 8400 | e431 002f | 4c8b c8e9 | 14e7 ffff | 33ed bf01 | 0000 00e9 | 8fda ffff | 4533 c0e9 
  0x00000205c589de94: 90d9 ffff | 33ed e9cd | e1ff ff33 | ede9 41f1 

  0x00000205c589dea4: ;   {metadata('jdk/internal/loader/URLClassPath$FileLoader')}
  0x00000205c589dea4: ffff 4181 | fb90 cf2c | 010f 8511 | 4700 004c | 8bd0 4c89 | 5424 5849 | 8b87 b801 | 0000 4c8b 
  0x00000205c589dec4: d049 83c2 | 404d 3b97 | c801 0000 | 0f83 da2d | 0000 4d89 | 97b8 0100 | 0041 0f0d | 8ac0 0000 
  0x00000205c589dee4: 0048 c700 | 0100 0000 

  0x00000205c589deec: ;   {metadata('java/net/URL')}
  0x00000205c589deec: c740 0880 | a901 0044 | 8960 0c4c | 8960 104c | 8960 184c | 8960 204c | 8960 284c | 8960 304c 
  0x00000205c589df0c: 8960 384c | 8bd0 4c89 | 5424 604c | 8b54 2458 | 418b 6a0c | 488b 5424 | 5045 33c0 | 4c8b 9424 
  0x00000205c589df2c: b000 0000 | 4c89 5424 | 3866 6690 

  0x00000205c589df38: ;   {static_call}
  0x00000205c589df38: c5f8 77e8 

  0x00000205c589df3c: ; ImmutableOopMap {rbp=NarrowOop [32]=Oop [48]=NarrowOop [56]=Oop [64]=Oop [80]=Oop [88]=Oop [96]=Oop [176]=Oop [184]=Oop }
                      ;*invokestatic encodePath {reexecute=0 rethrow=0 return_oop=1}
                      ; - jdk.internal.loader.URLClassPath$FileLoader::getResource@10
                      ; - jdk.internal.loader.URLClassPath::getResource@53
                      ; - java.net.URLClassLoader$1::run@26
                      ; - java.net.URLClassLoader$1::run@1
                      ; - java.security.AccessController::executePrivileged@29
                      ; - java.security.AccessController::doPrivileged@13
                      ; - java.net.URLClassLoader::findClass@13
  0x00000205c589df3c: a07e 41f8 

  0x00000205c589df40: ;   {other}
  0x00000205c589df40: 0f1f 8400 | b032 0030 | 4c8b c548 | 8b54 2460 | 4c8b c833 | ff48 8b6c | 2438 6690 

  0x00000205c589df5c: ;   {optimized virtual_call}
  0x00000205c589df5c: c5f8 77e8 

  0x00000205c589df60: ; ImmutableOopMap {rbp=Oop [32]=Oop [48]=NarrowOop [64]=Oop [80]=Oop [88]=Oop [96]=Oop [176]=Oop [184]=Oop }
                      ;*invokespecial <init> {reexecute=0 rethrow=0 return_oop=0}
                      ; - java.net.URL::<init>@4
                      ; - jdk.internal.loader.URLClassPath$FileLoader::getResource@13
                      ; - jdk.internal.loader.URLClassPath::getResource@53
                      ; - java.net.URLClassLoader$1::run@26
                      ; - java.net.URLClassLoader$1::run@1
                      ; - java.security.AccessController::executePrivileged@29
                      ; - java.security.AccessController::doPrivileged@13
                      ; - java.net.URLClassLoader::findClass@13
  0x00000205c589df60: 5c5e b3f8 

  0x00000205c589df64: ;   {other}
  0x00000205c589df64: 0f1f 8400 | d432 0031 | 4c8b 5424 | 5845 8b5a | 184c 8b54 | 2460 458b | 421c 458b | d041 8b6b 
  0x00000205c589df84: 1c45 85c0 | 0f84 0046 | 0000 4c8b | c549 8bd2 | 488b ac24 | b000 0000 

  0x00000205c589df9c: ;   {optimized virtual_call}
  0x00000205c589df9c: c5f8 77e8 

  0x00000205c589dfa0: ; ImmutableOopMap {rbp=Oop [32]=Oop [48]=NarrowOop [64]=Oop [80]=Oop [88]=Oop [96]=Oop [176]=Oop [184]=Oop }
                      ;*invokevirtual startsWith {reexecute=0 rethrow=0 return_oop=0}
                      ; - jdk.internal.loader.URLClassPath$FileLoader::getResource@31
                      ; - jdk.internal.loader.URLClassPath::getResource@53
                      ; - java.net.URLClassLoader$1::run@26
                      ; - java.net.URLClassLoader$1::run@1
                      ; - java.security.AccessController::executePrivileged@29
                      ; - java.security.AccessController::doPrivileged@13
                      ; - java.net.URLClassLoader::findClass@13
  0x00000205c589dfa0: bc7e ebff 

  0x00000205c589dfa4: ;   {other}
  0x00000205c589dfa4: 0f1f 8400 | 1433 0032 | 85c0 0f84 | 1009 0000 

  0x00000205c589dfb4: ;   {oop(".."{0x00000000e0722910})}
  0x00000205c589dfb4: 49b8 1029 | 72e0 0000 | 0000 488b | 5424 5090 

  0x00000205c589dfc4: ;   {optimized virtual_call}
  0x00000205c589dfc4: c5f8 77e8 

  0x00000205c589dfc8: ; ImmutableOopMap {rbp=Oop [32]=Oop [48]=NarrowOop [64]=Oop [80]=Oop [88]=Oop [96]=Oop [176]=Oop [184]=Oop }
                      ;*invokevirtual contains {reexecute=0 rethrow=0 return_oop=0}
                      ; - jdk.internal.loader.URLClassPath$FileLoader::getResource@50
                      ; - jdk.internal.loader.URLClassPath::getResource@53
                      ; - java.net.URLClassLoader$1::run@26
                      ; - java.net.URLClassLoader$1::run@1
                      ; - java.security.AccessController::executePrivileged@29
                      ; - java.security.AccessController::doPrivileged@13
                      ; - java.net.URLClassLoader::findClass@13
  0x00000205c589dfc8: 5b68 0000 

  0x00000205c589dfcc: ;   {other}
  0x00000205c589dfcc: 0f1f 8400 | 3c33 0033 | 4c8b 5424 | 5845 8b52 | 1444 8954 | 242c 85c0 | 0f84 8109 | 0000 498b 
  0x00000205c589dfec: 87b8 0100 | 004c 8bd0 | 4983 c220 | 4d3b 97c8 | 0100 000f | 8343 2f00 | 004d 8997 | b801 0000 
  0x00000205c589e00c: 410f 0d8a | c000 0000 | 48c7 0001 

  0x00000205c589e018: ;   {metadata('java/io/File')}
  0x00000205c589e018: 0000 00c7 | 4008 10f6 | 0400 4489 | 600c 4c89 | 6010 4c89 | 6018 4c8b | d04c 8954 | 2468 488b 
  0x00000205c589e038: 5424 5041 | b82f 0000 | 0041 b95c | 0000 0090 

  0x00000205c589e048: ;   {optimized virtual_call}
  0x00000205c589e048: c5f8 77e8 

  0x00000205c589e04c: ; ImmutableOopMap {rbp=Oop [32]=Oop [44]=NarrowOop [48]=NarrowOop [64]=Oop [80]=Oop [88]=Oop [96]=Oop [104]=Oop [176]=Oop [184]=Oop }
                      ;*invokevirtual replace {reexecute=0 rethrow=0 return_oop=1}
                      ; - jdk.internal.loader.URLClassPath$FileLoader::getResource@70
                      ; - jdk.internal.loader.URLClassPath::getResource@53
                      ; - java.net.URLClassLoader$1::run@26
                      ; - java.net.URLClassLoader$1::run@1
                      ; - java.security.AccessController::executePrivileged@29
                      ; - java.security.AccessController::doPrivileged@13
                      ; - java.net.URLClassLoader::findClass@13
  0x00000205c589e04c: 300a 84ff 

  0x00000205c589e050: ;   {other}
  0x00000205c589e050: 0f1f 8400 | c033 0034 | 4889 4424 | 3841 807f | 4000 0f85 | b821 0000 | 4c8b 5424 | 6845 8962 
  0x00000205c589e070: 144c 8b54 | 2438 4d85 | d20f 8485 | 4500 0044 | 8b5c 242c | 4585 db0f | 849a 0b00 | 0045 8bd3 
  0x00000205c589e090: 458b 5a10 | 4585 db0f | 84e7 4500 | 0049 8bd3 | 498b ea4c | 8b94 24b0 | 0000 004c | 8954 2448 
  0x00000205c589e0b0: ;   {optimized virtual_call}
  0x00000205c589e0b0: c5f8 77e8 

  0x00000205c589e0b4: ; ImmutableOopMap {rbp=Oop [32]=Oop [44]=NarrowOop [48]=NarrowOop [56]=Oop [64]=Oop [72]=Oop [80]=Oop [88]=Oop [96]=Oop [104]=Oop [176]=Oop [184]=Oop }
                      ;*invokevirtual isEmpty {reexecute=0 rethrow=0 return_oop=0}
                      ; - java.io.File::<init>@29
                      ; - jdk.internal.loader.URLClassPath$FileLoader::getResource@73
                      ; - jdk.internal.loader.URLClassPath::getResource@53
                      ; - java.net.URLClassLoader$1::run@26
                      ; - java.net.URLClassLoader$1::run@1
                      ; - java.security.AccessController::executePrivileged@29
                      ; - java.security.AccessController::doPrivileged@13
                      ; - java.net.URLClassLoader::findClass@13
  0x00000205c589e0b4: c809 84ff 

  0x00000205c589e0b8: ;   {other}
  0x00000205c589e0b8: 0f1f 8400 | 2834 0035 | 85c0 0f84 | 610c 0000 

  0x00000205c589e0c8: ;   {oop(a 'java/io/WinNTFileSystem'{0x00000000e06ea0c0})}
  0x00000205c589e0c8: 48ba c0a0 | 6ee0 0000 | 0000 488b | 6c24 4890 

  0x00000205c589e0d8: ;   {optimized virtual_call}
  0x00000205c589e0d8: c5f8 77e8 

  0x00000205c589e0dc: ; ImmutableOopMap {rbp=Oop [32]=Oop [48]=NarrowOop [56]=Oop [64]=Oop [80]=Oop [88]=Oop [96]=Oop [104]=Oop [176]=Oop [184]=Oop }
                      ;*invokevirtual getDefaultParent {reexecute=0 rethrow=0 return_oop=1}
                      ; - java.io.File::<init>@42
                      ; - jdk.internal.loader.URLClassPath$FileLoader::getResource@73
                      ; - jdk.internal.loader.URLClassPath::getResource@53
                      ; - java.net.URLClassLoader$1::run@26
                      ; - java.net.URLClassLoader$1::run@1
                      ; - java.security.AccessController::executePrivileged@29
                      ; - java.security.AccessController::doPrivileged@13
                      ; - java.net.URLClassLoader::findClass@13
  0x00000205c589e0dc: a009 84ff 

  0x00000205c589e0e0: ;   {other}
  0x00000205c589e0e0: 0f1f 8400 | 5034 0036 

  0x00000205c589e0e8: ;   {oop(a 'java/io/WinNTFileSystem'{0x00000000e06ea0c0})}
  0x00000205c589e0e8: 488b e848 | bac0 a06e | e000 0000 | 004c 8b44 | 2438 4c8b | 9424 b000 | 0000 4c89 | 5424 3890 
  0x00000205c589e108: ;   {optimized virtual_call}
  0x00000205c589e108: c5f8 77e8 

  0x00000205c589e10c: ; ImmutableOopMap {rbp=Oop [32]=Oop [48]=NarrowOop [56]=Oop [64]=Oop [80]=Oop [88]=Oop [96]=Oop [104]=Oop [176]=Oop [184]=Oop }
                      ;*invokevirtual normalize {reexecute=0 rethrow=0 return_oop=1}
                      ; - java.io.File::<init>@49
                      ; - jdk.internal.loader.URLClassPath$FileLoader::getResource@73
                      ; - jdk.internal.loader.URLClassPath::getResource@53
                      ; - java.net.URLClassLoader$1::run@26
                      ; - java.net.URLClassLoader$1::run@1
                      ; - java.security.AccessController::executePrivileged@29
                      ; - java.security.AccessController::doPrivileged@13
                      ; - java.net.URLClassLoader::findClass@13
  0x00000205c589e10c: 7009 84ff 

  0x00000205c589e110: ;   {other}
  0x00000205c589e110: 0f1f 8400 | 8034 0037 

  0x00000205c589e118: ;   {oop(a 'java/io/WinNTFileSystem'{0x00000000e06ea0c0})}
  0x00000205c589e118: 48ba c0a0 | 6ee0 0000 | 0000 4c8b | c54c 8bc8 | 488b 6c24 | 3866 6690 

  0x00000205c589e130: ;   {optimized virtual_call}
  0x00000205c589e130: c5f8 77e8 

  0x00000205c589e134: ; ImmutableOopMap {rbp=Oop [32]=Oop [48]=NarrowOop [64]=Oop [80]=Oop [88]=Oop [96]=Oop [104]=Oop [176]=Oop [184]=Oop }
                      ;*invokevirtual resolve {reexecute=0 rethrow=0 return_oop=1}
                      ; - java.io.File::<init>@52
                      ; - jdk.internal.loader.URLClassPath$FileLoader::getResource@73
                      ; - jdk.internal.loader.URLClassPath::getResource@53
                      ; - java.net.URLClassLoader$1::run@26
                      ; - java.net.URLClassLoader$1::run@1
                      ; - java.security.AccessController::executePrivileged@29
                      ; - java.security.AccessController::doPrivileged@13
                      ; - java.net.URLClassLoader::findClass@13
  0x00000205c589e134: 4809 84ff 

  0x00000205c589e138: ;   {other}
  0x00000205c589e138: 0f1f 8400 | a834 0038 | 488b d841 | 807f 4000 | 0f85 be21 | 0000 4c8b | db4c 8b54 | 2468 4589 
  0x00000205c589e158: 5a10 4c8b | db4d 33da | 49c1 eb14 | 4d85 db74 | 1f48 85db | 741a 49c1 | ea09 48b9 | 0000 abcc 
  0x00000205c589e178: 0502 0000 | 4903 ca80 | 3902 0f85 | bc21 0000 | 4c8b 5424 | 6845 8b5a | 104d 8bc3 

  0x00000205c589e194: ;   {oop(a 'java/io/WinNTFileSystem'{0x00000000e06ea0c0})}
  0x00000205c589e194: 48ba c0a0 | 6ee0 0000 | 0000 488b | ac24 b000 | 0000 6690 

  0x00000205c589e1a8: ;   {optimized virtual_call}
  0x00000205c589e1a8: c5f8 77e8 

  0x00000205c589e1ac: ; ImmutableOopMap {rbp=Oop [32]=Oop [48]=NarrowOop [64]=Oop [80]=Oop [88]=Oop [96]=Oop [104]=Oop [176]=Oop [184]=Oop }
                      ;*invokevirtual prefixLength {reexecute=0 rethrow=0 return_oop=0}
                      ; - java.io.File::<init>@104
                      ; - jdk.internal.loader.URLClassPath$FileLoader::getResource@73
                      ; - jdk.internal.loader.URLClassPath::getResource@53
                      ; - java.net.URLClassLoader$1::run@26
                      ; - java.net.URLClassLoader$1::run@1
                      ; - java.security.AccessController::executePrivileged@29
                      ; - java.security.AccessController::doPrivileged@13
                      ; - java.net.URLClassLoader::findClass@13
  0x00000205c589e1ac: d008 84ff 

  0x00000205c589e1b0: ;   {other}
  0x00000205c589e1b0: 0f1f 8400 | 2035 0039 | 4c8b 5424 | 6841 8942 | 0c49 8bd2 

  0x00000205c589e1c4: ;   {optimized virtual_call}
  0x00000205c589e1c4: c5f8 77e8 

  0x00000205c589e1c8: ; ImmutableOopMap {rbp=Oop [32]=Oop [48]=NarrowOop [64]=Oop [80]=Oop [88]=Oop [96]=Oop [176]=Oop [184]=Oop }
                      ;*invokevirtual getCanonicalFile {reexecute=0 rethrow=0 return_oop=1}
                      ; - jdk.internal.loader.URLClassPath$FileLoader::getResource@76
                      ; - jdk.internal.loader.URLClassPath::getResource@53
                      ; - java.net.URLClassLoader$1::run@26
                      ; - java.net.URLClassLoader$1::run@1
                      ; - java.security.AccessController::executePrivileged@29
                      ; - java.security.AccessController::doPrivileged@13
                      ; - java.net.URLClassLoader::findClass@13
  0x00000205c589e1c8: b408 84ff 

  0x00000205c589e1cc: ;   {other}
  0x00000205c589e1cc: 0f1f 8400 | 3c35 003a | 4889 4424 | 6844 8b58 | 104c 8b54 | 2458 458b | 4214 418b | 6810 4585 
  0x00000205c589e1ec: db0f 8459 | 4400 004c | 8bc5 498b | d348 8bac | 24b0 0000 | 0066 6690 

  0x00000205c589e204: ;   {optimized virtual_call}
  0x00000205c589e204: c5f8 77e8 

  0x00000205c589e208: ; ImmutableOopMap {rbp=Oop [32]=Oop [48]=NarrowOop [64]=Oop [80]=Oop [88]=Oop [96]=Oop [104]=Oop [176]=Oop [184]=Oop }
                      ;*invokevirtual startsWith {reexecute=0 rethrow=0 return_oop=0}
                      ; - jdk.internal.loader.URLClassPath$FileLoader::getResource@93
                      ; - jdk.internal.loader.URLClassPath::getResource@53
                      ; - java.net.URLClassLoader$1::run@26
                      ; - java.net.URLClassLoader$1::run@1
                      ; - java.security.AccessController::executePrivileged@29
                      ; - java.security.AccessController::doPrivileged@13
                      ; - java.net.URLClassLoader::findClass@13
  0x00000205c589e208: 7408 84ff 

  0x00000205c589e20c: ;   {other}
  0x00000205c589e20c: 0f1f 8400 | 7c35 003b | 85c0 0f84 | a806 0000 | 488b 5424 | 6848 8bac | 24b0 0000 | 0066 6690 
  0x00000205c589e22c: ;   {optimized virtual_call}
  0x00000205c589e22c: c5f8 77e8 

  0x00000205c589e230: ; ImmutableOopMap {rbp=Oop [32]=Oop [48]=NarrowOop [64]=Oop [80]=Oop [88]=Oop [96]=Oop [104]=Oop [176]=Oop [184]=Oop }
                      ;*invokevirtual exists {reexecute=0 rethrow=0 return_oop=0}
                      ; - jdk.internal.loader.URLClassPath$FileLoader::getResource@125
                      ; - jdk.internal.loader.URLClassPath::getResource@53
                      ; - java.net.URLClassLoader$1::run@26
                      ; - java.net.URLClassLoader$1::run@1
                      ; - java.security.AccessController::executePrivileged@29
                      ; - java.security.AccessController::doPrivileged@13
                      ; - java.net.URLClassLoader::findClass@13
  0x00000205c589e230: ec32 37f8 

  0x00000205c589e234: ;   {other}
  0x00000205c589e234: 0f1f 8400 | a435 003c | 85c0 0f84 | 8006 0000 | 498b 87b8 | 0100 004c | 8bd0 4983 | c220 4d3b 
  0x00000205c589e254: 97c8 0100 | 000f 8367 | 2d00 004d | 8997 b801 | 0000 410f | 0d8a c000 | 0000 48c7 | 0001 0000 
  0x00000205c589e274: ;   {metadata('jdk/internal/loader/URLClassPath$FileLoader$1')}
  0x00000205c589e274: 00c7 4008 | 08d2 2c01 | 4489 600c | 4c89 6010 | 4c89 6018 | 4c8b 5424 | 5044 8950 | 104c 8b54 
  0x00000205c589e294: 2458 4489 | 501c 4c8b | 5424 6044 | 8950 144c | 8b54 2468 | 4489 5018 | e983 dcff 

  0x00000205c589e2b0: ;   {oop(""{0x00000000e0ad03d0})}
  0x00000205c589e2b0: ff49 b9d0 | 03ad e000 | 0000 00e9 | d8e2 ffff | 4c8b c041 | 8bfe c4c1 | f97e c544 | 3bc9 0f8d 
  0x00000205c589e2d0: 33d9 ffff | 8bc1 6690 | 420f be6c | 0b10 83fd | 2e0f 84dd | 1e00 0041 | ffc1 443b | c87c e9e9 
  0x00000205c589e2f0: 13d9 ffff | 488b 5424 | 784c 8bc0 | 488b 6c24 | 204c 8b54 | 2468 4c89 | 5424 6090 

  0x00000205c589e30c: ;   {optimized virtual_call}
  0x00000205c589e30c: c5f8 77e8 

  0x00000205c589e310: ; ImmutableOopMap {rbp=Oop [48]=Oop [64]=Oop [72]=Oop [88]=Oop [96]=Oop [112]=Oop [120]=Oop [136]=NarrowOop [176]=Oop [184]=Oop [200]=Oop }
                      ;*invokevirtual getBytes {reexecute=0 rethrow=0 return_oop=1}
                      ; - java.util.jar.JarFile::getManifestFromReference@44
                      ; - java.util.jar.JarFile::getManifest@1
                      ; - jdk.internal.loader.URLClassPath$JarLoader$2::getManifest@22
                      ; - java.net.URLClassLoader::defineClass@34
                      ; - java.net.URLClassLoader$1::run@43
                      ; - java.net.URLClassLoader$1::run@1
                      ; - java.security.AccessController::executePrivileged@29
                      ; - java.security.AccessController::doPrivileged@13
                      ; - java.net.URLClassLoader::findClass@13
  0x00000205c589e310: 6c07 84ff 

  0x00000205c589e314: ;   {other}
  0x00000205c589e314: 0f1f 8400 | 8436 003d | 4889 8424 | 8000 0000 | 4c8b 5424 | 7845 0fb6 | 5211 4c8b | c044 8944 
  0x00000205c589e334: 2420 4585 | d20f 84e0 | 0d00 0049 | 8b87 b801 | 0000 4c8b | d049 83c2 | 184d 3b97 | c801 0000 
  0x00000205c589e354: 0f83 4634 | 0000 4d89 | 97b8 0100 | 0041 0f0d | 8ac0 0000 | 0048 c700 | 0100 0000 

  0x00000205c589e370: ;   {metadata('java/util/jar/Manifest')}
  0x00000205c589e370: c740 08a0 | e104 0044 | 8960 0c4c | 8960 104c | 8bd0 4c89 | 5424 704c | 8b54 2478 | 458b 5230 
  0x00000205c589e390: 4489 9424 | 8c00 0000 | 498b 87b8 | 0100 004c | 8bd0 4983 | c220 448b | 9c24 8c00 | 0000 4c89 
  0x00000205c589e3b0: 5c24 384d | 3b97 c801 | 0000 0f83 | 0934 0000 | 4d89 97b8 | 0100 0041 | 0f0d 8ac0 | 0000 0048 
  0x00000205c589e3d0: c700 0100 

  0x00000205c589e3d4: ;   {metadata('java/io/ByteArrayInputStream')}
  0x00000205c589e3d4: 0000 c740 | 08a0 2305 | 0044 8960 | 0c4c 8960 | 104c 8960 | 184c 8bd0 | 4c89 9424 | 9000 0000 
  0x00000205c589e3f4: 448b 4424 | 2045 8942 | 184c 8b94 | 2480 0000 | 0045 8b52 | 0c4c 8b9c | 2490 0000 | 0045 8953 
  0x00000205c589e414: 144c 8b54 | 2478 458b | 5a14 4489 | 5c24 2049 | 8b87 b801 | 0000 4c8b | d049 83c2 | 104d 3b97 
  0x00000205c589e434: c801 0000 | 0f83 b333 | 0000 4d89 | 97b8 0100 | 0041 0f0d | 8ac0 0000 | 0048 c700 | 0100 0000 
  0x00000205c589e454: ;   {metadata('java/util/jar/Attributes')}
  0x00000205c589e454: c740 0840 | 8816 0044 | 8960 0c48 | 8be8 ba10 | 0000 004c | 8b94 24b0 | 0000 004c | 8954 2460 
  0x00000205c589e474: ;   {static_call}
  0x00000205c589e474: c5f8 77e8 

  0x00000205c589e478: ; ImmutableOopMap {rbp=Oop [32]=NarrowOop [48]=Oop [56]=Oop [64]=Oop [72]=Oop [88]=Oop [96]=Oop [112]=Oop [120]=Oop [136]=NarrowOop [140]=NarrowOop [144]=Oop [176]=Oop [184]=Oop [200]=Oop }
                      ;*invokestatic newLinkedHashMap {reexecute=0 rethrow=0 return_oop=1}
                      ; - java.util.jar.Attributes::<init>@6
                      ; - java.util.jar.Attributes::<init>@3
                      ; - java.util.jar.Manifest::<init>@9
                      ; - java.util.jar.JarFile::getManifestFromReference@121
                      ; - java.util.jar.JarFile::getManifest@1
                      ; - jdk.internal.loader.URLClassPath$JarLoader$2::getManifest@22
                      ; - java.net.URLClassLoader::defineClass@34
                      ; - java.net.URLClassLoader$1::run@43
                      ; - java.net.URLClassLoader$1::run@1
                      ; - java.security.AccessController::executePrivileged@29
                      ; - java.security.AccessController::doPrivileged@13
                      ; - java.net.URLClassLoader::findClass@13
  0x00000205c589e478: 040c 84ff 

  0x00000205c589e47c: ;   {other}
  0x00000205c589e47c: 0f1f 8400 | ec37 003e | 488b f841 | 807f 4000 | 0f85 4e20 | 0000 4c8b | df44 895d | 0c4c 8bd7 
  0x00000205c589e49c: 4c8b dd4d | 33d3 448b | 4424 204c | 8944 2460 | 49c1 ea14 | 488b dd4d | 85d2 741f | 4885 ff74 
  0x00000205c589e4bc: 1a49 c1eb | 0948 b900 | 00ab cc05 | 0200 0049 | 03cb 8039 | 020f 854e | 2100 0041 | 807f 4000 
  0x00000205c589e4dc: 0f85 c61f | 0000 4c8b | 5424 7041 | 895a 0c4c | 8bd5 4c8b | 5c24 704d | 33d3 49c1 | ea14 4d85 
  0x00000205c589e4fc: d274 1a49 | c1eb 0948 | b900 00ab | cc05 0200 | 0049 03cb | 8039 020f | 85bb 2000 | 004d 8b97 
  0x00000205c589e51c: b801 0000 | 4d8b da49 | 83c3 304d | 3b9f c801 | 0000 0f83 | e532 0000 | 4d89 9fb8 | 0100 0041 
  0x00000205c589e53c: 0f0d 8bc0 | 0000 0049 | c702 0100 

  0x00000205c589e548: ;   {metadata('java/util/HashMap')}
  0x00000205c589e548: 0000 41c7 | 4208 68a9 | 0800 4589 | 620c 4d89 | 6210 4d89 | 6218 4d89 | 6228 49c7 | 4220 0000 
  0x00000205c589e568: 403f 498b | da41 807f | 4000 0f85 | 9b1f 0000 | 4c8b 5424 | 704c 8bdb | 4c8b 4424 | 7045 8958 
  0x00000205c589e588: 104c 8bdb | 4d33 da49 | c1eb 144d | 85db 741a | 49c1 ea09 | 48b9 0000 | abcc 0502 | 0000 4903 
  0x00000205c589e5a8: ca80 3902 | 0f85 d11f | 0000 488b | 5424 704c | 8b84 2490 | 0000 004c | 8b4c 2460 | 488b ac24 
  0x00000205c589e5c8: b000 0000 | 4c8b 9424 | b800 0000 | 4c89 5424 | 6066 6690 

  0x00000205c589e5dc: ;   {optimized virtual_call}
  0x00000205c589e5dc: c5f8 77e8 

  0x00000205c589e5e0: ; ImmutableOopMap {rbp=Oop [48]=Oop [56]=Oop [64]=Oop [72]=Oop [88]=Oop [96]=Oop [112]=Oop [120]=Oop [136]=NarrowOop [140]=NarrowOop [176]=Oop [184]=Oop [200]=Oop }
                      ;*invokevirtual read {reexecute=0 rethrow=0 return_oop=0}
                      ; - java.util.jar.Manifest::<init>@29
                      ; - java.util.jar.JarFile::getManifestFromReference@121
                      ; - java.util.jar.JarFile::getManifest@1
                      ; - jdk.internal.loader.URLClassPath$JarLoader$2::getManifest@22
                      ; - java.net.URLClassLoader::defineClass@34
                      ; - java.net.URLClassLoader$1::run@43
                      ; - java.net.URLClassLoader$1::run@1
                      ; - java.security.AccessController::executePrivileged@29
                      ; - java.security.AccessController::doPrivileged@13
                      ; - java.net.URLClassLoader::findClass@13
  0x00000205c589e5e0: 9c04 84ff 

  0x00000205c589e5e4: ;   {other}
  0x00000205c589e5e4: 0f1f 8400 | 5439 003f | 4180 7f40 | 000f 8554 | 1f00 004c | 8b54 2470 | 448b 8424 | 8c00 0000 
  0x00000205c589e604: 4589 4214 | 4c8b 5424 | 384c 8b5c | 2470 4d33 | d349 c1ea | 144d 85d2 | 7422 458b | d045 85d2 
  0x00000205c589e624: 741a 49c1 | eb09 48b9 | 0000 abcc | 0502 0000 | 4903 cb80 | 3902 0f85 | 3620 0000 | 488b 6c24 
  0x00000205c589e644: 70e9 9af6 | ffff 85ed | 0f84 10e1 | ffff 4d8b | 5728 488b | cd4d 85d2 | 0f84 3e28 | 0000 4d8b 
  0x00000205c589e664: 5f38 4b89 | 4c13 f849 | 83c2 f84d | 8957 28e9 | eae0 ffff | 4c89 4424 | 384c 898c | 24b8 0000 
  0x00000205c589e684: 0049 8bd1 | 4533 c933 | ff33 f633 | c945 33d2 | 4c89 1424 | 4c89 5424 | 084c 8954 | 2410 4c8b 
  0x00000205c589e6a4: 9424 b000 | 0000 4c89 | 5424 2048 | 8994 2480 | 0000 0090 

  0x00000205c589e6b8: ;   {optimized virtual_call}
  0x00000205c589e6b8: c5f8 77e8 

  0x00000205c589e6bc: ; ImmutableOopMap {[32]=Oop [48]=Oop [56]=Oop [64]=Oop [72]=Oop [88]=Oop [128]=Oop [136]=NarrowOop [176]=Oop [184]=Oop }
                      ;*invokevirtual definePackage {reexecute=0 rethrow=0 return_oop=1}
                      ; - java.net.URLClassLoader::defineClass@81
                      ; - java.net.URLClassLoader$1::run@43
                      ; - java.net.URLClassLoader$1::run@1
                      ; - java.security.AccessController::executePrivileged@29
                      ; - java.security.AccessController::doPrivileged@13
                      ; - java.net.URLClassLoader::findClass@13
  0x00000205c589e6bc: c003 84ff 

  0x00000205c589e6c0: ;   {other}
  0x00000205c589e6c0: 0f1f 8400 | 303a 0040 | e92f f0ff | ff4c 8b4c | 2470 458b | 5114 4585 | d20f 8482 | deff ff4d 
  0x00000205c589e6e0: 8b5f 2849 | 8bca 4d85 | db0f 84b2 | 2800 0048 | 8b7c 2470 | 4d8b 5738 | 4b89 4c1a | f849 83c3 
  0x00000205c589e700: f84d 895f | 284c 8bcf | e954 deff | ff4d 8b57 | 484d 8b5f | 58f0 8344 | 24c0 0080 | 3900 0f84 
  0x00000205c589e720: 70de ffff | 4488 214d | 85d2 7526 | 498b d949 | 8bd7 c5f8 | 7749 ba00 | a4a5 27f9 | 7f00 0041 
  0x00000205c589e740: ;   {other}
  0x00000205c589e740: ffd2 0f1f | 8400 0000 | 0000 4c8b | cbe9 42de | ffff 4b89 | 4c13 f849 | 83c2 f84d | 8957 48e9 
  0x00000205c589e760: 30de ffff | 488b ac24 | b000 0000 | 6690 c5f8 | 7748 b8a0 | 0a78 d005 

  0x00000205c589e778: ;   {virtual_call}
  0x00000205c589e778: 0200 00e8 

  0x00000205c589e77c: ; ImmutableOopMap {rbp=Oop [48]=Oop [64]=Oop [72]=Oop [88]=NarrowOop [96]=Oop [176]=Oop [184]=Oop }
                      ;*invokevirtual getCodeSigners {reexecute=0 rethrow=0 return_oop=1}
                      ; - java.net.URLClassLoader::defineClass@185
                      ; - java.net.URLClassLoader$1::run@43
                      ; - java.net.URLClassLoader$1::run@1
                      ; - java.security.AccessController::executePrivileged@29
                      ; - java.security.AccessController::doPrivileged@13
                      ; - java.net.URLClassLoader::findClass@13
  0x00000205c589e77c: b14c 84ff 

  0x00000205c589e780: ;   {other}
  0x00000205c589e780: 0f1f 8400 | f03a 0041 | e91f f0ff 

  0x00000205c589e78c: ;   {metadata('jdk/internal/loader/URLClassPath$FileLoader$1')}
  0x00000205c589e78c: ff41 81f9 | 08d2 2c01 | 0f85 5641 | 0000 4d8b | d341 8b5a | 1c44 8b4b | 0ce9 1ddb | ffff 488b 
  0x00000205c589e7ac: 6c24 2866 | 6690 c5f8 | 7748 b808 | d22c d205 

  0x00000205c589e7bc: ;   {virtual_call}
  0x00000205c589e7bc: 0200 00e8 

  0x00000205c589e7c0: ; ImmutableOopMap {rbp=Oop [48]=Oop [64]=Oop [72]=Oop [88]=NarrowOop [176]=Oop [184]=Oop }
                      ;*invokevirtual getBytes {reexecute=0 rethrow=0 return_oop=1}
                      ; - java.net.URLClassLoader::defineClass@179
                      ; - java.net.URLClassLoader$1::run@43
                      ; - java.net.URLClassLoader$1::run@1
                      ; - java.security.AccessController::executePrivileged@29
                      ; - java.security.AccessController::doPrivileged@13
                      ; - java.net.URLClassLoader::findClass@13
  0x00000205c589e7c0: 7c26 ffff 

  0x00000205c589e7c4: ;   {other}
  0x00000205c589e7c4: 0f1f 8400 | 343b 0042 | 4889 4424 | 60e9 a3ef | ffff 4c89 | 5424 30e9 | 31ef ffff 

  0x00000205c589e7e0: ;   {oop(a 'java/util/jar/Attributes$Name'{0x00000000e072d4a0})}
  0x00000205c589e7e0: 488b d049 | b8a0 d472 | e000 0000 | 0048 8b6c | 2438 4c8b | 9424 b800 | 0000 4c89 | 5424 3890 
  0x00000205c589e800: ;   {optimized virtual_call}
  0x00000205c589e800: c5f8 77e8 

  0x00000205c589e804: ; ImmutableOopMap {rbp=Oop [48]=Oop [56]=Oop [64]=Oop [72]=Oop [88]=Oop [120]=Oop [128]=Oop [136]=NarrowOop [144]=Oop [176]=Oop [184]=Oop }
                      ;*invokevirtual getValue {reexecute=0 rethrow=0 return_oop=1}
                      ; - java.net.URLClassLoader::isSealed@35
                      ; - java.net.URLClassLoader::getAndVerifyPackage@68
                      ; - java.net.URLClassLoader::defineClass@46
                      ; - java.net.URLClassLoader$1::run@43
                      ; - java.net.URLClassLoader$1::run@1
                      ; - java.security.AccessController::executePrivileged@29
                      ; - java.security.AccessController::doPrivileged@13
                      ; - java.net.URLClassLoader::findClass@13
  0x00000205c589e804: f821 39f8 

  0x00000205c589e808: ;   {other}
  0x00000205c589e808: 0f1f 8400 | 783b 0043 | 4885 c00f | 84e4 edff | ffba 45ff | ffff 4c8b | 5424 404c | 8954 2420 
  0x00000205c589e828: 4c8b 5424 | 484c 8954 | 2428 4c8b | 5424 384c | 8954 2430 | 4c8b 5424 | 584c 8954 | 2440 4c8b 
  0x00000205c589e848: 5424 504c | 8954 2448 | 448b 9424 | 8800 0000 | 4489 5424 | 504c 8b94 | 2490 0000 | 004c 8954 
  0x00000205c589e868: 2458 4c8b | 9424 8000 | 0000 4c89 | 5424 604c | 8b54 2478 | 4c89 5424 | 7048 8984 | 2490 0000 
  0x00000205c589e888: 0066 6690 

  0x00000205c589e88c: ;   {runtime_call UncommonTrapBlob}
  0x00000205c589e88c: c5f8 77e8 

  0x00000205c589e890: ; ImmutableOopMap {rbp=Oop [32]=Oop [40]=Oop [48]=Oop [64]=Oop [80]=NarrowOop [88]=Oop [96]=Oop [112]=Oop [144]=Oop }
                      ;*ifnonnull {reexecute=1 rethrow=0 return_oop=0}
                      ; - (reexecute) java.net.URLClassLoader::isSealed@42
                      ; - java.net.URLClassLoader::getAndVerifyPackage@68
                      ; - java.net.URLClassLoader::defineClass@46
                      ; - java.net.URLClassLoader$1::run@43
                      ; - java.net.URLClassLoader$1::run@1
                      ; - java.security.AccessController::executePrivileged@29
                      ; - java.security.AccessController::doPrivileged@13
                      ; - java.net.URLClassLoader::findClass@13
  0x00000205c589e890: ec5a 84ff 

  0x00000205c589e894: ;   {other}
  0x00000205c589e894: 0f1f 8400 | 043c 0044 | 448b 4008 | 49bb 0000 | 00d1 0502 | 0000 4d03 | d84d 8b53 

  0x00000205c589e8b0: ;   {metadata('java/lang/Exception')}
  0x00000205c589e8b0: 4049 bb20 | c000 d105 | 0200 004d | 3bd3 0f85 | 7e31 0000 | 33c0 e969 | d6ff ff4c | 63c5 4d8d 
  0x00000205c589e8d0: 5010 4d8b | da49 83e3 | f848 8bfb | 4903 fb49 | c1ea 034d | 8bd9 4d2b | da49 8bcb | 4833 c048 
  0x00000205c589e8f0: 83f9 087f | 1048 ffc9 | 784f 4889 | 04cf 48ff | c97d f7eb | 44c5 fdef | c0e9 0d00 | 0000 c5fe 
  0x00000205c589e910: 7f07 c5fe | 7f47 2048 | 83c7 4048 | 83e9 087d | ed48 83c1 | 047c 0cc5 | fe7f 0748 | 83c7 2048 
  0x00000205c589e930: 83e9 0448 | 83c1 047e | 1048 ffc9 | c5f9 d607 | 4883 c708 | 48ff c97d | f348 8b4c | 2438 c5f8 
  0x00000205c589e950: 7749 bac0 | 440c c505 | 0200 0041 

  0x00000205c589e95c: ;   {other}
  0x00000205c589e95c: ffd2 0f1f | 8400 0000 | 0000 e9e6 | dbff ff49 | 8b87 b801 | 0000 4c8b | d049 83c2 | 204d 3b97 
  0x00000205c589e97c: c801 0000 | 0f83 2e2f | 0000 4d89 | 97b8 0100 | 0041 0f0d | 8ac0 0000 | 0048 c700 | 0100 0000 
  0x00000205c589e99c: ;   {metadata('java/io/File')}
  0x00000205c589e99c: c740 0810 | f604 0044 | 8960 0c4c | 8960 104c | 8960 184c | 8bd0 4c89 | 5424 6848 | 8b54 2450 
  0x00000205c589e9bc: 41b8 2f00 | 0000 41b9 | 5c00 0000 

  0x00000205c589e9c8: ;   {optimized virtual_call}
  0x00000205c589e9c8: c5f8 77e8 

  0x00000205c589e9cc: ; ImmutableOopMap {rbp=Oop [32]=Oop [44]=NarrowOop [48]=NarrowOop [64]=Oop [80]=Oop [88]=Oop [96]=Oop [104]=Oop [176]=Oop [184]=Oop }
                      ;*invokevirtual replace {reexecute=0 rethrow=0 return_oop=1}
                      ; - jdk.internal.loader.URLClassPath$FileLoader::getResource@115
                      ; - jdk.internal.loader.URLClassPath::getResource@53
                      ; - java.net.URLClassLoader$1::run@26
                      ; - java.net.URLClassLoader$1::run@1
                      ; - java.security.AccessController::executePrivileged@29
                      ; - java.security.AccessController::doPrivileged@13
                      ; - java.net.URLClassLoader::findClass@13
  0x00000205c589e9cc: b021 59f8 

  0x00000205c589e9d0: ;   {other}
  0x00000205c589e9d0: 0f1f 8400 | 403d 0045 | 4889 4424 | 3841 807f | 4000 0f85 | 0424 0000 | 4c8b 5424 | 6845 8962 
  0x00000205c589e9f0: 144c 8b54 | 2438 4d85 | d20f 84ee | 3f00 0044 | 8b54 242c | 4585 d20f | 8473 1100 | 0045 8b52 
  0x00000205c589ea10: 1045 85d2 | 0f84 8240 | 0000 498b | d244 8b54 | 242c 498b | ea4c 8b94 | 24b0 0000 | 004c 8954 
  0x00000205c589ea30: 2448 6690 

  0x00000205c589ea34: ;   {optimized virtual_call}
  0x00000205c589ea34: c5f8 77e8 

  0x00000205c589ea38: ; ImmutableOopMap {rbp=Oop [32]=Oop [44]=NarrowOop [48]=NarrowOop [56]=Oop [64]=Oop [72]=Oop [80]=Oop [88]=Oop [96]=Oop [104]=Oop [176]=Oop [184]=Oop }
                      ;*invokevirtual isEmpty {reexecute=0 rethrow=0 return_oop=0}
                      ; - java.io.File::<init>@29
                      ; - jdk.internal.loader.URLClassPath$FileLoader::getResource@118
                      ; - jdk.internal.loader.URLClassPath::getResource@53
                      ; - java.net.URLClassLoader$1::run@26
                      ; - java.net.URLClassLoader$1::run@1
                      ; - java.security.AccessController::executePrivileged@29
                      ; - java.security.AccessController::doPrivileged@13
                      ; - java.net.URLClassLoader::findClass@13
  0x00000205c589ea38: 0468 deff 

  0x00000205c589ea3c: ;   {other}
  0x00000205c589ea3c: 0f1f 8400 | ac3d 0046 | 85c0 0f84 | 5412 0000 

  0x00000205c589ea4c: ;   {oop(a 'java/io/WinNTFileSystem'{0x00000000e06ea0c0})}
  0x00000205c589ea4c: 48ba c0a0 | 6ee0 0000 | 0000 488b | 6c24 4890 

  0x00000205c589ea5c: ;   {optimized virtual_call}
  0x00000205c589ea5c: c5f8 77e8 

  0x00000205c589ea60: ; ImmutableOopMap {rbp=Oop [32]=Oop [48]=NarrowOop [56]=Oop [64]=Oop [80]=Oop [88]=Oop [96]=Oop [104]=Oop [176]=Oop [184]=Oop }
                      ;*invokevirtual getDefaultParent {reexecute=0 rethrow=0 return_oop=1}
                      ; - java.io.File::<init>@42
                      ; - jdk.internal.loader.URLClassPath$FileLoader::getResource@118
                      ; - jdk.internal.loader.URLClassPath::getResource@53
                      ; - java.net.URLClassLoader$1::run@26
                      ; - java.net.URLClassLoader$1::run@1
                      ; - java.security.AccessController::executePrivileged@29
                      ; - java.security.AccessController::doPrivileged@13
                      ; - java.net.URLClassLoader::findClass@13
  0x00000205c589ea60: 1c00 84ff 

  0x00000205c589ea64: ;   {other}
  0x00000205c589ea64: 0f1f 8400 | d43d 0047 

  0x00000205c589ea6c: ;   {oop(a 'java/io/WinNTFileSystem'{0x00000000e06ea0c0})}
  0x00000205c589ea6c: 488b e848 | bac0 a06e | e000 0000 | 004c 8b44 | 2438 4c8b | 9424 b000 | 0000 4c89 | 5424 3890 
  0x00000205c589ea8c: ;   {optimized virtual_call}
  0x00000205c589ea8c: c5f8 77e8 

  0x00000205c589ea90: ; ImmutableOopMap {rbp=Oop [32]=Oop [48]=NarrowOop [56]=Oop [64]=Oop [80]=Oop [88]=Oop [96]=Oop [104]=Oop [176]=Oop [184]=Oop }
                      ;*invokevirtual normalize {reexecute=0 rethrow=0 return_oop=1}
                      ; - java.io.File::<init>@49
                      ; - jdk.internal.loader.URLClassPath$FileLoader::getResource@118
                      ; - jdk.internal.loader.URLClassPath::getResource@53
                      ; - java.net.URLClassLoader$1::run@26
                      ; - java.net.URLClassLoader$1::run@1
                      ; - java.security.AccessController::executePrivileged@29
                      ; - java.security.AccessController::doPrivileged@13
                      ; - java.net.URLClassLoader::findClass@13
  0x00000205c589ea90: ecff 83ff 

  0x00000205c589ea94: ;   {other}
  0x00000205c589ea94: 0f1f 8400 | 043e 0048 

  0x00000205c589ea9c: ;   {oop(a 'java/io/WinNTFileSystem'{0x00000000e06ea0c0})}
  0x00000205c589ea9c: 48ba c0a0 | 6ee0 0000 | 0000 4c8b | c54c 8bc8 | 488b 6c24 | 3866 6690 

  0x00000205c589eab4: ;   {optimized virtual_call}
  0x00000205c589eab4: c5f8 77e8 

  0x00000205c589eab8: ; ImmutableOopMap {rbp=Oop [32]=Oop [48]=NarrowOop [64]=Oop [80]=Oop [88]=Oop [96]=Oop [104]=Oop [176]=Oop [184]=Oop }
                      ;*invokevirtual resolve {reexecute=0 rethrow=0 return_oop=1}
                      ; - java.io.File::<init>@52
                      ; - jdk.internal.loader.URLClassPath$FileLoader::getResource@118
                      ; - jdk.internal.loader.URLClassPath::getResource@53
                      ; - java.net.URLClassLoader$1::run@26
                      ; - java.net.URLClassLoader$1::run@1
                      ; - java.security.AccessController::executePrivileged@29
                      ; - java.security.AccessController::doPrivileged@13
                      ; - java.net.URLClassLoader::findClass@13
  0x00000205c589eab8: c4ff 83ff 

  0x00000205c589eabc: ;   {other}
  0x00000205c589eabc: 0f1f 8400 | 2c3e 0049 | 488b d841 | 807f 4000 | 0f85 4b25 | 0000 4c8b | d34c 8b5c | 2468 4589 
  0x00000205c589eadc: 5310 4d8b | d34c 8bdb | 4d33 da49 | c1eb 144d | 85db 741f | 4885 db74 | 1a49 c1ea | 0948 b900 
  0x00000205c589eafc: 00ab cc05 | 0200 0049 | 03ca 8039 | 020f 8546 | 2500 004c | 8b54 2468 | 458b 5210 

  0x00000205c589eb18: ;   {oop(a 'java/io/WinNTFileSystem'{0x00000000e06ea0c0})}
  0x00000205c589eb18: 4d8b c248 | bac0 a06e | e000 0000 | 0048 8bac | 24b0 0000 | 0066 6690 

  0x00000205c589eb30: ;   {optimized virtual_call}
  0x00000205c589eb30: c5f8 77e8 

  0x00000205c589eb34: ; ImmutableOopMap {rbp=Oop [32]=Oop [48]=NarrowOop [64]=Oop [80]=Oop [88]=Oop [96]=Oop [104]=Oop [176]=Oop [184]=Oop }
                      ;*invokevirtual prefixLength {reexecute=0 rethrow=0 return_oop=0}
                      ; - java.io.File::<init>@104
                      ; - jdk.internal.loader.URLClassPath$FileLoader::getResource@118
                      ; - jdk.internal.loader.URLClassPath::getResource@53
                      ; - java.net.URLClassLoader$1::run@26
                      ; - java.net.URLClassLoader$1::run@1
                      ; - java.security.AccessController::executePrivileged@29
                      ; - java.security.AccessController::doPrivileged@13
                      ; - java.net.URLClassLoader::findClass@13
  0x00000205c589eb34: 0862 97f8 

  0x00000205c589eb38: ;   {other}
  0x00000205c589eb38: 0f1f 8400 | a83e 004a | 4c8b 5424 | 6841 8942 | 0ce9 cef6 | ffff 4c8b | 8c24 b800 | 0000 4c8b 
  0x00000205c589eb58: 8424 9000 | 0000 4c8b | 9424 8000 | 0000 e939 | ebff ff44 | 8b44 2448 | 41d1 e045 | 85c0 0f8c 
  0x00000205c589eb78: e93e 0000 | 413b e80f | 82e0 3e00 | 0049 8bf1 | 488b fa8b | 5424 488b | ca83 e10f | 83e2 f074 
  0x00000205c589eb98: 1c48 8d34 | 1648 8d3c | 5748 f7da | c4e2 7d30 | 0416 c5fe | 7f04 5748 | 83c2 1075 | ef8b d183 
  0x00000205c589ebb8: e107 83e2 | f874 27c4 | e279 3006 | c5fa 7f07 | 4883 c608 | 4883 c710 | e911 0000 | 00c4 e279 
  0x00000205c589ebd8: 3004 16c5 | fa7f 0457 | 4883 c208 | 75ef 8bd1 | 83fa 047c | 19c5 f96e | 06c4 e279 | 30c0 c5f9 
  0x00000205c589ebf8: d607 4883 | ea04 4883 | c604 4883 | c708 85d2 | 7418 488d | 3416 488d | 3c57 48f7 | da0f b60c 
  0x00000205c589ec18: 1666 890c | 5748 ffc2 | 75f3 e97c 

  0x00000205c589ec24: ;   {oop(a 'java/io/WinNTFileSystem'{0x00000000e06ea0c0})}
  0x00000205c589ec24: d1ff ff48 | bac0 a06e | e000 0000 | 004d 8bc2 

  0x00000205c589ec34: ;   {optimized virtual_call}
  0x00000205c589ec34: c5f8 77e8 

  0x00000205c589ec38: ; ImmutableOopMap {rbp=Oop [32]=Oop [48]=NarrowOop [64]=Oop [80]=Oop [88]=Oop [96]=Oop [104]=Oop [176]=Oop [184]=Oop }
                      ;*invokevirtual normalize {reexecute=0 rethrow=0 return_oop=1}
                      ; - java.io.File::<init>@90
                      ; - jdk.internal.loader.URLClassPath$FileLoader::getResource@73
                      ; - jdk.internal.loader.URLClassPath::getResource@53
                      ; - java.net.URLClassLoader$1::run@26
                      ; - java.net.URLClassLoader$1::run@1
                      ; - java.security.AccessController::executePrivileged@29
                      ; - java.security.AccessController::doPrivileged@13
                      ; - java.net.URLClassLoader::findClass@13
  0x00000205c589ec38: 44fe 83ff 

  0x00000205c589ec3c: ;   {other}
  0x00000205c589ec3c: 0f1f 8400 | ac3f 004b | 488b d841 | 807f 4000 | 0f85 1723 | 0000 4c8b | d34c 8b5c | 2468 4589 
  0x00000205c589ec5c: 5310 4d8b | d34c 8bdb | 4d33 da49 | c1eb 144d | 85db 0f84 | 14f5 ffff | 4885 db0f | 840b f5ff 
  0x00000205c589ec7c: ff49 c1ea | 0948 b900 | 00ab cc05 | 0200 0049 | 03ca 8039 | 020f 84f1 | f4ff ff4d | 8b57 584d 
  0x00000205c589ec9c: 8b5f 48f0 | 8344 24c0 | 0080 3900 | 0f84 daf4 | ffff 4488 | 214d 85db | 7520 498b | d7c5 f877 
  0x00000205c589ecbc: 49ba 00a4 | a527 f97f | 0000 41ff 

  0x00000205c589ecc8: ;   {other}
  0x00000205c589ecc8: d20f 1f84 | 0000 0000 | 00e9 b2f4 | ffff 4b89 | 4c1a f849 | 83c3 f84d | 895f 48e9 | a0f4 ffff 
  0x00000205c589ece8: 4c8b 9424 | b000 0000 | 4c89 5424 | 6044 8b94 | 2488 0000 | 0044 8954 | 2478 4c89 | 8c24 8000 
  0x00000205c589ed08: 0000 4c89 | 8c24 a000 | 0000 6690 

  0x00000205c589ed14: ;   {static_call}
  0x00000205c589ed14: c5f8 77e8 

  0x00000205c589ed18: ; ImmutableOopMap {rbp=Oop [44]=NarrowOop [48]=Oop [56]=Oop [64]=Oop [72]=Oop [88]=Oop [96]=Oop [120]=NarrowOop [128]=Oop [136]=NarrowOop [160]=Oop [176]=Oop [184]=Oop [200]=Oop }
                      ;*invokestatic hashCode {reexecute=0 rethrow=0 return_oop=0}
                      ; - java.lang.String::hashCode@37
                      ; - java.util.concurrent.ConcurrentHashMap::get@1
                      ; - java.lang.ClassLoader::getDefinedPackage@13
                      ; - java.net.URLClassLoader::getAndVerifyPackage@2
                      ; - java.net.URLClassLoader::defineClass@46
                      ; - java.net.URLClassLoader$1::run@43
                      ; - java.net.URLClassLoader$1::run@1
                      ; - java.security.AccessController::executePrivileged@29
                      ; - java.security.AccessController::doPrivileged@13
                      ; - java.net.URLClassLoader::findClass@13
  0x00000205c589ed18: 6403 84ff 

  0x00000205c589ed1c: ;   {other}
  0x00000205c589ed1c: 0f1f 8400 | 8c40 004c | e9f3 ebff | ff44 8b54 | 242c 418b 

  0x00000205c589ed30: ;   {oop(a 'java/io/WinNTFileSystem'{0x00000000e06ea0c0})}
  0x00000205c589ed30: 6a10 48ba | c0a0 6ee0 | 0000 0000 | 4c8b 4424 | 384c 8b54 | 2448 4c89 | 5424 3890 

  0x00000205c589ed4c: ;   {optimized virtual_call}
  0x00000205c589ed4c: c5f8 77e8 

  0x00000205c589ed50: ; ImmutableOopMap {rbp=NarrowOop [32]=Oop [48]=NarrowOop [56]=Oop [64]=Oop [80]=Oop [88]=Oop [96]=Oop [104]=Oop [176]=Oop [184]=Oop }
                      ;*invokevirtual normalize {reexecute=0 rethrow=0 return_oop=1}
                      ; - java.io.File::<init>@73
                      ; - jdk.internal.loader.URLClassPath$FileLoader::getResource@73
                      ; - jdk.internal.loader.URLClassPath::getResource@53
                      ; - java.net.URLClassLoader$1::run@26
                      ; - java.net.URLClassLoader$1::run@1
                      ; - java.security.AccessController::executePrivileged@29
                      ; - java.security.AccessController::doPrivileged@13
                      ; - java.net.URLClassLoader::findClass@13
  0x00000205c589ed50: 2cfd 83ff 

  0x00000205c589ed54: ;   {other}
  0x00000205c589ed54: 0f1f 8400 | c440 004d 

  0x00000205c589ed5c: ;   {oop(a 'java/io/WinNTFileSystem'{0x00000000e06ea0c0})}
  0x00000205c589ed5c: 4c8b c548 | bac0 a06e | e000 0000 | 004c 8bc8 | 488b 6c24 | 3866 6690 

  0x00000205c589ed74: ;   {optimized virtual_call}
  0x00000205c589ed74: c5f8 77e8 

  0x00000205c589ed78: ; ImmutableOopMap {rbp=Oop [32]=Oop [48]=NarrowOop [64]=Oop [80]=Oop [88]=Oop [96]=Oop [104]=Oop [176]=Oop [184]=Oop }
                      ;*invokevirtual resolve {reexecute=0 rethrow=0 return_oop=1}
                      ; - java.io.File::<init>@76
                      ; - jdk.internal.loader.URLClassPath$FileLoader::getResource@73
                      ; - jdk.internal.loader.URLClassPath::getResource@53
                      ; - java.net.URLClassLoader$1::run@26
                      ; - java.net.URLClassLoader$1::run@1
                      ; - java.security.AccessController::executePrivileged@29
                      ; - java.security.AccessController::doPrivileged@13
                      ; - java.net.URLClassLoader::findClass@13
  0x00000205c589ed78: 04fd 83ff 

  0x00000205c589ed7c: ;   {other}
  0x00000205c589ed7c: 0f1f 8400 | ec40 004e | 488b d841 | 807f 4000 | 0f85 5322 | 0000 4c8b | db4c 8b54 | 2468 4589 
  0x00000205c589ed9c: 5a10 4c8b | db4d 33da | 49c1 eb14 | 4d85 db0f | 84d7 f3ff | ff48 85db | 0f84 cef3 | ffff 49c1 
  0x00000205c589edbc: ea09 48b9 | 0000 abcc | 0502 0000 | 4903 ca80 | 3902 0f84 | b4f3 ffff | 4d8b 5758 | 4d8b 5f48 
  0x00000205c589eddc: f083 4424 | c000 8039 | 000f 849d | f3ff ff44 | 8821 4d85 | db75 2049 | 8bd7 c5f8 | 7749 ba00 
  0x00000205c589edfc: a4a5 27f9 | 7f00 0041 

  0x00000205c589ee04: ;   {other}
  0x00000205c589ee04: ffd2 0f1f | 8400 0000 | 0000 e975 | f3ff ff4b | 894c 1af8 | 4983 c3f8 | 4d89 5f48 | e963 f3ff 
  0x00000205c589ee24: ff45 33d2 | e964 d9ff | ff4c 8b94 | 24b0 0000 | 004c 8954 | 2438 4c8b | 9424 b800 | 0000 4c89 
  0x00000205c589ee44: 5424 6044 | 8b94 2488 | 0000 0044 | 8954 2424 | 4c8b 9424 | 9000 0000 | 4c89 5424 | 7066 6690 
  0x00000205c589ee64: ;   {static_call}
  0x00000205c589ee64: c5f8 77e8 

  0x00000205c589ee68: ; ImmutableOopMap {rbp=Oop [32]=NarrowOop [36]=NarrowOop [48]=Oop [56]=Oop [64]=Oop [72]=Oop [88]=Oop [96]=Oop [112]=Oop [128]=Oop [136]=NarrowOop [144]=Oop [176]=Oop [184]=Oop [192]=NarrowOop }
                      ;*invokestatic hashCode {reexecute=0 rethrow=0 return_oop=0}
                      ; - java.lang.String::hashCode@37
                      ; - java.util.concurrent.ConcurrentHashMap::get@1
                      ; - java.lang.ClassLoader::definePackage@47
                      ; - java.lang.ClassLoader::getDefinedPackage@32
                      ; - java.net.URLClassLoader::getAndVerifyPackage@2
                      ; - java.net.URLClassLoader::defineClass@46
                      ; - java.net.URLClassLoader$1::run@43
                      ; - java.net.URLClassLoader$1::run@1
                      ; - java.security.AccessController::executePrivileged@29
                      ; - java.security.AccessController::doPrivileged@13
                      ; - java.net.URLClassLoader::findClass@13
  0x00000205c589ee68: 1402 84ff 

  0x00000205c589ee6c: ;   {other}
  0x00000205c589ee6c: 0f1f 8400 | dc41 004f | e94b ebff | ff49 8b87 | b801 0000 | 4c8b d049 | 83c2 184d | 3b97 c801 
  0x00000205c589ee8c: 0000 0f83 | c52f 0000 | 4d89 97b8 | 0100 0041 | 0f0d 8ac0 | 0000 0048 | c700 0100 

  0x00000205c589eea8: ;   {metadata('java/lang/String')}
  0x00000205c589eea8: 0000 c740 | 0878 e800 | 0044 8960 | 0c44 8960 

  0x00000205c589eeb8: ;   {oop([B{0x00000000e06f97d8})}
  0x00000205c589eeb8: 10c7 4014 | d897 6fe0 

  0x00000205c589eec0: ;   {oop("/"{0x00000000e06f97c0})}
  0x00000205c589eec0: 49ba c097 | 6fe0 0000 | 0000 450f | b652 1144 

  0x00000205c589eed0: ;   {oop("/"{0x00000000e06f97c0})}
  0x00000205c589eed0: 8850 1149 | bac0 976f | e000 0000 | 0045 8b5a | 0c44 8958 | 0ce9 b2e6 | ffff 4c8b | 9424 c800 
  0x00000205c589eef0: 0000 e940 

  0x00000205c589eef4: ;   {metadata('jdk/internal/loader/URLClassPath$JarLoader$1')}
  0x00000205c589eef4: d9ff ff48 | ba40 2e21 | d105 0200 | 0048 8bac | 24b0 0000 | 0066 6690 

  0x00000205c589ef0c: ;   {runtime_call _new_instance_Java}
  0x00000205c589ef0c: c5f8 77e8 

  0x00000205c589ef10: ; ImmutableOopMap {rbp=Oop [32]=Oop [48]=NarrowOop [56]=Oop [64]=Oop [80]=Oop [176]=Oop [184]=Oop }
                      ;*new {reexecute=0 rethrow=0 return_oop=1}
                      ; - jdk.internal.loader.URLClassPath$JarLoader::ensureOpen@7
                      ; - jdk.internal.loader.URLClassPath$JarLoader::getResource@1
                      ; - jdk.internal.loader.URLClassPath::getResource@53
                      ; - java.net.URLClassLoader$1::run@26
                      ; - java.net.URLClassLoader$1::run@1
                      ; - java.security.AccessController::executePrivileged@29
                      ; - java.security.AccessController::doPrivileged@13
                      ; - java.net.URLClassLoader::findClass@13
  0x00000205c589ef10: 6c4e 88ff 

  0x00000205c589ef14: ;   {other}
  0x00000205c589ef14: 0f1f 8400 | 8442 0050 | e906 d1ff 

  0x00000205c589ef20: ;   {metadata({type array byte})}
  0x00000205c589ef20: ff48 ba18 | 2300 d105 | 0200 0044 | 8bc5 4c8b | 9424 b000 | 0000 4889 | 4424 604c | 8954 2468 
  0x00000205c589ef40: ;   {runtime_call _new_array_Java}
  0x00000205c589ef40: c5f8 77e8 

  0x00000205c589ef44: ; ImmutableOopMap {[40]=Oop [48]=Oop [56]=Oop [64]=Oop [104]=Oop [176]=Oop }
                      ;*invokevirtual allocateUninitializedArray0 {reexecute=0 rethrow=0 return_oop=1}
                      ; - jdk.internal.misc.Unsafe::allocateUninitializedArray@51
                      ; - java.lang.StringConcatHelper::newArray@33
                      ; - java.lang.StringConcatHelper::simpleConcat@61
                      ; - java.lang.String::concat@11
                      ; - java.net.URLClassLoader$1::run@13
                      ; - java.net.URLClassLoader$1::run@1
                      ; - java.security.AccessController::executePrivileged@29
                      ; - java.security.AccessController::doPrivileged@13
                      ; - java.net.URLClassLoader::findClass@13
  0x00000205c589ef44: 384b 88ff 

  0x00000205c589ef48: ;   {other}
  0x00000205c589ef48: 0f1f 8400 | b842 0051 | 4c8b d0e9 | aecd ffff 

  0x00000205c589ef58: ;   {metadata('java/lang/String')}
  0x00000205c589ef58: 498b ea48 | ba78 e800 | d105 0200 | 004c 8b94 | 24b0 0000 | 004c 8954 | 2440 6690 

  0x00000205c589ef74: ;   {runtime_call _new_instance_Java}
  0x00000205c589ef74: c5f8 77e8 

  0x00000205c589ef78: ; ImmutableOopMap {rbp=Oop [40]=Oop [56]=Oop [64]=Oop [176]=Oop }
                      ;*new {reexecute=0 rethrow=0 return_oop=1}
                      ; - java.lang.StringConcatHelper::newString@6
                      ; - java.lang.StringConcatHelper::simpleConcat@90
                      ; - java.lang.String::concat@11
                      ; - java.net.URLClassLoader$1::run@13
                      ; - java.net.URLClassLoader$1::run@1
                      ; - java.security.AccessController::executePrivileged@29
                      ; - java.security.AccessController::doPrivileged@13
                      ; - java.net.URLClassLoader::findClass@13
  0x00000205c589ef78: 044e 88ff 

  0x00000205c589ef7c: ;   {other}
  0x00000205c589ef7c: 0f1f 8400 | ec42 0052 | 4c8b d5e9 | 57ce ffff | 440f b65d | 1145 85db | 0f85 e3d6 | ffff 4c8b 
  0x00000205c589ef9c: 9424 b000 | 0000 4c89 | 5424 204c | 8b94 24b8 | 0000 004c | 8954 2460 

  0x00000205c589efb4: ;   {static_call}
  0x00000205c589efb4: c5f8 77e8 

  0x00000205c589efb8: ; ImmutableOopMap {rbp=NarrowOop [32]=Oop [48]=Oop [64]=Oop [72]=Oop [88]=Oop [96]=Oop [104]=Oop [136]=NarrowOop [176]=Oop [184]=Oop [200]=Oop }
                      ;*invokestatic beginInit {reexecute=0 rethrow=0 return_oop=1}
                      ; - java.util.jar.JarFile::ensureInitialization@31
                      ; - java.util.jar.JavaUtilJarAccessImpl::ensureInitialization@1
                      ; - jdk.internal.loader.URLClassPath$JarLoader$2::getManifest@10
                      ; - java.net.URLClassLoader::defineClass@34
                      ; - java.net.URLClassLoader$1::run@43
                      ; - java.net.URLClassLoader$1::run@1
                      ; - java.security.AccessController::executePrivileged@29
                      ; - java.security.AccessController::doPrivileged@13
                      ; - java.net.URLClassLoader::findClass@13
  0x00000205c589efb8: c400 84ff 

  0x00000205c589efbc: ;   {other}
  0x00000205c589efbc: 0f1f 8400 | 2c43 0053 | 4889 4424 | 6048 8b54 | 2458 4c8b | 9424 b800 | 0000 4c89 | 5424 7090 
  0x00000205c589efdc: ;   {optimized virtual_call}
  0x00000205c589efdc: c5f8 77e8 

  0x00000205c589efe0: ; ImmutableOopMap {rbp=NarrowOop [32]=Oop [48]=Oop [64]=Oop [72]=Oop [88]=Oop [96]=Oop [104]=Oop [112]=Oop [136]=NarrowOop [176]=Oop [184]=Oop [200]=Oop }
                      ;*invokevirtual initializeVerifier {reexecute=0 rethrow=0 return_oop=0}
                      ; - java.util.jar.JarFile::ensureInitialization@36
                      ; - java.util.jar.JavaUtilJarAccessImpl::ensureInitialization@1
                      ; - jdk.internal.loader.URLClassPath$JarLoader$2::getManifest@10
                      ; - java.net.URLClassLoader::defineClass@34
                      ; - java.net.URLClassLoader$1::run@43
                      ; - java.net.URLClassLoader$1::run@1
                      ; - java.security.AccessController::executePrivileged@29
                      ; - java.security.AccessController::doPrivileged@13
                      ; - java.net.URLClassLoader::findClass@13
  0x00000205c589efe0: 9cfa 83ff 

  0x00000205c589efe4: ;   {other}
  0x00000205c589efe4: 0f1f 8400 | 5443 0054 | c645 1101 | 488b 5424 | 6048 8b6c | 2420 4c8b | 5424 704c | 8954 2460 
  0x00000205c589f004: ;   {static_call}
  0x00000205c589f004: c5f8 77e8 

  0x00000205c589f008: ; ImmutableOopMap {rbp=Oop [48]=Oop [64]=Oop [72]=Oop [88]=Oop [96]=Oop [104]=Oop [136]=NarrowOop [176]=Oop [184]=Oop [200]=Oop }
                      ;*invokestatic endInit {reexecute=0 rethrow=0 return_oop=0}
                      ; - java.util.jar.JarFile::ensureInitialization@45
                      ; - java.util.jar.JavaUtilJarAccessImpl::ensureInitialization@1
                      ; - jdk.internal.loader.URLClassPath$JarLoader$2::getManifest@10
                      ; - java.net.URLClassLoader::defineClass@34
                      ; - java.net.URLClassLoader$1::run@43
                      ; - java.net.URLClassLoader$1::run@1
                      ; - java.security.AccessController::executePrivileged@29
                      ; - java.security.AccessController::doPrivileged@13
                      ; - java.net.URLClassLoader::findClass@13
  0x00000205c589f008: 7400 84ff 

  0x00000205c589f00c: ;   {other}
  0x00000205c589f00c: 0f1f 8400 | 7c43 0055 | e964 d6ff | ff49 8bd2 | 41b8 2e00 | 0000 488b | ac24 b000 | 0000 4c8b 
  0x00000205c589f02c: 9424 b800 | 0000 4c89 | 5424 3890 

  0x00000205c589f038: ;   {static_call}
  0x00000205c589f038: c5f8 77e8 

  0x00000205c589f03c: ; ImmutableOopMap {rbp=Oop [56]=Oop [64]=Oop [72]=Oop [176]=Oop [184]=Oop }
                      ;*invokestatic lastIndexOf {reexecute=0 rethrow=0 return_oop=0}
                      ; - java.lang.String::lastIndexOf@25
                      ; - java.lang.String::lastIndexOf@8
                      ; - java.net.URLClassLoader::defineClass@7
                      ; - java.net.URLClassLoader$1::run@43
                      ; - java.net.URLClassLoader$1::run@1
                      ; - java.security.AccessController::executePrivileged@29
                      ; - java.security.AccessController::doPrivileged@13
                      ; - java.net.URLClassLoader::findClass@13
  0x00000205c589f03c: 4000 84ff 

  0x00000205c589f040: ;   {other}
  0x00000205c589f040: 0f1f 8400 | b043 0056 | 4c8b c58b | c8e9 54d2 

  0x00000205c589f050: ;   {metadata('java/lang/ClassNotFoundException')}
  0x00000205c589f050: ffff 48ba | 8893 06d1 | 0502 0000 

  0x00000205c589f05c: ;   {runtime_call _new_instance_Java}
  0x00000205c589f05c: c5f8 77e8 

  0x00000205c589f060: ; ImmutableOopMap {[176]=Oop }
                      ;*new {reexecute=0 rethrow=0 return_oop=1}
                      ; - java.net.URLClassLoader::findClass@36
  0x00000205c589f060: 1c4d 88ff 

  0x00000205c589f064: ;   {other}
  0x00000205c589f064: 0f1f 8400 | d443 0057 | e948 cfff | ff33 c0e9 | 42d7 ffff | 4c8b 8c24 | b800 0000 | 4c8b 8424 
  0x00000205c589f084: 9000 0000 | 4c8b 9424 | 8000 0000 | e90f e6ff | ff4c 895c | 2458 4c89 | 9424 b000 | 0000 4c89 
  0x00000205c589f0a4: 4424 2889 | 4c24 3c89 | 7c24 204c | 896c 2430 | 8974 2464 | 8954 2460 | 895c 2438 

  0x00000205c589f0c0: ;   {metadata({type array byte})}
  0x00000205c589f0c0: 48ba 1823 | 00d1 0502 | 0000 448b | 4424 3c90 

  0x00000205c589f0d0: ;   {runtime_call _new_array_Java}
  0x00000205c589f0d0: c5f8 77e8 

  0x00000205c589f0d4: ; ImmutableOopMap {[40]=Oop [48]=Oop [56]=NarrowOop [88]=Oop [176]=Oop }
                      ;*invokevirtual allocateUninitializedArray0 {reexecute=0 rethrow=0 return_oop=1}
                      ; - jdk.internal.misc.Unsafe::allocateUninitializedArray@51
                      ; - java.lang.StringConcatHelper::newArray@33
                      ; - java.lang.StringLatin1::replace@49
                      ; - java.lang.String::replace@18
                      ; - java.net.URLClassLoader$1::run@8
                      ; - java.net.URLClassLoader$1::run@1
                      ; - java.security.AccessController::executePrivileged@29
                      ; - java.security.AccessController::doPrivileged@13
                      ; - java.net.URLClassLoader::findClass@13
  0x00000205c589f0d4: a849 88ff 

  0x00000205c589f0d8: ;   {other}
  0x00000205c589f0d8: 0f1f 8400 | 4844 0058 | 4c8b c88b | 5c24 388b | 5424 608b | 7424 64e9 | bdc8 ffff 

  0x00000205c589f0f4: ;   {metadata('java/lang/String')}
  0x00000205c589f0f4: 498b e948 | ba78 e800 | d105 0200 | 0066 6690 

  0x00000205c589f104: ;   {runtime_call _new_instance_Java}
  0x00000205c589f104: c5f8 77e8 

  0x00000205c589f108: ; ImmutableOopMap {rbp=Oop [40]=Oop [88]=Oop [176]=Oop }
                      ;*new {reexecute=0 rethrow=0 return_oop=1}
                      ; - java.lang.StringLatin1::replace@116
                      ; - java.lang.String::replace@18
                      ; - java.net.URLClassLoader$1::run@8
                      ; - java.net.URLClassLoader$1::run@1
                      ; - java.security.AccessController::executePrivileged@29
                      ; - java.security.AccessController::doPrivileged@13
                      ; - java.net.URLClassLoader::findClass@13
  0x00000205c589f108: 744c 88ff 

  0x00000205c589f10c: ;   {other}
  0x00000205c589f10c: 0f1f 8400 | 7c44 0059 | 4c8b cd48 | 8bf0 e9c4 | caff ff48 | 8b54 2478 

  0x00000205c589f124: ;   {optimized virtual_call}
  0x00000205c589f124: c5f8 77e8 

  0x00000205c589f128: ; ImmutableOopMap {rbp=Oop [32]=NarrowOop [48]=Oop [64]=Oop [72]=Oop [88]=Oop [96]=Oop [112]=Oop [120]=Oop [128]=Oop [136]=NarrowOop [176]=Oop [184]=Oop [200]=Oop }
                      ;*invokevirtual getManifestNum {reexecute=0 rethrow=0 return_oop=0}
                      ; - java.util.zip.ZipFile$1::getManifestNum@1
                      ; - java.util.jar.JarFile::getManifestFromReference@59
                      ; - java.util.jar.JarFile::getManifest@1
                      ; - jdk.internal.loader.URLClassPath$JarLoader$2::getManifest@22
                      ; - java.net.URLClassLoader::defineClass@34
                      ; - java.net.URLClassLoader$1::run@43
                      ; - java.net.URLClassLoader$1::run@1
                      ; - java.security.AccessController::executePrivileged@29
                      ; - java.security.AccessController::doPrivileged@13
                      ; - java.net.URLClassLoader::findClass@13
  0x00000205c589f128: 54f9 83ff 

  0x00000205c589f12c: ;   {other}
  0x00000205c589f12c: 0f1f 8400 | 9c44 005a | 83f8 010f | 8502 f2ff | ff49 8b87 | b801 0000 | 4c8b d049 | 83c2 404d 
  0x00000205c589f14c: 3b97 c801 | 0000 0f83 | b435 0000 | 4d89 97b8 | 0100 0041 | 0f0d 8ac0 | 0000 0048 | c700 0100 
  0x00000205c589f16c: ;   {metadata('java/util/jar/JarVerifier')}
  0x00000205c589f16c: 0000 c740 | 0878 9e16 | 0044 8960 | 0c4c 8960 | 104c 8960 | 184c 8960 | 204c 8960 | 284c 8960 
  0x00000205c589f18c: 304c 8960 | 384c 8bd0 | 4c89 9424 | 9000 0000 | 4c8b 5424 | 7045 8b5a 

  0x00000205c589f1a4: ;   {metadata('java/util/jar/JarFile$JarFileEntry')}
  0x00000205c589f1a4: 0841 81fb | d032 3100 | 0f85 0a3a | 0000 4c8b | 9c24 9000 | 0000 41c6 | 430e 0145 | 8b5a 604c 
  0x00000205c589f1c4: 8b94 2490 | 0000 0045 | 895a 3041 | c642 0d01 | 4d8b d34c | 8b84 2490 | 0000 004d | 33d0 49c1 
  0x00000205c589f1e4: ea14 4d85 | d274 1f45 | 85db 741a | 49c1 e809 | 48b9 0000 | abcc 0502 | 0000 4903 | c880 3902 
  0x00000205c589f204: 0f85 3333 | 0000 4180 | 7f40 000f | 85b3 2c00 | 004c 8b94 | 2490 0000 | 0044 8b5c | 2420 4589 
  0x00000205c589f224: 5a2c 4c8b | 9c24 8000 | 0000 4d33 | da49 c1eb | 144d 85db | 7427 4c8b | 9c24 8000 | 0000 4d85 
  0x00000205c589f244: db74 1a49 | c1ea 0948 | b900 00ab | cc05 0200 | 0049 03ca | 8039 020f | 858b 3200 | 0049 8b87 
  0x00000205c589f264: b801 0000 | 4c8b d049 | 83c2 304d | 3b97 c801 | 0000 0f83 | b134 0000 | 4d89 97b8 | 0100 0041 
  0x00000205c589f284: 0f0d 8ac0 | 0000 0048 | c700 0100 

  0x00000205c589f290: ;   {metadata('java/util/Hashtable')}
  0x00000205c589f290: 0000 c740 | 08b8 d300 | 0044 8960 | 0c4c 8960 | 104c 8960 | 184c 8960 | 204c 8960 | 2848 8be8 
  0x00000205c589f2b0: ;   {section_word}
  0x00000205c589f2b0: c5fa 1005 | c8c4 ffff | 4c8b 9424 | b000 0000 | 4c89 5424 | 3866 6690 

  0x00000205c589f2c8: ;   {static_call}
  0x00000205c589f2c8: c5f8 77e8 

  0x00000205c589f2cc: ; ImmutableOopMap {rbp=Oop [32]=NarrowOop [48]=Oop [56]=Oop [64]=Oop [72]=Oop [88]=Oop [96]=Oop [120]=Oop [128]=Oop [136]=NarrowOop [144]=Oop [176]=Oop [184]=Oop [200]=Oop }
                      ;*invokestatic isNaN {reexecute=0 rethrow=0 return_oop=0}
                      ; - java.util.Hashtable::<init>@47
                      ; - java.util.Hashtable::<init>@5
                      ; - java.util.jar.JarVerifier::<init>@39
                      ; - java.util.jar.JarFile::getManifestFromReference@78
                      ; - java.util.jar.JarFile::getManifest@1
                      ; - jdk.internal.loader.URLClassPath$JarLoader$2::getManifest@22
                      ; - java.net.URLClassLoader::defineClass@34
                      ; - java.net.URLClassLoader$1::run@43
                      ; - java.net.URLClassLoader$1::run@1
                      ; - java.security.AccessController::executePrivileged@29
                      ; - java.security.AccessController::doPrivileged@13
                      ; - java.net.URLClassLoader::findClass@13
  0x00000205c589f2cc: b0fd 83ff 

  0x00000205c589f2d0: ;   {other}
  0x00000205c589f2d0: 0f1f 8400 | 4046 005b | 85c0 0f85 | 3039 0000 | c745 1400 | 0040 3f4d | 8b97 b801 | 0000 4d8b 
  0x00000205c589f2f0: da49 83c3 | 404d 3b9f | c801 0000 | 0f83 6f34 | 0000 4d89 | 9fb8 0100 | 0041 0f0d | 8bc0 0000 
  0x00000205c589f310: 0049 c702 | 0100 0000 | 410f 0d8b | 0001 0000 

  0x00000205c589f320: ;   {metadata('java/util/Hashtable$Entry'[])}
  0x00000205c589f320: 41c7 4208 | a87f 1300 | 410f 0d8b | 4001 0000 | 41c7 420c | 0b00 0000 | 410f 0d8b | 8001 0000 
  0x00000205c589f340: 4d89 6210 | 4d89 6218 | 4d89 6220 | 4d89 6228 | 4d89 6230 | 4d89 6238 | 498b da41 | 807f 4000 
  0x00000205c589f360: 0f85 9d2b | 0000 4c8b | d344 8955 | 1c4c 8bd3 | 4c8b dd4d | 33d3 488b | dd49 c1ea | 144d 85d2 
  0x00000205c589f380: 741a 49c1 | eb09 48b9 | 0000 abcc | 0502 0000 | 4903 cb80 | 3902 0f85 | 262e 0000 | 4180 7f40 
  0x00000205c589f3a0: 000f 858f | 2b00 004c | 8b94 2490 | 0000 0041 | 895a 14c7 | 4510 0800 | 0000 4c8b | d54c 8b9c 
  0x00000205c589f3c0: 2490 0000 | 004d 33d3 | 49c1 ea14 | 4d85 d274 | 1a49 c1eb | 0948 b900 | 00ab cc05 | 0200 0049 
  0x00000205c589f3e0: 03cb 8039 | 020f 8586 | 2d00 0049 | 8b87 b801 | 0000 4c8b | d049 83c2 | 304d 3b97 | c801 0000 
  0x00000205c589f400: 0f83 4733 | 0000 4d89 | 97b8 0100 | 0041 0f0d | 8ac0 0000 | 0048 c700 | 0100 0000 

  0x00000205c589f41c: ;   {metadata('java/util/Hashtable')}
  0x00000205c589f41c: c740 08b8 | d300 0044 | 8960 0c4c | 8960 104c | 8960 184c | 8960 204c | 8960 2848 

  0x00000205c589f438: ;   {section_word}
  0x00000205c589f438: 8be8 c5fa | 1005 3ec3 | ffff 4c8b | 9424 b000 | 0000 4c89 | 5424 3890 

  0x00000205c589f450: ;   {static_call}
  0x00000205c589f450: c5f8 77e8 

  0x00000205c589f454: ; ImmutableOopMap {rbp=Oop [32]=NarrowOop [48]=Oop [56]=Oop [64]=Oop [72]=Oop [88]=Oop [96]=Oop [120]=Oop [128]=Oop [136]=NarrowOop [144]=Oop [176]=Oop [184]=Oop [200]=Oop }
                      ;*invokestatic isNaN {reexecute=0 rethrow=0 return_oop=0}
                      ; - java.util.Hashtable::<init>@47
                      ; - java.util.Hashtable::<init>@5
                      ; - java.util.jar.JarVerifier::<init>@50
                      ; - java.util.jar.JarFile::getManifestFromReference@78
                      ; - java.util.jar.JarFile::getManifest@1
                      ; - jdk.internal.loader.URLClassPath$JarLoader$2::getManifest@22
                      ; - java.net.URLClassLoader::defineClass@34
                      ; - java.net.URLClassLoader$1::run@43
                      ; - java.net.URLClassLoader$1::run@1
                      ; - java.security.AccessController::executePrivileged@29
                      ; - java.security.AccessController::doPrivileged@13
                      ; - java.net.URLClassLoader::findClass@13
  0x00000205c589f454: 28fc 83ff 

  0x00000205c589f458: ;   {other}
  0x00000205c589f458: 0f1f 8400 | c847 005c | 85c0 0f85 | fc37 0000 | c745 1400 | 0040 3f4d | 8b97 b801 | 0000 4d8b 
  0x00000205c589f478: da49 83c3 | 404d 3b9f | c801 0000 | 0f83 1233 | 0000 4d89 | 9fb8 0100 | 0041 0f0d | 8bc0 0000 
  0x00000205c589f498: 0049 c702 | 0100 0000 | 410f 0d8b | 0001 0000 

  0x00000205c589f4a8: ;   {metadata('java/util/Hashtable$Entry'[])}
  0x00000205c589f4a8: 41c7 4208 | a87f 1300 | 410f 0d8b | 4001 0000 | 41c7 420c | 0b00 0000 | 410f 0d8b | 8001 0000 
  0x00000205c589f4c8: 4d89 6210 | 4d89 6218 | 4d89 6220 | 4d89 6228 | 4d89 6230 | 4d89 6238 | 498b da41 | 807f 4000 
  0x00000205c589f4e8: 0f85 832a | 0000 4c8b | d34d 8bda | 4489 5d1c | 4c8b dd4d | 33d3 488b | fd49 c1ea | 144d 85d2 
  0x00000205c589f508: 741a 49c1 | eb09 48b9 | 0000 abcc | 0502 0000 | 4903 cb80 | 3902 0f85 | 402d 0000 | 4180 7f40 
  0x00000205c589f528: 000f 8575 | 2a00 004c | 8b94 2490 | 0000 0041 | 897a 10c7 | 4510 0800 | 0000 4c8b | d54c 8b9c 
  0x00000205c589f548: 2490 0000 | 004d 33d3 | 49c1 ea14 | 4d85 d274 | 1a49 c1eb | 0948 b900 | 00ab cc05 | 0200 0049 
  0x00000205c589f568: 03cb 8039 | 020f 85a0 | 2c00 0049 | 8b87 b801 | 0000 4c8b | d049 83c2 | 304d 3b97 | c801 0000 
  0x00000205c589f588: 0f83 3632 | 0000 4d89 | 97b8 0100 | 0041 0f0d | 8ac0 0000 | 0048 c700 | 0100 0000 

  0x00000205c589f5a4: ;   {metadata('java/util/Hashtable')}
  0x00000205c589f5a4: c740 08b8 | d300 0044 | 8960 0c4c | 8960 104c | 8960 184c | 8960 204c | 8960 2848 

  0x00000205c589f5c0: ;   {section_word}
  0x00000205c589f5c0: 8be8 c5fa | 1005 b6c1 | ffff 4c8b | 9424 b000 | 0000 4c89 | 5424 3890 

  0x00000205c589f5d8: ;   {static_call}
  0x00000205c589f5d8: c5f8 77e8 

  0x00000205c589f5dc: ; ImmutableOopMap {rbp=Oop [32]=NarrowOop [48]=Oop [56]=Oop [64]=Oop [72]=Oop [88]=Oop [96]=Oop [120]=Oop [128]=Oop [136]=NarrowOop [144]=Oop [176]=Oop [184]=Oop [200]=Oop }
                      ;*invokestatic isNaN {reexecute=0 rethrow=0 return_oop=0}
                      ; - java.util.Hashtable::<init>@47
                      ; - java.util.Hashtable::<init>@4
                      ; - java.util.jar.JarVerifier::<init>@63
                      ; - java.util.jar.JarFile::getManifestFromReference@78
                      ; - java.util.jar.JarFile::getManifest@1
                      ; - jdk.internal.loader.URLClassPath$JarLoader$2::getManifest@22
                      ; - java.net.URLClassLoader::defineClass@34
                      ; - java.net.URLClassLoader$1::run@43
                      ; - java.net.URLClassLoader$1::run@1
                      ; - java.security.AccessController::executePrivileged@29
                      ; - java.security.AccessController::doPrivileged@13
                      ; - java.net.URLClassLoader::findClass@13
  0x00000205c589f5dc: a0fa 83ff 

  0x00000205c589f5e0: ;   {other}
  0x00000205c589f5e0: 0f1f 8400 | 5049 005d | 85c0 0f85 | c836 0000 | c745 1400 | 0040 3f4d | 8b97 b801 | 0000 4d8b 
  0x00000205c589f600: da49 83c3 | 404d 3b9f | c801 0000 | 0f83 b632 | 0000 4d89 | 9fb8 0100 | 0041 0f0d | 8bc0 0000 
  0x00000205c589f620: 0049 c702 | 0100 0000 | 410f 0d8b | 0001 0000 

  0x00000205c589f630: ;   {metadata('java/util/Hashtable$Entry'[])}
  0x00000205c589f630: 41c7 4208 | a87f 1300 | 410f 0d8b | 4001 0000 | 41c7 420c | 0b00 0000 | 410f 0d8b | 8001 0000 
  0x00000205c589f650: 4d89 6210 | 4d89 6218 | 4d89 6220 | 4d89 6228 | 4d89 6230 | 4d89 6238 | 498b da41 | 807f 4000 
  0x00000205c589f670: 0f85 522a | 0000 488b | fd4c 8b94 | 2490 0000 | 0044 8954 | 242c 4c8b | d34c 8bc3 | 4489 451c 
  0x00000205c589f690: 4c8b dd4d | 33d3 49c1 | ea14 4d85 | d274 1a49 | c1eb 0948 | b900 00ab | cc05 0200 | 0049 03cb 
  0x00000205c589f6b0: 8039 020f | 8540 2d00 | 0041 807f | 4000 0f85 | 372a 0000 | 4c8b 9424 | 9000 0000 | 4189 7a18 
  0x00000205c589f6d0: c745 1008 | 0000 004c | 8bd5 4c8b | 9c24 9000 | 0000 4d33 | d349 c1ea | 144d 85d2 | 741a 49c1 
  0x00000205c589f6f0: eb09 48b9 | 0000 abcc | 0502 0000 | 4903 cb80 | 3902 0f85 | 932d 0000 | 4d8b 97b8 | 0100 004d 
  0x00000205c589f710: 8bda 4983 | c318 4d3b | 9fc8 0100 | 000f 831d | 3100 004d | 899f b801 | 0000 410f 

  0x00000205c589f72c: ;   {no_reloc}
  0x00000205c589f72c: 0d8b c000 | 0000 49c7 | 0201 0000 

  0x00000205c589f738: ;   {metadata('java/util/ArrayList')}
  0x00000205c589f738: 0041 c742 | 08d0 890b | 0045 8962 | 0c45 8962 

  0x00000205c589f748: ;   {oop(a 'java/lang/Object'[0] {0x00000000e0c51340})}
  0x00000205c589f748: 1041 c742 | 1440 13c5 | e049 8bda | 4180 7f40 | 000f 852e | 2900 004c | 8bd3 4d8b | da4c 8b94 
  0x00000205c589f768: 2490 0000 | 0045 895a | 1c4c 8bdb | 4d33 da49 | c1eb 144d | 85db 741a | 49c1 ea09 | 48b9 0000 
  0x00000205c589f788: abcc 0502 | 0000 4903 | ca80 3902 | 0f85 b02c | 0000 4d8b | 97b8 0100 | 004d 8bda | 4983 c318 
  0x00000205c589f7a8: 4d3b 9fc8 | 0100 000f | 83e8 3000 | 004d 899f | b801 0000 | 410f 0d8b | c000 0000 | 49c7 0201 
  0x00000205c589f7c8: ;   {metadata('java/io/ByteArrayOutputStream')}
  0x00000205c589f7c8: 0000 0041 | c742 08a0 | 0022 0045 | 8962 0c4d | 8962 1049 | 8bea 498b | 87b8 0100 | 004c 8bd0 
  0x00000205c589f7e8: 4983 c230 | 4d3b 97c8 | 0100 000f | 836f 3000 | 004d 8997 | b801 0000 | 410f 0d8a | c000 0000 
  0x00000205c589f808: 48c7 0001 | 0000 0041 | 0f0d 8a00 

  0x00000205c589f814: ;   {metadata({type array byte})}
  0x00000205c589f814: 0100 00c7 | 4008 1823 | 0000 410f | 0d8a 4001 | 0000 c740 | 0c20 0000 | 0041 0f0d | 8a80 0100 
  0x00000205c589f834: 004c 8960 | 104c 8960 | 184c 8960 | 204c 8960 | 284c 8bd5 | 498b da4c | 8bd8 4589 | 5a10 4c8b 
  0x00000205c589f854: d04c 8bdd | 4d33 d349 | c1ea 144d | 85d2 741a | 49c1 eb09 | 48b9 0000 | abcc 0502 | 0000 4903 
  0x00000205c589f874: cb80 3902 | 0f85 372a | 0000 4180 | 7f40 000f | 85ad 2800 | 004c 8b94 | 2490 0000 | 0041 895a 
  0x00000205c589f894: 244c 8bd5 | 4c8b 9c24 | 9000 0000 | 4d33 d349 | c1ea 144d | 85d2 741a | 49c1 eb09 | 48b9 0000 
  0x00000205c589f8b4: abcc 0502 | 0000 4903 | cb80 3902 | 0f85 912a | 0000 4d8b | 97b8 0100 | 004d 8bda | 4983 c318 
  0x00000205c589f8d4: 4d3b 9fc8 | 0100 000f | 8333 2f00 | 004d 899f | b801 0000 | 410f 0d8b | c000 0000 | 49c7 0201 
  0x00000205c589f8f4: ;   {metadata('java/util/ArrayList')}
  0x00000205c589f8f4: 0000 0041 | c742 08d0 | 890b 0045 | 8962 0c45 

  0x00000205c589f904: ;   {oop(a 'java/lang/Object'[0] {0x00000000e0c51340})}
  0x00000205c589f904: 8962 1041 | c742 1440 | 13c5 e049 | 8bda 4180 | 7f40 000f | 8535 2700 | 004c 8bd3 | 4d8b da4c 
  0x00000205c589f924: 8b94 2490 | 0000 0045 | 895a 344c | 8bdb 4d33 | da49 c1eb | 144d 85db | 741a 49c1 | ea09 48b9 
  0x00000205c589f944: 0000 abcc | 0502 0000 | 4903 ca80 | 3902 0f85 | 502a 0000 | 4d8b 97b8 | 0100 004d | 8bda 4983 
  0x00000205c589f964: c330 4d3b | 9fc8 0100 | 000f 8376 | 2e00 004d | 899f b801 | 0000 410f | 0d8b c000 | 0000 49c7 
  0x00000205c589f984: 0201 0000 

  0x00000205c589f988: ;   {metadata('java/util/HashMap')}
  0x00000205c589f988: 0041 c742 | 0868 a908 | 0045 8962 | 0c4d 8962 | 104d 8962 | 184d 8962 | 2849 c742 | 2000 0040 
  0x00000205c589f9a8: 3f49 8bda | 4180 7f40 | 000f 8528 | 2600 004c | 8b94 2490 | 0000 004c | 8bc3 4c8b | 9c24 9000 
  0x00000205c589f9c8: 0000 4589 | 4338 4c8b | db4d 33da | 49c1 eb14 | 4d85 db74 | 1a49 c1ea | 0948 b900 | 00ab cc05 
  0x00000205c589f9e8: 0200 0049 | 03ca 8039 | 020f 850f | 2900 0041 | 807f 4000 | 0f85 1826 | 0000 4c8b | 5424 7844 
  0x00000205c589fa08: 8b44 242c | 4589 4230 | 4c8b 9424 | 9000 0000 | 4c8b 5c24 | 784d 33d3 | 49c1 ea14 | 4d85 d20f 
  0x00000205c589fa28: 8412 e9ff | ff49 c1eb | 0948 b900 | 00ab cc05 | 0200 0049 | 03cb 8039 | 020f 84f8 | e8ff ff4d 
  0x00000205c589fa48: 8b57 484d | 8b5f 58f0 | 8344 24c0 | 0080 3900 | 0f84 e1e8 | ffff 4488 | 214d 85d2 | 7520 498b 
  0x00000205c589fa68: d7c5 f877 | 49ba 00a4 | a527 f97f | 0000 41ff 

  0x00000205c589fa78: ;   {other}
  0x00000205c589fa78: d20f 1f84 | 0000 0000 | 00e9 b9e8 | ffff 4b89 | 4c13 f849 | 83c2 f84d | 8957 48e9 | a7e8 ffff 
  0x00000205c589fa98: ;   {metadata('java/security/CodeSource')}
  0x00000205c589fa98: 48ba 285c | 00d1 0502 | 0000 8b6c | 2458 4c8b | 9424 b000 | 0000 4c89 | 5424 2090 

  0x00000205c589fab4: ;   {runtime_call _new_instance_Java}
  0x00000205c589fab4: c5f8 77e8 

  0x00000205c589fab8: ; ImmutableOopMap {rbp=NarrowOop [32]=Oop [48]=Oop [64]=Oop [72]=Oop [96]=Oop [176]=Oop [184]=Oop }
                      ;*new {reexecute=0 rethrow=0 return_oop=1}
                      ; - java.net.URLClassLoader::defineClass@190
                      ; - java.net.URLClassLoader$1::run@43
                      ; - java.net.URLClassLoader$1::run@1
                      ; - java.security.AccessController::executePrivileged@29
                      ; - java.security.AccessController::doPrivileged@13
                      ; - java.net.URLClassLoader::findClass@13
  0x00000205c589fab8: c442 88ff 

  0x00000205c589fabc: ;   {other}
  0x00000205c589fabc: 0f1f 8400 | 2c4e 005e | e934 ddff | ff33 c0e9 | 28d0 ffff 

  0x00000205c589fad0: ;   {metadata('java/lang/String')}
  0x00000205c589fad0: 8be9 48ba | 78e8 00d1 | 0502 0000 | 4c8b 9424 | b800 0000 | 4c89 5424 | 584c 8944 | 2460 4c89 
  0x00000205c589faf0: 4424 7090 

  0x00000205c589faf4: ;   {runtime_call _new_instance_Java}
  0x00000205c589faf4: c5f8 77e8 

  0x00000205c589faf8: ; ImmutableOopMap {[32]=NarrowOop [48]=Oop [64]=Oop [72]=Oop [88]=Oop [96]=Oop [112]=Oop [136]=NarrowOop [176]=Oop [184]=Oop }
                      ;*new {reexecute=0 rethrow=0 return_oop=1}
                      ; - java.lang.StringLatin1::newString@7
                      ; - java.lang.String::substring@41
                      ; - java.net.URLClassLoader::defineClass@28
                      ; - java.net.URLClassLoader$1::run@43
                      ; - java.net.URLClassLoader$1::run@1
                      ; - java.security.AccessController::executePrivileged@29
                      ; - java.security.AccessController::doPrivileged@13
                      ; - java.net.URLClassLoader::findClass@13
  0x00000205c589faf8: 8442 88ff 

  0x00000205c589fafc: ;   {other}
  0x00000205c589fafc: 0f1f 8400 | 6c4e 005f | 8bcd 4c8b | d8e9 5dc8 | ffff 4889 

  0x00000205c589fb10: ;   {metadata({type array byte})}
  0x00000205c589fb10: 4424 3848 | ba18 2300 | d105 0200 | 0045 8bc2 | 488b 6c24 | 7066 6690 

  0x00000205c589fb28: ;   {runtime_call _new_array_Java}
  0x00000205c589fb28: c5f8 77e8 

  0x00000205c589fb2c: ; ImmutableOopMap {rbp=Oop [32]=Oop [48]=Oop [64]=Oop [72]=Oop [88]=Oop [120]=Oop [128]=Oop [136]=NarrowOop [144]=Oop [160]=Oop [176]=Oop [184]=Oop [192]=NarrowOop }
                      ;*invokevirtual allocateUninitializedArray0 {reexecute=0 rethrow=0 return_oop=1}
                      ; - jdk.internal.misc.Unsafe::allocateUninitializedArray@51
                      ; - java.lang.StringConcatHelper::newArray@33
                      ; - java.lang.StringConcatHelper::simpleConcat@61
                      ; - java.lang.String::concat@11
                      ; - java.net.URLClassLoader::isSealed@15
                      ; - java.net.URLClassLoader::getAndVerifyPackage@68
                      ; - java.net.URLClassLoader::defineClass@46
                      ; - java.net.URLClassLoader$1::run@43
                      ; - java.net.URLClassLoader$1::run@1
                      ; - java.security.AccessController::executePrivileged@29
                      ; - java.security.AccessController::doPrivileged@13
                      ; - java.net.URLClassLoader::findClass@13
  0x00000205c589fb2c: 503f 88ff 

  0x00000205c589fb30: ;   {other}
  0x00000205c589fb30: 0f1f 8400 | a04e 0060 | e98b d9ff 

  0x00000205c589fb3c: ;   {metadata({type array byte})}
  0x00000205c589fb3c: ff48 ba18 | 2300 d105 | 0200 0044 | 8b44 2458 | 4c8b 9424 | b000 0000 | 4c89 5424 | 684c 8b94 
  0x00000205c589fb5c: 24b8 0000 | 004c 8954 | 2478 6690 

  0x00000205c589fb68: ;   {runtime_call _new_array_nozero_Java}
  0x00000205c589fb68: c5f8 77e8 

  0x00000205c589fb6c: ; ImmutableOopMap {[48]=Oop [64]=Oop [72]=Oop [104]=Oop [112]=Oop [120]=Oop [136]=NarrowOop [176]=Oop [184]=Oop [192]=Oop [56]=Derived_oop_[192] }
                      ;*newarray {reexecute=0 rethrow=0 return_oop=1}
                      ; - java.util.Arrays::copyOfRangeByte@10
                      ; - java.util.Arrays::copyOfRange@13
                      ; - java.lang.StringLatin1::newString@16
                      ; - java.lang.String::substring@41
                      ; - java.net.URLClassLoader::defineClass@28
                      ; - java.net.URLClassLoader$1::run@43
                      ; - java.net.URLClassLoader$1::run@1
                      ; - java.security.AccessController::executePrivileged@29
                      ; - java.security.AccessController::doPrivileged@13
                      ; - java.net.URLClassLoader::findClass@13
  0x00000205c589fb6c: 903b 88ff 

  0x00000205c589fb70: ;   {other}
  0x00000205c589fb70: 0f1f 8400 | e04e 0061 | 488b d8e9 | 85c9 ffff 

  0x00000205c589fb80: ;   {oop(a 'java/io/WinNTFileSystem'{0x00000000e06ea0c0})}
  0x00000205c589fb80: 48ba c0a0 | 6ee0 0000 | 0000 4c8b | 4424 3890 

  0x00000205c589fb90: ;   {optimized virtual_call}
  0x00000205c589fb90: c5f8 77e8 

  0x00000205c589fb94: ; ImmutableOopMap {rbp=Oop [32]=Oop [48]=NarrowOop [64]=Oop [80]=Oop [88]=Oop [96]=Oop [104]=Oop [176]=Oop [184]=Oop }
                      ;*invokevirtual normalize {reexecute=0 rethrow=0 return_oop=1}
                      ; - java.io.File::<init>@90
                      ; - jdk.internal.loader.URLClassPath$FileLoader::getResource@118
                      ; - jdk.internal.loader.URLClassPath::getResource@53
                      ; - java.net.URLClassLoader$1::run@26
                      ; - java.net.URLClassLoader$1::run@1
                      ; - java.security.AccessController::executePrivileged@29
                      ; - java.security.AccessController::doPrivileged@13
                      ; - java.net.URLClassLoader::findClass@13
  0x00000205c589fb94: e8ee 83ff 

  0x00000205c589fb98: ;   {other}
  0x00000205c589fb98: 0f1f 8400 | 084f 0062 | 488b d841 | 807f 4000 | 0f85 271d | 0000 4c8b | db4c 8b54 | 2468 4589 
  0x00000205c589fbb8: 5a10 4c8b | db4d 33da | 49c1 eb14 | 4d85 db0f | 8442 efff | ff48 85db | 0f84 39ef | ffff 49c1 
  0x00000205c589fbd8: ea09 48b9 | 0000 abcc | 0502 0000 | 4903 ca80 | 3902 0f84 | 1fef ffff | 4d8b 5758 | 4d8b 5f48 
  0x00000205c589fbf8: f083 4424 | c000 8039 | 000f 8408 | efff ff44 | 8821 4d85 | db75 2049 | 8bd7 c5f8 | 7749 ba00 
  0x00000205c589fc18: a4a5 27f9 | 7f00 0041 

  0x00000205c589fc20: ;   {other}
  0x00000205c589fc20: ffd2 0f1f | 8400 0000 | 0000 e9e0 | eeff ff4b | 894c 1af8 | 4983 c3f8 | 4d89 5f48 | e9ce eeff 
  0x00000205c589fc40: ff4c 8b84 | 24c8 0000 | 0041 c640 | 1101 33c0 | 4c8b 8c24 | b800 0000 | 4c8b 5424 | 3844 8b5c 
  0x00000205c589fc60: 242c e953 | cbff ffba | 66ff ffff | 488b ac24 | b000 0000 | 4c8b 5424 | 404c 8954 | 2420 448b 
  0x00000205c589fc80: 4424 3044 | 8944 2428 | 4489 5c24 | 4866 6690 

  0x00000205c589fc90: ;   {runtime_call UncommonTrapBlob}
  0x00000205c589fc90: c5f8 77e8 

  0x00000205c589fc94: ; ImmutableOopMap {rbp=Oop [32]=Oop [40]=NarrowOop [56]=Oop [72]=NarrowOop [80]=Oop [184]=Oop }
                      ;*invokevirtual getEntry {reexecute=0 rethrow=0 return_oop=0}
                      ; - java.util.jar.JarFile::getJarEntry@2
                      ; - jdk.internal.loader.URLClassPath$JarLoader::getResource@22
                      ; - jdk.internal.loader.URLClassPath::getResource@53
                      ; - java.net.URLClassLoader$1::run@26
                      ; - java.net.URLClassLoader$1::run@1
                      ; - java.security.AccessController::executePrivileged@29
                      ; - java.security.AccessController::doPrivileged@13
                      ; - java.net.URLClassLoader::findClass@13
  0x00000205c589fc94: e846 84ff 

  0x00000205c589fc98: ;   {other}
  0x00000205c589fc98: 0f1f 8400 | 0850 0063 | 448b 5c24 | 2c41 8b6b 

  0x00000205c589fca8: ;   {oop(a 'java/io/WinNTFileSystem'{0x00000000e06ea0c0})}
  0x00000205c589fca8: 1048 bac0 | a06e e000 | 0000 004c | 8b44 2438 | 4c8b 5424 | 484c 8954 | 2438 6690 

  0x00000205c589fcc4: ;   {optimized virtual_call}
  0x00000205c589fcc4: c5f8 77e8 

  0x00000205c589fcc8: ; ImmutableOopMap {rbp=NarrowOop [32]=Oop [48]=NarrowOop [56]=Oop [64]=Oop [80]=Oop [88]=Oop [96]=Oop [104]=Oop [176]=Oop [184]=Oop }
                      ;*invokevirtual normalize {reexecute=0 rethrow=0 return_oop=1}
                      ; - java.io.File::<init>@73
                      ; - jdk.internal.loader.URLClassPath$FileLoader::getResource@118
                      ; - jdk.internal.loader.URLClassPath::getResource@53
                      ; - java.net.URLClassLoader$1::run@26
                      ; - java.net.URLClassLoader$1::run@1
                      ; - java.security.AccessController::executePrivileged@29
                      ; - java.security.AccessController::doPrivileged@13
                      ; - java.net.URLClassLoader::findClass@13
  0x00000205c589fcc8: 34cf eeff 

  0x00000205c589fccc: ;   {other}
  0x00000205c589fccc: 0f1f 8400 | 3c50 0064 

  0x00000205c589fcd4: ;   {oop(a 'java/io/WinNTFileSystem'{0x00000000e06ea0c0})}
  0x00000205c589fcd4: 4c8b c548 | bac0 a06e | e000 0000 | 004c 8bc8 | 488b 6c24 | 3866 6690 

  0x00000205c589fcec: ;   {optimized virtual_call}
  0x00000205c589fcec: c5f8 77e8 

  0x00000205c589fcf0: ; ImmutableOopMap {rbp=Oop [32]=Oop [48]=NarrowOop [64]=Oop [80]=Oop [88]=Oop [96]=Oop [104]=Oop [176]=Oop [184]=Oop }
                      ;*invokevirtual resolve {reexecute=0 rethrow=0 return_oop=1}
                      ; - java.io.File::<init>@76
                      ; - jdk.internal.loader.URLClassPath$FileLoader::getResource@118
                      ; - jdk.internal.loader.URLClassPath::getResource@53
                      ; - java.net.URLClassLoader$1::run@26
                      ; - java.net.URLClassLoader$1::run@1
                      ; - java.security.AccessController::executePrivileged@29
                      ; - java.security.AccessController::doPrivileged@13
                      ; - java.net.URLClassLoader::findClass@13
  0x00000205c589fcf0: 6c84 2ff8 

  0x00000205c589fcf4: ;   {other}
  0x00000205c589fcf4: 0f1f 8400 | 6450 0065 | 488b d841 | 807f 4000 | 0f85 031c | 0000 4c8b | d34c 8b5c | 2468 4589 
  0x00000205c589fd14: 5310 4d8b | d34c 8bdb | 4d33 da49 | c1eb 144d | 85db 0f84 | e3ed ffff | 4885 db0f | 84da edff 
  0x00000205c589fd34: ff49 c1ea | 0948 b900 | 00ab cc05 | 0200 0049 | 03ca 8039 | 020f 84c0 | edff ff4d | 8b57 584d 
  0x00000205c589fd54: 8b5f 48f0 | 8344 24c0 | 0080 3900 | 0f84 a9ed | ffff 4488 | 214d 85db | 7520 498b | d7c5 f877 
  0x00000205c589fd74: 49ba 00a4 | a527 f97f | 0000 41ff 

  0x00000205c589fd80: ;   {other}
  0x00000205c589fd80: d20f 1f84 | 0000 0000 | 00e9 81ed | ffff 4b89 | 4c1a f849 | 83c3 f84d | 895f 48e9 | 6fed ffff 
  0x00000205c589fda0: 4c8b 5424 | 7845 8b52 | 2845 85d2 | 0f84 dfdf | ffff 4d8b | 5f28 498b | ca4d 85db | 0f84 d61f 
  0x00000205c589fdc0: 0000 4d8b | 5738 4b89 | 4c1a f849 | 83c3 f84d | 895f 28e9 | b9df ffff | 458b 5210 | 4585 d20f 
  0x00000205c589fde0: 845d dfff | ff4d 8b5f | 2849 8bca | 4d85 db0f | 8483 1f00 | 004d 8b57 | 384b 894c | 1af8 4983 
  0x00000205c589fe00: c3f8 4d89 | 5f28 e937 | dfff ff4d | 8b57 484d | 8b5f 58f0 | 8344 24c0 | 0080 3900 | 0f84 5edf 
  0x00000205c589fe20: ffff 4488 | 214d 85d2 | 7520 498b | d7c5 f877 | 49ba 00a4 | a527 f97f | 0000 41ff 

  0x00000205c589fe3c: ;   {other}
  0x00000205c589fe3c: d20f 1f84 | 0000 0000 | 00e9 36df | ffff 4b89 | 4c13 f849 | 83c2 f84d | 8957 48e9 | 24df ffff 
  0x00000205c589fe5c: 4d8b 5f48 | 4d8b 4758 | f083 4424 | c000 4180 | 3a00 0f84 | 65df ffff | 4588 224d | 85db 7523 
  0x00000205c589fe7c: 498b ca49 | 8bd7 c5f8 | 7749 ba00 | a4a5 27f9 | 7f00 0041 

  0x00000205c589fe90: ;   {other}
  0x00000205c589fe90: ffd2 0f1f | 8400 0000 | 0000 e93a | dfff ff4f | 8954 18f8 | 4983 c3f8 | 4d89 5f48 | e928 dfff 
  0x00000205c589feb0: ff4c 8b94 | 2480 0000 | 0045 8b52 | 0c45 85d2 | 0f84 d7dc | ffff 4d8b | 5f28 498b | ca4d 85db 
  0x00000205c589fed0: 0f84 031f | 0000 4d8b | 5738 4b89 | 4c1a f849 | 83c3 f84d | 895f 28e9 | b1dc ffff | 448b 5d0c 
  0x00000205c589fef0: 4585 db0f | 8451 dcff | ff4d 8b57 | 2849 8bcb | 4d85 d20f | 8410 1f00 | 004d 8b5f | 384b 894c 
  0x00000205c589ff10: 13f8 4983 | c2f8 4d89 | 5728 e92b | dcff ff4c | 8b94 2480 | 0000 0045 | 8b52 1045 | 85d2 0f84 
  0x00000205c589ff30: fddc ffff | 4d8b 5f28 | 498b ca4d | 85db 0f84 | b51e 0000 | 4d8b 5738 | 4b89 4c1a | f849 83c3 
  0x00000205c589ff50: f84d 895f | 28e9 d7dc | ffff 4c8b | 9424 8000 | 0000 458b | 5214 4585 | d20f 8438 | ddff ff4d 
  0x00000205c589ff70: 8b5f 2849 | 8bca 4d85 | db0f 84ba | 1e00 004d | 8b57 384b | 894c 1af8 | 4983 c3f8 | 4d89 5f28 
  0x00000205c589ff90: ;   {no_reloc}
  0x00000205c589ff90: e912 ddff | ff4d 8b57 | 584d 8b5f | 48f0 8344 | 24c0 0080 | 3900 0f84 | 26dc ffff | 4488 214d 
  0x00000205c589ffb0: 85db 7520 | 498b d7c5 | f877 49ba | 00a4 a527 | f97f 0000 

  0x00000205c589ffc4: ;   {other}
  0x00000205c589ffc4: 41ff d20f | 1f84 0000 | 0000 00e9 | fedb ffff | 4b89 4c1a | f849 83c3 | f84d 895f | 48e9 ecdb 
  0x00000205c589ffe4: ffff 4d8b | 5748 4d8b | 5f58 f083 | 4424 c000 | 8039 000f | 8474 dcff | ff44 8821 | 4d85 d275 
  0x00000205c58a0004: 2049 8bd7 | c5f8 7749 | ba00 a4a5 | 27f9 7f00 | 0041 ffd2 

  0x00000205c58a0018: ;   {other}
  0x00000205c58a0018: 0f1f 8400 | 0000 0000 | e94c dcff | ff4b 894c | 13f8 4983 | c2f8 4d89 | 5748 e93a | dcff ff4d 
  0x00000205c58a0038: 8b57 584d | 8b5f 48f0 | 8344 24c0 | 0080 3900 | 0f84 44db | ffff 4488 | 214d 85db | 7520 498b 
  0x00000205c58a0058: d7c5 f877 | 49ba 00a4 | a527 f97f | 0000 41ff 

  0x00000205c58a0068: ;   {other}
  0x00000205c58a0068: d20f 1f84 | 0000 0000 | 00e9 1cdb | ffff 4b89 | 4c1a f849 | 83c3 f84d | 895f 48e9 | 0adb ffff 
  0x00000205c58a0088: 898c 24d8 | 0000 0044 | 898c 24c4 | 0000 0089 | 9c24 9c00 

  0x00000205c58a009c: ;   {metadata({type array byte})}
  0x00000205c58a009c: 0000 48ba | 1823 00d1 | 0502 0000 | 448b 8424 | 9800 0000 | 4c8b 9424 | b000 0000 | 4c89 5424 
  0x00000205c58a00bc: 6066 6690 

  0x00000205c58a00c0: ;   {runtime_call _new_array_Java}
  0x00000205c58a00c0: c5f8 77e8 

  0x00000205c58a00c4: ; ImmutableOopMap {[32]=Oop [48]=Oop [56]=Oop [64]=Oop [72]=Oop [88]=Oop [96]=Oop [120]=Oop [128]=Oop [136]=NarrowOop [144]=Oop [156]=NarrowOop [176]=Oop [184]=Oop [192]=NarrowOop }
                      ;*invokevirtual allocateUninitializedArray0 {reexecute=0 rethrow=0 return_oop=1}
                      ; - jdk.internal.misc.Unsafe::allocateUninitializedArray@51
                      ; - java.lang.StringConcatHelper::newArray@33
                      ; - java.lang.StringLatin1::replace@49
                      ; - java.lang.String::replace@18
                      ; - java.net.URLClassLoader::isSealed@9
                      ; - java.net.URLClassLoader::getAndVerifyPackage@68
                      ; - java.net.URLClassLoader::defineClass@46
                      ; - java.net.URLClassLoader$1::run@43
                      ; - java.net.URLClassLoader$1::run@1
                      ; - java.security.AccessController::executePrivileged@29
                      ; - java.security.AccessController::doPrivileged@13
                      ; - java.net.URLClassLoader::findClass@13
  0x00000205c58a00c4: b839 88ff 

  0x00000205c58a00c8: ;   {other}
  0x00000205c58a00c8: 0f1f 8400 | 3854 0066 | 4c8b d88b | 9c24 9c00 | 0000 448b | 8c24 c400 | 0000 8b8c | 24d8 0000 
  0x00000205c58a00e8: 00e9 81cf 

  0x00000205c58a00ec: ;   {metadata('java/lang/String')}
  0x00000205c58a00ec: ffff 48ba | 78e8 00d1 | 0502 0000 | 488b ac24 | b000 0000 | 4c8b 9424 | 9000 0000 | 4c89 5424 
  0x00000205c58a010c: 7066 6690 

  0x00000205c58a0110: ;   {runtime_call _new_instance_Java}
  0x00000205c58a0110: c5f8 77e8 

  0x00000205c58a0114: ; ImmutableOopMap {rbp=Oop [32]=Oop [48]=Oop [64]=Oop [72]=Oop [88]=Oop [112]=Oop [120]=Oop [128]=Oop [136]=NarrowOop [144]=Oop [160]=Oop [176]=Oop [184]=Oop [192]=NarrowOop }
                      ;*new {reexecute=0 rethrow=0 return_oop=1}
                      ; - java.lang.StringLatin1::replace@116
                      ; - java.lang.String::replace@18
                      ; - java.net.URLClassLoader::isSealed@9
                      ; - java.net.URLClassLoader::getAndVerifyPackage@68
                      ; - java.net.URLClassLoader::defineClass@46
                      ; - java.net.URLClassLoader$1::run@43
                      ; - java.net.URLClassLoader$1::run@1
                      ; - java.security.AccessController::executePrivileged@29
                      ; - java.security.AccessController::doPrivileged@13
                      ; - java.net.URLClassLoader::findClass@13
  0x00000205c58a0114: 683c 88ff 

  0x00000205c58a0118: ;   {other}
  0x00000205c58a0118: 0f1f 8400 | 8854 0067 | e9f2 d1ff | ff89 7c24 | 284c 8944 | 2420 4c89 | 9424 b000 | 0000 498b 
  0x00000205c58a0138: ;   {metadata('java/lang/String')}
  0x00000205c58a0138: eb48 ba78 | e800 d105 | 0200 004c | 8954 2438 

  0x00000205c58a0148: ;   {runtime_call _new_instance_Java}
  0x00000205c58a0148: c5f8 77e8 

  0x00000205c58a014c: ; ImmutableOopMap {rbp=Oop [32]=Oop [56]=Oop [176]=Oop }
                      ;*new {reexecute=0 rethrow=0 return_oop=1}
                      ; - java.lang.StringConcatHelper::simpleConcat@17
                      ; - java.lang.String::concat@11
                      ; - java.net.URLClassLoader$1::run@13
                      ; - java.net.URLClassLoader$1::run@1
                      ; - java.security.AccessController::executePrivileged@29
                      ; - java.security.AccessController::doPrivileged@13
                      ; - java.net.URLClassLoader::findClass@13
  0x00000205c58a014c: 303c 88ff 

  0x00000205c58a0150: ;   {other}
  0x00000205c58a0150: 0f1f 8400 | c054 0068 | 4c8b dd4c | 8b54 2438 | 4c8b 4424 | 208b 7c24 | 28e9 05c1 

  0x00000205c58a016c: ;   {metadata({type array byte})}
  0x00000205c58a016c: ffff 48ba | 1823 00d1 | 0502 0000 | 448b 4424 | 244c 8b94 | 24b0 0000 | 004c 8954 | 2420 4c8b 
  0x00000205c58a018c: 9424 b800 | 0000 4c89 | 5424 5890 

  0x00000205c58a0198: ;   {runtime_call _new_array_nozero_Java}
  0x00000205c58a0198: c5f8 77e8 

  0x00000205c58a019c: ; ImmutableOopMap {[32]=Oop [48]=Oop [64]=Oop [72]=Oop [88]=Oop [104]=NarrowOop [112]=Oop [136]=NarrowOop [176]=Oop [184]=Oop [192]=Oop rbp=Derived_oop_[192] }
                      ;*invokevirtual clone {reexecute=1 rethrow=0 return_oop=1}
                      ; - (reexecute) java.util.Arrays::copyOfRange@18
                      ; - java.lang.StringLatin1::newString@16
                      ; - java.lang.String::substring@41
                      ; - java.net.URLClassLoader::defineClass@28
                      ; - java.net.URLClassLoader$1::run@43
                      ; - java.net.URLClassLoader$1::run@1
                      ; - java.security.AccessController::executePrivileged@29
                      ; - java.security.AccessController::doPrivileged@13
                      ; - java.net.URLClassLoader::findClass@13
  0x00000205c58a019c: 6035 88ff 

  0x00000205c58a01a0: ;   {other}
  0x00000205c58a01a0: 0f1f 8400 | 1055 0069 | 488b d8e9 | 62c2 ffff | 4c8b 9424 | 9000 0000 | 41c6 4211 | 0133 c0e9 
  0x00000205c58a01c0: 34c9 ffff | 418b e98b | c8e9 51b7 

  0x00000205c58a01cc: ;   {metadata('java/lang/ClassLoader$$Lambda+0x00000205d2067550')}
  0x00000205c58a01cc: ffff 48ba | 5075 06d2 | 0502 0000 | 4c8b 9424 | b000 0000 | 4c89 5424 | 204c 8b94 | 24b8 0000 
  0x00000205c58a01ec: 004c 8954 | 2460 4c8b | 9424 9000 | 0000 4c89 | 5424 7090 

  0x00000205c58a0200: ;   {runtime_call _new_instance_Java}
  0x00000205c58a0200: c5f8 77e8 

  0x00000205c58a0204: ; ImmutableOopMap {rbp=NarrowOop [32]=Oop [48]=Oop [64]=Oop [72]=Oop [88]=Oop [96]=Oop [112]=Oop [128]=Oop [136]=NarrowOop [144]=Oop [176]=Oop [184]=Oop [192]=NarrowOop }
                      ;*invokevirtual allocateInstance {reexecute=0 rethrow=0 return_oop=1}
                      ; - java.lang.invoke.DirectMethodHandle::allocateInstance@12
                      ; - java.lang.invoke.DirectMethodHandle$Holder::newInvokeSpecial@1
                      ; - java.lang.invoke.Invokers$Holder::linkToTargetMethod@6
                      ; - java.lang.ClassLoader::definePackage@73
                      ; - java.lang.ClassLoader::getDefinedPackage@32
                      ; - java.net.URLClassLoader::getAndVerifyPackage@2
                      ; - java.net.URLClassLoader::defineClass@46
                      ; - java.net.URLClassLoader$1::run@43
                      ; - java.net.URLClassLoader$1::run@1
                      ; - java.security.AccessController::executePrivileged@29
                      ; - java.security.AccessController::doPrivileged@13
                      ; - java.net.URLClassLoader::findClass@13
  0x00000205c58a0204: 783b 88ff 

  0x00000205c58a0208: ;   {other}
  0x00000205c58a0208: 0f1f 8400 | 7855 006a | 4c8b c8e9 | c7cb ffff | 418b ebe9 | c7cd ffff | 4c8b 5424 | 6845 8b52 
  0x00000205c58a0228: 1445 85d2 | 0f84 36de | ffff 4d8b | 5f28 498b | ca4d 85db | 0f84 8a24 | 0000 4d8b | 5738 4b89 
  0x00000205c58a0248: 4c1a f849 | 83c3 f84d | 895f 28e9 | 10de ffff 

  0x00000205c58a0258: ;   {metadata('java/lang/ref/SoftReference')}
  0x00000205c58a0258: 48ba 90df | 03d1 0502 | 0000 4c8b | 9424 b000 | 0000 4c89 | 5424 204c | 8b94 24b8 | 0000 004c 
  0x00000205c58a0278: 8954 2460 

  0x00000205c58a027c: ;   {runtime_call _new_instance_Java}
  0x00000205c58a027c: c5f8 77e8 

  0x00000205c58a0280: ; ImmutableOopMap {rbp=Oop [32]=Oop [48]=Oop [64]=Oop [72]=Oop [88]=Oop [96]=Oop [120]=Oop [136]=NarrowOop [176]=Oop [184]=Oop [200]=Oop }
                      ;*new {reexecute=0 rethrow=0 return_oop=1}
                      ; - java.util.jar.JarFile::getManifestFromReference@184
                      ; - java.util.jar.JarFile::getManifest@1
                      ; - jdk.internal.loader.URLClassPath$JarLoader$2::getManifest@22
                      ; - java.net.URLClassLoader::defineClass@34
                      ; - java.net.URLClassLoader$1::run@43
                      ; - java.net.URLClassLoader$1::run@1
                      ; - java.security.AccessController::executePrivileged@29
                      ; - java.security.AccessController::doPrivileged@13
                      ; - java.net.URLClassLoader::findClass@13
  0x00000205c58a0280: fc3a 88ff 

  0x00000205c58a0284: ;   {other}
  0x00000205c58a0284: 0f1f 8400 | f455 006b | 4c8b d0e9 | 99da ffff 

  0x00000205c58a0294: ;   {metadata('java/util/jar/Attributes')}
  0x00000205c58a0294: 48ba 4088 | 16d1 0502 | 0000 488b | ac24 b000 | 0000 6690 

  0x00000205c58a02a8: ;   {runtime_call _new_instance_Java}
  0x00000205c58a02a8: c5f8 77e8 

  0x00000205c58a02ac: ; ImmutableOopMap {rbp=Oop [32]=NarrowOop [48]=Oop [64]=Oop [72]=Oop [88]=Oop [96]=Oop [112]=Oop [120]=Oop [128]=Oop [136]=NarrowOop [176]=Oop [184]=Oop [200]=Oop }
                      ;*new {reexecute=0 rethrow=0 return_oop=1}
                      ; - java.util.jar.Manifest::<init>@5
                      ; - java.util.jar.Manifest::<init>@4
                      ; - java.util.jar.JarFile::getManifestFromReference@143
                      ; - java.util.jar.JarFile::getManifest@1
                      ; - jdk.internal.loader.URLClassPath$JarLoader$2::getManifest@22
                      ; - java.net.URLClassLoader::defineClass@34
                      ; - java.net.URLClassLoader$1::run@43
                      ; - java.net.URLClassLoader$1::run@1
                      ; - java.security.AccessController::executePrivileged@29
                      ; - java.security.AccessController::doPrivileged@13
                      ; - java.net.URLClassLoader::findClass@13
  0x00000205c58a02ac: d03a 88ff 

  0x00000205c58a02b0: ;   {other}
  0x00000205c58a02b0: 0f1f 8400 | 2056 006c | 488b e8e9 | 57d8 ffff 

  0x00000205c58a02c0: ;   {metadata('java/util/jar/Manifest')}
  0x00000205c58a02c0: 48ba a0e1 | 04d1 0502 | 0000 6690 

  0x00000205c58a02cc: ;   {runtime_call _new_instance_Java}
  0x00000205c58a02cc: c5f8 77e8 

  0x00000205c58a02d0: ; ImmutableOopMap {rbp=Oop [48]=Oop [64]=Oop [72]=Oop [88]=Oop [96]=Oop [112]=Oop [120]=Oop [136]=NarrowOop [176]=Oop [184]=Oop [200]=Oop }
                      ;*new {reexecute=0 rethrow=0 return_oop=1}
                      ; - java.util.jar.JarFile::getManifestFromReference@134
                      ; - java.util.jar.JarFile::getManifest@1
                      ; - jdk.internal.loader.URLClassPath$JarLoader$2::getManifest@22
                      ; - java.net.URLClassLoader::defineClass@34
                      ; - java.net.URLClassLoader$1::run@43
                      ; - java.net.URLClassLoader$1::run@1
                      ; - java.security.AccessController::executePrivileged@29
                      ; - java.security.AccessController::doPrivileged@13
                      ; - java.net.URLClassLoader::findClass@13
  0x00000205c58a02d0: ac3a 88ff 

  0x00000205c58a02d4: ;   {other}
  0x00000205c58a02d4: 0f1f 8400 | 4456 006d | e9e0 d7ff 

  0x00000205c58a02e0: ;   {metadata('java/util/HashMap')}
  0x00000205c58a02e0: ff48 ba68 | a908 d105 | 0200 0048 | 8bac 24b0 | 0000 0090 

  0x00000205c58a02f4: ;   {runtime_call _new_instance_Java}
  0x00000205c58a02f4: c5f8 77e8 

  0x00000205c58a02f8: ; ImmutableOopMap {rbp=Oop [32]=NarrowOop [48]=Oop [56]=Oop [64]=Oop [72]=Oop [88]=Oop [96]=Oop [112]=Oop [120]=Oop [128]=Oop [136]=NarrowOop [176]=Oop [184]=Oop [200]=Oop }
                      ;*new {reexecute=0 rethrow=0 return_oop=1}
                      ; - java.util.jar.Manifest::<init>@16
                      ; - java.util.jar.Manifest::<init>@4
                      ; - java.util.jar.JarFile::getManifestFromReference@143
                      ; - java.util.jar.JarFile::getManifest@1
                      ; - jdk.internal.loader.URLClassPath$JarLoader$2::getManifest@22
                      ; - java.net.URLClassLoader::defineClass@34
                      ; - java.net.URLClassLoader$1::run@43
                      ; - java.net.URLClassLoader$1::run@1
                      ; - java.security.AccessController::executePrivileged@29
                      ; - java.security.AccessController::doPrivileged@13
                      ; - java.net.URLClassLoader::findClass@13
  0x00000205c58a02f8: 843a 88ff 

  0x00000205c58a02fc: ;   {other}
  0x00000205c58a02fc: 0f1f 8400 | 6c56 006e | 4c8b d0e9 | 0fd9 ffff | 4c8b 5424 | 6845 8b52 | 1045 85d2 | 0f84 30de 
  0x00000205c58a031c: ffff 4d8b | 5f28 498b | ca4d 85db | 0f84 be23 | 0000 4d8b | 5738 4b89 | 4c1a f849 | 83c3 f84d 
  0x00000205c58a033c: 895f 28e9 | 0ade ffff | 4d8b 5758 | 4d8b 5f48 | f083 4424 | c000 8039 | 000f 842d | deff ff44 
  0x00000205c58a035c: 8821 4d85 | db75 2049 | 8bd7 c5f8 | 7749 ba00 | a4a5 27f9 | 7f00 0041 

  0x00000205c58a0374: ;   {other}
  0x00000205c58a0374: ffd2 0f1f | 8400 0000 | 0000 e905 | deff ff4b | 894c 1af8 | 4983 c3f8 | 4d89 5f48 | e9f3 ddff 
  0x00000205c58a0394: ffba f6ff | ffff 4c89 | 4424 204c | 8954 2430 | 4c89 5c24 | 3866 6690 

  0x00000205c58a03ac: ;   {runtime_call UncommonTrapBlob}
  0x00000205c58a03ac: c5f8 77e8 

  0x00000205c58a03b0: ; ImmutableOopMap {[32]=Oop [48]=Oop [56]=Oop [80]=Oop }
                      ;*invokevirtual getResource {reexecute=0 rethrow=0 return_oop=0}
                      ; - java.net.URLClassLoader$1::run@26
                      ; - java.net.URLClassLoader$1::run@1
                      ; - java.security.AccessController::executePrivileged@29
                      ; - java.security.AccessController::doPrivileged@13
                      ; - java.net.URLClassLoader::findClass@13
  0x00000205c58a03b0: cc3f 84ff 

  0x00000205c58a03b4: ;   {other}
  0x00000205c58a03b4: 0f1f 8400 | 2457 006f | ba76 ffff | ff4c 8944 | 2420 4c89 | 5424 2889 | 5c24 3089 | 4c24 384c 
  0x00000205c58a03d4: 8954 2440 | 4c89 5c24 | 4866 6690 

  0x00000205c58a03e0: ;   {runtime_call UncommonTrapBlob}
  0x00000205c58a03e0: c5f8 77e8 

  0x00000205c58a03e4: ; ImmutableOopMap {[32]=Oop [40]=Oop [48]=NarrowOop [64]=Oop [72]=Oop }
                      ;*if_icmpge {reexecute=1 rethrow=0 return_oop=0}
                      ; - (reexecute) java.lang.StringLatin1::replace@19
                      ; - java.lang.String::replace@18
                      ; - java.net.URLClassLoader$1::run@8
                      ; - java.net.URLClassLoader$1::run@1
                      ; - java.security.AccessController::executePrivileged@29
                      ; - java.security.AccessController::doPrivileged@13
                      ; - java.net.URLClassLoader::findClass@13
  0x00000205c58a03e4: 983f 84ff 

  0x00000205c58a03e8: ;   {other}
  0x00000205c58a03e8: 0f1f 8400 | 5857 0070 | 41b9 0100 | 0000 bf01 | 0000 00e9 | cbde ffff | 4c63 d5e9 | 93b8 ffff 
  0x00000205c58a0408: bacc ffff | ff48 8bac | 24b0 0000 | 004c 8b5c | 2428 4c89 | 5c24 204c | 8b5c 2438 | 4c89 5c24 
  0x00000205c58a0428: 304c 8b5c | 2440 4c89 | 5c24 384c | 8954 2458 

  0x00000205c58a0438: ;   {runtime_call UncommonTrapBlob}
  0x00000205c58a0438: c5f8 77e8 

  0x00000205c58a043c: ; ImmutableOopMap {rbp=Oop [32]=Oop [48]=Oop [56]=Oop [88]=Oop }
                      ;*invokestatic arraycopy {reexecute=0 rethrow=0 return_oop=0}
                      ; - java.lang.String::getBytes@22
                      ; - java.lang.StringConcatHelper::prepend@21
                      ; - java.lang.StringConcatHelper::simpleConcat@71
                      ; - java.lang.String::concat@11
                      ; - java.net.URLClassLoader$1::run@13
                      ; - java.net.URLClassLoader$1::run@1
                      ; - java.security.AccessController::executePrivileged@29
                      ; - java.security.AccessController::doPrivileged@13
                      ; - java.net.URLClassLoader::findClass@13
  0x00000205c58a043c: 403f 84ff 

  0x00000205c58a0440: ;   {other}
  0x00000205c58a0440: 0f1f 8400 | b057 0071 | bacc ffff | ff48 8bac | 24b0 0000 | 004c 8b5c | 2428 4c89 | 5c24 204c 
  0x00000205c58a0460: 8b5c 2430 | 4c89 5c24 | 284c 8954 | 2450 6690 

  0x00000205c58a0470: ;   {runtime_call UncommonTrapBlob}
  0x00000205c58a0470: c5f8 77e8 

  0x00000205c58a0474: ; ImmutableOopMap {rbp=Oop [32]=Oop [40]=Oop [56]=Oop [80]=Oop }
                      ;*invokestatic arraycopy {reexecute=0 rethrow=0 return_oop=0}
                      ; - java.lang.String::getBytes@22
                      ; - java.lang.StringConcatHelper::prepend@21
                      ; - java.lang.StringConcatHelper::simpleConcat@81
                      ; - java.lang.String::concat@11
                      ; - java.net.URLClassLoader$1::run@13
                      ; - java.net.URLClassLoader$1::run@1
                      ; - java.security.AccessController::executePrivileged@29
                      ; - java.security.AccessController::doPrivileged@13
                      ; - java.net.URLClassLoader::findClass@13
  0x00000205c58a0474: 083f 84ff 

  0x00000205c58a0478: ;   {other}
  0x00000205c58a0478: 0f1f 8400 | e857 0072 | 418b cbe9 | 1ebe ffff | ba76 ffff | ff89 5c24 | 384c 894c | 2440 6690 
  0x00000205c58a0498: ;   {runtime_call UncommonTrapBlob}
  0x00000205c58a0498: c5f8 77e8 

  0x00000205c58a049c: ; ImmutableOopMap {[40]=Oop [56]=NarrowOop [64]=Oop [88]=Oop [176]=Oop }
                      ;*if_icmpge {reexecute=1 rethrow=0 return_oop=0}
                      ; - (reexecute) java.lang.StringLatin1::replace@82
                      ; - java.lang.String::replace@18
                      ; - java.net.URLClassLoader$1::run@8
                      ; - java.net.URLClassLoader$1::run@1
                      ; - java.security.AccessController::executePrivileged@29
                      ; - java.security.AccessController::doPrivileged@13
                      ; - java.net.URLClassLoader::findClass@13
  0x00000205c58a049c: e03e 84ff 

  0x00000205c58a04a0: ;   {other}
  0x00000205c58a04a0: 0f1f 8400 | 1058 0073 | 4c8b 5424 | 7045 8b5a | 0c45 85db | 0f84 28e0 | ffff 4d8b | 5728 498b 
  0x00000205c58a04c0: cb4d 85d2 | 0f84 e324 | 0000 4d8b | 5f38 4b89 | 4c13 f849 | 83c2 f84d | 8957 28e9 | 02e0 ffff 
  0x00000205c58a04e0: 448b 550c | 4585 d20f | 84a5 dfff | ff4d 8b5f | 2849 8bca | 4d85 db0f | 8470 2400 | 004d 8b57 
  0x00000205c58a0500: 384b 894c | 1af8 4983 | c3f8 4d89 | 5f28 e97f | dfff ff4c | 8b54 2470 | 458b 5a10 | 4585 db0f 
  0x00000205c58a0520: 8453 e0ff | ff4d 8b57 | 2849 8bcb | 4d85 d20f | 8458 2400 | 004d 8b5f | 384b 894c | 13f8 4983 
  0x00000205c58a0540: c2f8 4d89 | 5728 e92d | e0ff ff4c | 8b54 2470 | 458b 5a14 | 4585 db0f | 849a e0ff | ff4d 8b57 
  0x00000205c58a0560: 2849 8bcb | 4d85 d20f | 8460 2400 | 004d 8b5f | 384b 894c | 13f8 4983 | c2f8 4d89 | 5728 e974 
  0x00000205c58a0580: e0ff ff4d | 8b57 484d | 8b5f 58f0 | 8344 24c0 | 0080 3900 | 0f84 18e0 | ffff 4488 

  0x00000205c58a059c: ;   {no_reloc}
  0x00000205c58a059c: 214d 85d2 | 7520 498b | d7c5 f877 | 49ba 00a4 | a527 f97f | 0000 41ff 

  0x00000205c58a05b4: ;   {other}
  0x00000205c58a05b4: d20f 1f84 | 0000 0000 | 00e9 f0df | ffff 4b89 | 4c13 f849 | 83c2 f84d | 8957 48e9 | dedf ffff 
  0x00000205c58a05d4: 4d8b 5748 | 4d8b 5f58 | f083 4424 | c000 8039 | 000f 842e | dfff ff44 | 8821 4d85 | d275 2049 
  0x00000205c58a05f4: 8bd7 c5f8 | 7749 ba00 | a4a5 27f9 | 7f00 0041 

  0x00000205c58a0604: ;   {other}
  0x00000205c58a0604: ffd2 0f1f | 8400 0000 | 0000 e906 | dfff ff4b | 894c 13f8 | 4983 c2f8 | 4d89 5748 | e9f4 deff 
  0x00000205c58a0624: ff4d 8b57 | 584d 8b5f | 48f0 8344 | 24c0 0080 | 3900 0f84 | 9bde ffff | 4488 214d | 85db 7520 
  0x00000205c58a0644: 498b d7c5 | f877 49ba | 00a4 a527 | f97f 0000 

  0x00000205c58a0654: ;   {other}
  0x00000205c58a0654: 41ff d20f | 1f84 0000 | 0000 00e9 | 73de ffff | 4b89 4c1a | f849 83c3 | f84d 895f | 48e9 61de 
  0x00000205c58a0674: ffff 4d8b | 5748 4d8b | 5f58 f083 | 4424 c000 | 8039 000f | 84b3 dfff | ff44 8821 | 4d85 d275 
  0x00000205c58a0694: 2049 8bd7 | c5f8 7749 | ba00 a4a5 | 27f9 7f00 | 0041 ffd2 

  0x00000205c58a06a8: ;   {other}
  0x00000205c58a06a8: 0f1f 8400 | 0000 0000 | e98b dfff | ff4b 894c | 13f8 4983 | c2f8 4d89 | 5748 e979 | dfff ffba 
  0x00000205c58a06c8: f6ff ffff | 488b ac24 | b000 0000 | 4c8b 5424 | 404c 8954 | 2420 4c8b | 5424 484c | 8954 2428 
  0x00000205c58a06e8: 4c8b 9424 | b800 0000 | 4c89 5424 | 304c 8944 | 2440 4c8b | 5424 504c | 8954 2448 

  0x00000205c58a0704: ;   {runtime_call UncommonTrapBlob}
  0x00000205c58a0704: c5f8 77e8 

  0x00000205c58a0708: ; ImmutableOopMap {rbp=Oop [32]=Oop [40]=Oop [48]=Oop [64]=Oop [136]=NarrowOop [200]=Oop }
                      ;*invokevirtual ensureInitialization {reexecute=0 rethrow=0 return_oop=0}
                      ; - java.util.jar.JavaUtilJarAccessImpl::ensureInitialization@1
                      ; - jdk.internal.loader.URLClassPath$JarLoader$2::getManifest@10
                      ; - java.net.URLClassLoader::defineClass@34
                      ; - java.net.URLClassLoader$1::run@43
                      ; - java.net.URLClassLoader$1::run@1
                      ; - java.security.AccessController::executePrivileged@29
                      ; - java.security.AccessController::doPrivileged@13
                      ; - java.net.URLClassLoader::findClass@13
  0x00000205c58a0708: 743c 84ff 

  0x00000205c58a070c: ;   {other}
  0x00000205c58a070c: 0f1f 8400 | 7c5a 0074 | baf6 ffff | ff48 8bac | 24b0 0000 | 004c 8b5c | 2440 4c89 | 5c24 204c 
  0x00000205c58a072c: 8b5c 2448 | 4c89 5c24 | 284c 8b5c | 2458 4c89 | 5c24 404c | 8b5c 2450 | 4c89 5c24 | 484c 8954 
  0x00000205c58a074c: 2460 4c89 | 4c24 7890 

  0x00000205c58a0754: ;   {runtime_call UncommonTrapBlob}
  0x00000205c58a0754: c5f8 77e8 

  0x00000205c58a0758: ; ImmutableOopMap {rbp=Oop [32]=Oop [40]=Oop [64]=Oop [96]=Oop [120]=Oop [136]=NarrowOop [184]=Oop [200]=Oop }
                      ;*invokevirtual get {reexecute=0 rethrow=0 return_oop=0}
                      ; - java.lang.ClassLoader::getDefinedPackage@13
                      ; - java.net.URLClassLoader::getAndVerifyPackage@2
                      ; - java.net.URLClassLoader::defineClass@46
                      ; - java.net.URLClassLoader$1::run@43
                      ; - java.net.URLClassLoader$1::run@1
                      ; - java.security.AccessController::executePrivileged@29
                      ; - java.security.AccessController::doPrivileged@13
                      ; - java.net.URLClassLoader::findClass@13
  0x00000205c58a0758: 243c 84ff 

  0x00000205c58a075c: ;   {other}
  0x00000205c58a075c: 0f1f 8400 | cc5a 0075 | ba76 ffff | ff4c 8b4c | 2440 4c89 | 4c24 204c | 8b4c 2448 | 4c89 4c24 
  0x00000205c58a077c: 284c 8b8c | 24b8 0000 | 004c 894c | 2430 4c89 | 4424 3848 | 8944 2448 | 4489 5424 | 5044 895c 
  0x00000205c58a079c: 2458 4c89 | 4424 6090 

  0x00000205c58a07a4: ;   {runtime_call UncommonTrapBlob}
  0x00000205c58a07a4: c5f8 77e8 

  0x00000205c58a07a8: ; ImmutableOopMap {[32]=Oop [40]=Oop [48]=Oop [56]=Oop [80]=NarrowOop [96]=Oop }
                      ;*iflt {reexecute=1 rethrow=0 return_oop=0}
                      ; - (reexecute) java.lang.StringLatin1::lastIndexOf@19
                      ; - java.lang.String::lastIndexOf@13
                      ; - java.lang.String::lastIndexOf@8
                      ; - java.net.URLClassLoader::defineClass@7
                      ; - java.net.URLClassLoader$1::run@43
                      ; - java.net.URLClassLoader$1::run@1
                      ; - java.security.AccessController::executePrivileged@29
                      ; - java.security.AccessController::doPrivileged@13
                      ; - java.net.URLClassLoader::findClass@13
  0x00000205c58a07a8: d43b 84ff 

  0x00000205c58a07ac: ;   {other}
  0x00000205c58a07ac: 0f1f 8400 | 1c5b 0076 | 33ed 4585 | c940 0f94 | c5ba 45ff | ffff 4c89 | 4424 284c | 8954 2430 
  0x00000205c58a07cc: 4c89 5424 | 384c 895c | 2440 6690 

  0x00000205c58a07d8: ;   {runtime_call UncommonTrapBlob}
  0x00000205c58a07d8: c5f8 77e8 

  0x00000205c58a07dc: ; ImmutableOopMap {[40]=Oop [48]=Oop [56]=Oop [64]=Oop }
                      ;*ifeq {reexecute=1 rethrow=0 return_oop=0}
                      ; - (reexecute) java.lang.String::replace@9
                      ; - java.net.URLClassLoader$1::run@8
                      ; - java.net.URLClassLoader$1::run@1
                      ; - java.security.AccessController::executePrivileged@29
                      ; - java.security.AccessController::doPrivileged@13
                      ; - java.net.URLClassLoader::findClass@13
  0x00000205c58a07dc: a03b 84ff 

  0x00000205c58a07e0: ;   {other}
  0x00000205c58a07e0: 0f1f 8400 | 505b 0077 | baec ffff | ff48 8bac | 24b0 0000 | 004c 8b54 | 2440 4c89 | 5424 204c 
  0x00000205c58a0800: 8b54 2448 | 4c89 5424 | 284c 8b54 | 2450 4c89 | 5424 4044 | 8b5c 2458 | 4489 5c24 | 4848 8944 
  0x00000205c58a0820: 2468 6690 

  0x00000205c58a0824: ;   {runtime_call UncommonTrapBlob}
  0x00000205c58a0824: c5f8 77e8 

  0x00000205c58a0828: ; ImmutableOopMap {rbp=Oop [32]=Oop [40]=Oop [72]=NarrowOop [96]=Oop [104]=Oop [184]=Oop }
                      ;*astore {reexecute=0 rethrow=0 return_oop=0}
                      ; - java.net.URLClassLoader::defineClass@188
                      ; - java.net.URLClassLoader$1::run@43
                      ; - java.net.URLClassLoader$1::run@1
                      ; - java.security.AccessController::executePrivileged@29
                      ; - java.security.AccessController::doPrivileged@13
                      ; - java.net.URLClassLoader::findClass@13
  0x00000205c58a0828: 543b 84ff 

  0x00000205c58a082c: ;   {other}
  0x00000205c58a082c: 0f1f 8400 | 9c5b 0078 | bade ffff | ff48 8bac | 24b0 0000 | 004c 8b54 | 2440 4c89 | 5424 204c 
  0x00000205c58a084c: 8b94 24b8 | 0000 004c | 8954 2430 | 4c89 4424 | 404c 8b54 | 2450 4c89 | 5424 484c | 8944 2460 
  0x00000205c58a086c: ;   {runtime_call UncommonTrapBlob}
  0x00000205c58a086c: c5f8 77e8 

  0x00000205c58a0870: ; ImmutableOopMap {rbp=Oop [32]=Oop [48]=Oop [64]=Oop [96]=Oop [136]=NarrowOop [200]=Oop }
                      ;*invokevirtual getManifest {reexecute=0 rethrow=0 return_oop=0}
                      ; - java.net.URLClassLoader::defineClass@34
                      ; - java.net.URLClassLoader$1::run@43
                      ; - java.net.URLClassLoader$1::run@1
                      ; - java.security.AccessController::executePrivileged@29
                      ; - java.security.AccessController::doPrivileged@13
                      ; - java.net.URLClassLoader::findClass@13
  0x00000205c58a0870: 0c3b 84ff 

  0x00000205c58a0874: ;   {other}
  0x00000205c58a0874: 0f1f 8400 | e45b 0079 | bade ffff | ff4c 8b9c | 24b0 0000 | 004c 895c | 2420 4c8b | 5c24 404c 
  0x00000205c58a0894: 895c 2428 | 4c8b 5c24 | 484c 895c | 2430 4c8b | 9c24 b800 | 0000 4c89 | 5c24 3844 | 8954 245c 
  0x00000205c58a08b4: ;   {runtime_call UncommonTrapBlob}
  0x00000205c58a08b4: c5f8 77e8 

  0x00000205c58a08b8: ; ImmutableOopMap {rbp=NarrowOop [32]=Oop [40]=Oop [48]=Oop [56]=Oop [92]=NarrowOop [104]=Oop [136]=NarrowOop [200]=Oop }
                      ;*invokeinterface ensureInitialization {reexecute=0 rethrow=0 return_oop=0}
                      ; - jdk.internal.loader.URLClassPath$JarLoader$2::getManifest@10
                      ; - java.net.URLClassLoader::defineClass@34
                      ; - java.net.URLClassLoader$1::run@43
                      ; - java.net.URLClassLoader$1::run@1
                      ; - java.security.AccessController::executePrivileged@29
                      ; - java.security.AccessController::doPrivileged@13
                      ; - java.net.URLClassLoader::findClass@13
  0x00000205c58a08b8: c43a 84ff 

  0x00000205c58a08bc: ;   {other}
  0x00000205c58a08bc: 0f1f 8400 | 2c5c 007a | 498b d34c | 8d84 24e0 | 0000 004c | 8b94 24b0 | 0000 004c | 8954 2420 
  0x00000205c58a08dc: 4c8b 9424 | b800 0000 | 4c89 5424 | 6066 6690 

  0x00000205c58a08ec: ;   {runtime_call _complete_monitor_locking_Java}
  0x00000205c58a08ec: c5f8 77e8 

  0x00000205c58a08f0: ; ImmutableOopMap {rbp=NarrowOop [32]=Oop [48]=Oop [64]=Oop [72]=Oop [88]=Oop [96]=Oop [104]=Oop [136]=NarrowOop [176]=Oop [184]=Oop [200]=Oop }
                      ;*synchronization entry
                      ; - java.util.jar.JarFile::ensureInitialization@-1
                      ; - java.util.jar.JavaUtilJarAccessImpl::ensureInitialization@1
                      ; - jdk.internal.loader.URLClassPath$JarLoader$2::getManifest@10
                      ; - java.net.URLClassLoader::defineClass@34
                      ; - java.net.URLClassLoader$1::run@43
                      ; - java.net.URLClassLoader$1::run@1
                      ; - java.security.AccessController::executePrivileged@29
                      ; - java.security.AccessController::doPrivileged@13
                      ; -@134c89 4c24 
  0x00000205c58a0994: 284c 8b8c | 24b8 0000 | 004c 894c | 2430 4c89 | 4424 3848 | 8944 2448 | 4489 5424 | 5044 895c 
  0x00000205c58a09b4: 2458 4c89 | 4424 6090 

  0x00000205c58a09bc: ;   {runtime_call UncommonTrapBlob}
  0x00000205c58a09bc: c5f8 77e8 

  0x00000205c58a09c0: ; ImmutableOopMap {[32]=Oop [40]=Oop [48]=Oop [56]=Oop [80]=NarrowOop [96]=Oop }
                      ;*iflt {reexecute=1 rethrow=0 return_oop=0}
                      ; - (reexecute) java.lang.StringLatin1::lastIndexOf@19
                      ; - java.lang.String::lastIndexOf@13
                      ; - java.lang.String::lastIndexOf@8
                      ; - java.net.URLClassLoader::defineClass@7
                      ; - java.net.URLClassLoader$1::run@43
                      ; - java.net.URLClassLoader$1::run@1
                      ; - java.security.AccessController::executePrivileged@29
                      ; - java.security.AccessController::doPrivileged@13
                      ; - java.net.URLClassLoader::findClass@13
  0x00000205c58a09c0: bc39 84ff 

  0x00000205c58a09c4: ;   {other}
  0x00000205c58a09c4: 0f1f 8400 | 345d 007d | ba76 ffff | ff89 5c24 | 384c 894c | 2440 6690 

  0x00000205c58a09dc: ;   {runtime_call UncommonTrapBlob}
  0x00000205c58a09dc: c5f8 77e8 

  0x00000205c58a09e0: ; ImmutableOopMap {[40]=Oop [56]=NarrowOop [64]=Oop [88]=Oop [176]=Oop }
                      ;*if_icmpge {reexecute=1 rethrow=0 return_oop=0}
                      ; - (reexecute) java.lang.StringLatin1::replace@61
                      ; - java.lang.String::replace@18
                      ; - java.net.URLClassLoader$1::run@8
                      ; - java.net.URLClassLoader$1::run@1
                      ; - java.security.AccessController::executePrivileged@29
                      ; - java.security.AccessController::doPrivileged@13
                      ; - java.net.URLClassLoader::findClass@13
  0x00000205c58a09e0: 9c39 84ff 

  0x00000205c58a09e4: ;   {other}
  0x00000205c58a09e4: 0f1f 8400 | 545d 007e | 41ba 0100 | 0000 e958 | b0ff ffba | 45ff ffff | 4c89 4424 | 204c 8954 
  0x00000205c58a0a04: 2428 4c89 | 5c24 3048 | 8974 2438 | 895c 2440 

  0x00000205c58a0a14: ;   {runtime_call UncommonTrapBlob}
  0x00000205c58a0a14: c5f8 77e8 

  0x00000205c58a0a18: ; ImmutableOopMap {[32]=Oop [40]=Oop [48]=Oop [56]=Oop }
                      ;*iflt {reexecute=1 rethrow=0 return_oop=0}
                      ; - (reexecute) java.lang.StringConcatHelper::checkOverflow@2
                      ; - java.lang.StringConcatHelper::mix@23
                      ; - java.lang.StringConcatHelper::simpleConcat@46
                      ; - java.lang.String::concat@11
                      ; - java.net.URLClassLoader$1::run@13
                      ; - java.net.URLClassLoader$1::run@1
                      ; - java.security.AccessController::executePrivileged@29
                      ; - java.security.AccessController::doPrivileged@13
                      ; - java.net.URLClassLoader::findClass@13
  0x00000205c58a0a18: 6439 84ff 

  0x00000205c58a0a1c: ;   {other}
  0x00000205c58a0a1c: 0f1f 8400 | 8c5d 007f | ba45 ffff | ff4c 8944 | 2428 4c89 | 5424 304c | 895c 2438 | 4889 7424 
  0x00000205c58a0a3c: 4066 6690 

  0x00000205c58a0a40: ;   {runtime_call UncommonTrapBlob}
  0x00000205c58a0a40: c5f8 77e8 

  0x00000205c58a0a44: ; ImmutableOopMap {[40]=Oop [48]=Oop [56]=Oop [64]=Oop }
                      ;*iflt {reexecute=1 rethrow=0 return_oop=0}
                      ; - (reexecute) java.lang.StringConcatHelper::checkOverflow@2
                      ; - java.lang.StringConcatHelper::mix@23
                      ; - java.lang.StringConcatHelper::simpleConcat@54
                      ; - java.lang.String::concat@11
                      ; - java.net.URLClassLoader$1::run@13
                      ; - java.net.URLClassLoader$1::run@1
                      ; - java.security.AccessController::executePrivileged@29
                      ; - java.security.AccessController::doPrivileged@13
                      ; - java.net.URLClassLoader::findClass@13
  0x00000205c58a0a44: 3839 84ff 

  0x00000205c58a0a48: ;   {other}
  0x00000205c58a0a48: 0f1f 8400 | b85d 0080 | ba45 ffff | ff4c 8944 | 2420 4c89 | 5424 284c | 895c 2430 | 4889 7424 
  0x00000205c58a0a68: 384c 896c | 2440 894c | 2448 6690 

  0x00000205c58a0a74: ;   {runtime_call UncommonTrapBlob}
  0x00000205c58a0a74: c5f8 77e8 

  0x00000205c58a0a78: ; ImmutableOopMap {[32]=Oop [40]=Oop [48]=Oop [56]=Oop }
                      ;*if_icmpne {reexecute=1 rethrow=0 return_oop=0}
                      ; - (reexecute) java.lang.StringConcatHelper::mix@13
                      ; - java.lang.StringConcatHelper::simpleConcat@46
                      ; - java.lang.String::concat@11
                      ; - java.net.URLClassLoader$1::run@13
                      ; - java.net.URLClassLoader$1::run@1
                      ; - java.security.AccessController::executePrivileged@29
                      ; - java.security.AccessController::doPrivileged@13
                      ; - java.net.URLClassLoader::findClass@13
  0x00000205c58a0a78: 0439 84ff 

  0x00000205c58a0a7c: ;   {other}
  0x00000205c58a0a7c: 0f1f 8400 | ec5d 0081 | ba45 ffff | ff4c 8b94 | 24b0 0000 | 004c 8954 | 2430 4889 | 4424 4890 
  0x00000205c58a0a9c: ;   {runtime_call UncommonTrapBlob}
  0x00000205c58a0a9c: c5f8 77e8 

  0x00000205c58a0aa0: ; ImmutableOopMap {[40]=Oop [48]=Oop [56]=Oop [64]=Oop [176]=Oop }
                      ;*ifge {reexecute=1 rethrow=0 return_oop=0}
                      ; - (reexecute) java.lang.StringConcatHelper::newArray@13
                      ; - java.lang.StringConcatHelper::simpleConcat@61
                      ; - java.lang.String::concat@11
                      ; - java.net.URLClassLoader$1::run@13
                      ; - java.net.URLClassLoader$1::run@1
                      ; - java.security.AccessController::executePrivileged@29
                      ; - java.security.AccessController::doPrivileged@13
                      ; - java.net.URLClassLoader::findClass@13
  0x00000205c58a0aa0: dc38 84ff 

  0x00000205c58a0aa4: ;   {other}
  0x00000205c58a0aa4: 0f1f 8400 | 145e 0082 | baf6 ffff | ff48 8bac | 24b0 0000 | 004c 8b54 | 2440 4c89 | 5424 204c 
  0x00000205c58a0ac4: 8b54 2448 | 4c89 5424 | 284c 8b94 | 24b8 0000 | 004c 8954 | 2430 4c8b | 5424 584c | 8954 2440 
  0x00000205c58a0ae4: 4c8b 5424 | 504c 8954 | 2448 4c8b | 9424 9000 | 0000 4c89 | 5424 5890 

  0x00000205c58a0afc: ;   {runtime_call UncommonTrapBlob}
  0x00000205c58a0afc: c5f8 77e8 

  0x00000205c58a0b00: ; ImmutableOopMap {rbp=Oop [32]=Oop [40]=Oop [48]=Oop [64]=Oop [88]=Oop [128]=Oop [136]=NarrowOop }
                      ;*invokevirtual get {reexecute=0 rethrow=0 return_oop=0}
                      ; - java.lang.ClassLoader::definePackage@47
                      ; - java.lang.ClassLoader::getDefinedPackage@32
                      ; - java.net.URLClassLoader::getAndVerifyPackage@2
                      ; - java.net.URLClassLoader::defineClass@46
                      ; - java.net.URLClassLoader$1::run@43
                      ; - java.net.URLClassLoader$1::run@1
                      ; - java.security.AccessController::executePrivileged@29
                      ; - java.security.AccessController::doPrivileged@13
                      ; - java.net.URLClassLoader::findClass@13
  0x00000205c58a0b00: 7c38 84ff 

  0x00000205c58a0b04: ;   {other}
  0x00000205c58a0b04: 0f1f 8400 | 745e 0083 | 4d63 dae9 | 47c9 ffff | ba76 ffff | ff48 8bac | 24b0 0000 | 004c 8b54 
  0x00000205c58a0b24: 2440 4c89 | 5424 204c | 8b54 2448 | 4c89 5424 | 284c 8b94 | 24b8 0000 | 004c 8954 | 2430 4c8b 
  0x00000205c58a0b44: 5424 584c | 8954 2440 | 4c8b 5424 | 504c 8954 | 2448 448b | 9424 8800 | 0000 4489 | 5424 504c 
  0x00000205c58a0b64: 8b94 2490 | 0000 004c | 8954 2458 | 4c8b 9424 | 8000 0000 | 4c89 5424 | 6048 894c | 2470 895c 
  0x00000205c58a0b84: 2454 448b | 9424 9800 | 0000 4489 | 9424 9400 | 0000 6690 

  0x00000205c58a0b98: ;   {runtime_call UncommonTrapBlob}
  0x00000205c58a0b98: c5f8 77e8 

  0x00000205c58a0b9c: ; ImmutableOopMap {rbp=Oop [32]=Oop [40]=Oop [48]=Oop [64]=Oop [80]=NarrowOop [84]=NarrowOop [88]=Oop [96]=Oop [112]=Oop [192]=NarrowOop }
                      ;*if_icmpge {reexecute=1 rethrow=0 return_oop=0}
                      ; - (reexecute) java.lang.StringLatin1::replace@19
                      ; - java.lang.String::replace@18
                      ; - java.net.URLClassLoader::isSealed@9
                      ; - java.net.URLClassLoader::getAndVerifyPackage@68
                      ; - java.net.URLClassLoader::defineClass@46
                      ; - java.net.URLClassLoader$1::run@43
                      ; - java.net.URLClassLoader$1::run@1
                      ; - java.security.AccessController::executePrivileged@29
                      ; - java.security.AccessController::doPrivileged@13
                      ; - java.net.URLClassLoader::findClass@13
  0x00000205c58a0b9c: e037 84ff 

  0x00000205c58a0ba0: ;   {other}
  0x00000205c58a0ba0: 0f1f 8400 | 105f 0084 | ba45 ffff | ff48 8bac | 24b0 0000 | 004c 8b54 | 2440 4c89 | 5424 204c 
  0x00000205c58a0bc0: 8b54 2448 | 4c89 5424 | 284c 8b94 | 24b8 0000 | 004c 8954 | 2430 4c8b | 5424 584c | 8954 2440 
  0x00000205c58a0be0: 4c8b 5424 | 504c 8954 | 2448 448b | 9c24 8800 | 0000 4c8b | 9424 9000 | 0000 4c89 | 5424 584c 
  0x00000205c58a0c00: 8b94 2480 | 0000 004c | 8954 2460 | 4489 5c24 | 5466 6690 

  0x00000205c58a0c14: ;   {runtime_call UncommonTrapBlob}
  0x00000205c58a0c14: c5f8 77e8 

  0x00000205c58a0c18: ; ImmutableOopMap {rbp=Oop [32]=Oop [40]=Oop [48]=Oop [64]=Oop [84]=NarrowOop [88]=Oop [96]=Oop [192]=NarrowOop }
                      ;*ifeq {reexecute=1 rethrow=0 return_oop=0}
                      ; - (reexecute) java.lang.ClassLoader::definePackage@4
                      ; - java.lang.ClassLoader::getDefinedPackage@32
                      ; - java.net.URLClassLoader::getAndVerifyPackage@2
                      ; - java.net.URLClassLoader::defineClass@46
                      ; - java.net.URLClassLoader$1::run@43
                      ; - java.net.URLClassLoader$1::run@1
                      ; - java.security.AccessController::executePrivileged@29
                      ; - java.security.AccessController::doPrivileged@13
                      ; - java.net.URLClassLoader::findClass@13
  0x00000205c58a0c18: 6437 84ff 

  0x00000205c58a0c1c: ;   {other}
  0x00000205c58a0c1c: 0f1f 8400 | 8c5f 0085 | bade ffff | ff48 8bac | 24b0 0000 | 004c 8b54 | 2440 4c89 | 5424 204c 
  0x00000205c58a0c3c: 8b54 2448 | 4c89 5424 | 284c 8b94 | 24b8 0000 | 004c 8954 | 2430 4c8b | 5424 584c | 8954 2440 
  0x00000205c58a0c5c: 4c8b 5424 | 504c 8954 | 2448 448b | 9424 8800 | 0000 4489 | 5424 504c | 8b94 2490 | 0000 004c 
  0x00000205c58a0c7c: 8954 2458 | 4c8b 9424 | 8000 0000 | 4c89 5424 | 604c 8b54 | 2478 4c89 | 5424 7048 | 8984 2498 
  0x00000205c58a0c9c: 0000 0090 

  0x00000205c58a0ca0: ;   {runtime_call UncommonTrapBlob}
  0x00000205c58a0ca0: c5f8 77e8 

  0x00000205c58a0ca4: ; ImmutableOopMap {rbp=Oop [32]=Oop [40]=Oop [48]=Oop [64]=Oop [80]=NarrowOop [88]=Oop [96]=Oop [112]=Oop [152]=Oop [192]=NarrowOop }
                      ;*invokeinterface getTrustedAttributes {reexecute=0 rethrow=0 return_oop=0}
                      ; - java.net.URLClassLoader::isSealed@18
                      ; - java.net.URLClassLoader::getAndVerifyPackage@68
                      ; - java.net.URLClassLoader::defineClass@46
                      ; - java.net.URLClassLoader$1::run@43
                      ; - java.net.URLClassLoader$1::run@1
                      ; - java.security.AccessController::executePrivileged@29
                      ; - java.security.AccessController::doPrivileged@13
                      ; - java.net.URLClassLoader::findClass@13
  0x00000205c58a0ca4: d836 84ff 

  0x00000205c58a0ca8: ;   {other}
  0x00000205c58a0ca8: 0f1f 8400 | 1860 0086 

  0x00000205c58a0cb0: ;   {metadata('java/net/URL')}
  0x00000205c58a0cb0: 48ba 80a9 | 01d1 0502 | 0000 488b | ac24 b000 | 0000 6690 

  0x00000205c58a0cc4: ;   {runtime_call _new_instance_Java}
  0x00000205c58a0cc4: c5f8 77e8 

  0x00000205c58a0cc8: ; ImmutableOopMap {rbp=Oop [32]=Oop [48]=NarrowOop [64]=Oop [80]=Oop [88]=Oop [176]=Oop [184]=Oop }
                      ;*new {reexecute=0 rethrow=0 return_oop=1}
                      ; - jdk.internal.loader.URLClassPath$FileLoader::getResource@0
                      ; - jdk.internal.loader.URLClassPath::getResource@53
                      ; - java.net.URLClassLoader$1::run@26
                      ; - java.net.URLClassLoader$1::run@1
                      ; - java.security.AccessController::executePrivileged@29
                      ; - java.security.AccessController::doPrivileged@13
                      ; - java.net.URLClassLoader::findClass@13
  0x00000205c58a0cc8: b430 88ff 

  0x00000205c58a0ccc: ;   {other}
  0x00000205c58a0ccc: 0f1f 8400 | 3c60 0087 | e936 d2ff | ff4c 8944 | 2438 4c89 | 5c24 7045 | 8bc2 894c | 2458 4c63 
  0x00000205c58a0cec: d1e9 74b7 | ffff 4d8d | 51fe 498b | ca48 8bfa | 4833 c048 | 83f9 087f | 1048 ffc9 | 784f 4889 
  0x00000205c58a0d0c: 04cf 48ff | c97d f7eb | 44c5 fdef | c0e9 0d00 | 0000 c5fe | 7f07 c5fe | 7f47 2048 | 83c7 4048 
  0x00000205c58a0d2c: 83e9 087d | ed48 83c1 | 047c 0cc5 | fe7f 0748 | 83c7 2048 | 83e9 0448 | 83c1 047e | 1048 ffc9 
  0x00000205c58a0d4c: c5f9 d607 | 4883 c708 | 48ff c97d | f3e9 f3b7 | ffff bacc | ffff ff48 | 8bac 24b0 | 0000 004c 
  0x00000205c58a0d6c: 8b54 2440 | 4c89 5424 | 204c 8b54 | 2448 4c89 | 5424 284c | 8b94 24b8 | 0000 004c | 8954 2430 
  0x00000205c58a0d8c: 4c8b 5424 | 504c 8954 | 2448 4489 | 4424 5c90 

  0x00000205c58a0d9c: ;   {runtime_call UncommonTrapBlob}
  0x00000205c58a0d9c: c5f8 77e8 

  0x00000205c58a0da0: ; ImmutableOopMap {rbp=Oop [32]=Oop [40]=Oop [48]=Oop [92]=NarrowOop [112]=Oop [136]=NarrowOop }
                      ;*newarray {reexecute=1 rethrow=0 return_oop=0}
                      ; - (reexecute) java.util.Arrays::copyOfRangeByte@10
                      ; - java.util.Arrays::copyOfRange@13
                      ; - java.lang.StringLatin1::newString@16
                      ; - java.lang.String::substring@41
                      ; - java.net.URLClassLoader::defineClass@28
                      ; - java.net.URLClassLoader$1::run@43
                      ; - java.net.URLClassLoader$1::run@1
                      ; - java.security.AccessController::executePrivileged@29
                      ; - java.security.AccessController::doPrivileged@13
                      ; - java.net.URLClassLoader::findClass@13
  0x00000205c58a0da0: dc35 84ff 

  0x00000205c58a0da4: ;   {other}
  0x00000205c58a0da4: 0f1f 8400 | 1461 0088 | ba45 ffff | ff4c 8b54 | 2440 4c89 | 5424 284c | 8b94 24b8 | 0000 004c 
  0x00000205c58a0dc4: 8954 2438 | 4c89 4424 | 404c 8944 | 2460 894c | 2468 894c | 246c 6690 

  0x00000205c58a0ddc: ;   {runtime_call UncommonTrapBlob}
  0x00000205c58a0ddc: c5f8 77e8 

  0x00000205c58a0de0: ; ImmutableOopMap {[40]=Oop [56]=Oop [64]=Oop [72]=Oop [96]=Oop [136]=NarrowOop }
                      ;*if_icmpgt {reexecute=1 rethrow=0 return_oop=0}
                      ; - (reexecute) jdk.internal.util.Preconditions::checkFromToIndex@6
                      ; - java.lang.String::checkBoundsBeginEnd@6
                      ; - java.lang.String::substring@8
                      ; - java.net.URLClassLoader::defineClass@28
                      ; - java.net.URLClassLoader$1::run@43
                      ; - java.net.URLClassLoader$1::run@1
                      ; - java.security.AccessController::executePrivileged@29
                      ; - java.security.AccessController::doPrivileged@13
                      ; - java.net.URLClassLoader::findClass@13
  0x00000205c58a0de0: 9c35 84ff 

  0x00000205c58a0de4: ;   {other}
  0x00000205c58a0de4: 0f1f 8400 | 5461 0089 | 4c8b 5424 | 6845 8b5a | 1445 85db | 0f84 eadb | ffff 4d8b | 5728 498b 
  0x00000205c58a0e04: cb4d 85d2 | 0f84 d61c | 0000 4d8b | 5f38 4b89 | 4c13 f849 | 83c2 f84d | 8957 28e9 | c4db ffff 
  0x00000205c58a0e24: ba45 ffff | ff48 8bac | 24b0 0000 | 004c 8b54 | 2440 4c89 | 5424 204c | 8b54 2448 | 4c89 5424 
  0x00000205c58a0e44: 284c 8b54 | 2458 4c89 | 5424 404c | 8b54 2450 | 4c89 5424 | 4844 8b94 | 2488 0000 | 0044 8954 
  0x00000205c58a0e64: 2450 4c89 | 4424 584c | 8b94 2480 | 0000 004c | 8954 2460 | 4c89 4c24 | 684c 898c | 2480 0000 
  0x00000205c58a0e84: 0044 899c | 24a0 0000 | 0066 6690 

  0x00000205c58a0e90: ;   {runtime_call UncommonTrapBlob}
  0x00000205c58a0e90: c5f8 77e8 

  0x00000205c58a0e94: ; ImmutableOopMap {rbp=Oop [32]=Oop [40]=Oop [64]=Oop [80]=NarrowOop [88]=Oop [96]=Oop [104]=Oop [128]=Oop }
                      ;*ifle {reexecute=1 rethrow=0 return_oop=0}
                      ; - (reexecute) java.util.concurrent.ConcurrentHashMap::get@23
                      ; - java.lang.ClassLoader::getDefinedPackage@13
                      ; - java.net.URLClassLoader::getAndVerifyPackage@2
                      ; - java.net.URLClassLoader::defineClass@46
                      ; - java.net.URLClassLoader$1::run@43
                      ; - java.net.URLClassLoader$1::run@1
                      ; - java.security.AccessController::executePrivileged@29
                      ; - java.security.AccessController::doPrivileged@13
                      ; - java.net.URLClassLoader::findClass@13
  0x00000205c58a0e94: e834 84ff 

  0x00000205c58a0e98: ;   {other}
  0x00000205c58a0e98: 0f1f 8400 | 0862 008a | 498b d7c5 | f877 49ba | 20a4 a527 | f97f 0000 

  0x00000205c58a0eb0: ;   {other}
  0x00000205c58a0eb0: 41ff d20f | 1f84 0000 | 0000 00e9 | a2b8 ffff | ba45 ffff | ff48 8b6c | 2428 4c8b | 5424 404c 
  0x00000205c58a0ed0: 8954 2420 | 4c8b 5424 | 484c 8954 | 2428 4c8b | 5424 504c | 8954 2448 | 448b 5c24 | 5844 895c 
  0x00000205c58a0ef0: 2450 4889 | 4424 7090 

  0x00000205c58a0ef8: ;   {runtime_call UncommonTrapBlob}
  0x00000205c58a0ef8: c5f8 77e8 

  0x00000205c58a0efc: ; ImmutableOopMap {rbp=Oop [32]=Oop [40]=Oop [80]=NarrowOop [112]=Oop [184]=Oop }
                      ;*ifnull {reexecute=1 rethrow=0 return_oop=0}
                      ; - (reexecute) java.net.URLClassLoader::defineClass@139
                      ; - java.net.URLClassLoader$1::run@43
                      ; - java.net.URLClassLoader$1::run@1
                      ; - java.security.AccessController::executePrivileged@29
                      ; - java.security.AccessController::doPrivileged@13
                      ; - java.net.URLClassLoader::findClass@13
  0x00000205c58a0efc: 8034 84ff 

  0x00000205c58a0f00: ;   {other}
  0x00000205c58a0f00: 0f1f 8400 | 7062 008b | ba45 ffff | ff4c 8b54 | 2440 4c89 | 5424 284c | 8b94 24b8 | 0000 004c 
  0x00000205c58a0f20: 8954 2438 | 4c89 4424 | 404c 8944 | 2460 894c | 2468 894c | 246c 6690 

  0x00000205c58a0f38: ;   {runtime_call UncommonTrapBlob}
  0x00000205c58a0f38: c5f8 77e8 

  0x00000205c58a0f3c: ; ImmutableOopMap {[40]=Oop [56]=Oop [64]=Oop [72]=Oop [96]=Oop [136]=NarrowOop }
                      ;*if_icmple {reexecute=1 rethrow=0 return_oop=0}
                      ; - (reexecute) jdk.internal.util.Preconditions::checkFromToIndex@11
                      ; - java.lang.String::checkBoundsBeginEnd@6
                      ; - java.lang.String::substring@8
                      ; - java.net.URLClassLoader::defineClass@28
                      ; - java.net.URLClassLoader$1::run@43
                      ; - java.net.URLClassLoader$1::run@1
                      ; - java.security.AccessController::executePrivileged@29
                      ; - java.security.AccessController::doPrivileged@13
                      ; - java.net.URLClassLoader::findClass@13
  0x00000205c58a0f3c: 4034 84ff 

  0x00000205c58a0f40: ;   {other}
  0x00000205c58a0f40: 0f1f 8400 | b062 008c 

  0x00000205c58a0f48: ;   {metadata('java/io/File')}
  0x00000205c58a0f48: 48ba 10f6 | 04d1 0502 | 0000 6690 

  0x00000205c58a0f54: ;   {runtime_call _new_instance_Java}
  0x00000205c58a0f54: c5f8 77e8 

  0x00000205c58a0f58: ; ImmutableOopMap {rbp=Oop [32]=Oop [44]=NarrowOop [48]=NarrowOop [64]=Oop [80]=Oop [88]=Oop [96]=Oop [176]=Oop [184]=Oop }
                      ;*new {reexecute=0 rethrow=0 return_oop=1}
                      ; - jdk.internal.loader.URLClassPath$FileLoader::getResource@56
                      ; - jdk.internal.loader.URLClassPath::getResource@53
                      ; - java.net.URLClassLoader$1::run@26
                      ; - java.net.URLClassLoader$1::run@1
                      ; - java.security.AccessController::executePrivileged@29
                      ; - java.security.AccessController::doPrivileged@13
                      ; - java.net.URLClassLoader::findClass@13
  0x00000205c58a0f58: 242e 88ff 

  0x00000205c58a0f5c: ;   {other}
  0x00000205c58a0f5c: 0f1f 8400 | cc62 008d | e9c5 d0ff | ff4c 8b54 | 2468 458b | 5a10 4585 | db0f 84d7 | dcff ff4d 
  0x00000205c58a0f7c: 8b57 2849 | 8bcb 4d85 | d20f 8491 | 1b00 004d | 8b5f 384b | 894c 13f8 | 4983 c2f8 | 4d89 5728 
  0x00000205c58a0f9c: e9b1 dcff | ff48 8b7c | 2470 498b | d7c5 f877 | 49ba 20a4 | a527 f97f | 0000 41ff 

  0x00000205c58a0fb8: ;   {other}
  0x00000205c58a0fb8: d20f 1f84 | 0000 0000 | 00e9 3fd7 

  0x00000205c58a0fc4: ;   {metadata('jdk/internal/loader/URLClassPath$FileLoader$1')}
  0x00000205c58a0fc4: ffff 48ba | 08d2 2cd2 | 0502 0000 

  0x00000205c58a0fd0: ;   {runtime_call _new_instance_Java}
  0x00000205c58a0fd0: c5f8 77e8 

  0x00000205c58a0fd4: ; ImmutableOopMap {rbp=Oop [32]=Oop [48]=NarrowOop [64]=Oop [80]=Oop [88]=Oop [96]=Oop [104]=Oop [176]=Oop [184]=Oop }
                      ;*new {reexecute=0 rethrow=0 return_oop=1}
                      ; - jdk.internal.loader.URLClassPath$FileLoader::getResource@131
                      ; - jdk.internal.loader.URLClassPath::getResource@53
                      ; - java.net.URLClassLoader$1::run@26
                      ; - java.net.URLClassLoader$1::run@1
                      ; - java.security.AccessController::executePrivileged@29
                      ; - java.security.AccessController::doPrivileged@13
                      ; - java.net.URLClassLoader::findClass@13
  0x00000205c58a0fd4: a82d 88ff 

  0x00000205c58a0fd8: ;   {other}
  0x00000205c58a0fd8: 0f1f 8400 | 4863 008e | e9a3 d2ff | ff4c 8b54 | 2468 458b | 5210 4585 | d20f 849b | ddff ff4d 
  0x00000205c58a0ff8: 8b5f 2849 | 8bca 4d85 | db0f 8435 | 1b00 004d | 8b57 384b | 894c 1af8 | 4983 c3f8 | 4d89 5f28 
  0x00000205c58a1018: e975 ddff | ff4c 8b54 | 2468 458b | 5a10 4585 | db0f 84a3 | daff ff4d | 8b57 2849 | 8bcb 4d85 
  0x00000205c58a1038: d20f 841d | 1b00 004d | 8b5f 384b | 894c 13f8 | 4983 c2f8 | 4d89 5728 | e97d daff | ff4d 8b57 
  0x00000205c58a1058: 584d 8b5f | 48f0 8344 | 24c0 0080 | 3900 0f84 | a3da ffff | 4488 214d | 85db 7520 | 498b d7c5 
  0x00000205c58a1078: f877 49ba | 00a4 a527 | f97f 0000 

  0x00000205c58a1084: ;   {other}
  0x00000205c58a1084: 41ff d20f | 1f84 0000 | 0000 00e9 | 7bda ffff | 4b89 4c1a | f849 83c3 | f84d 895f | 48e9 69da 
  0x00000205c58a10a4: ffff ba76 | ffff ff4c | 8b94 24b0 | 0000 004c | 8954 2420 | 4c8b 5424 | 404c 8954 | 2428 4c8b 
  0x00000205c58a10c4: 5424 484c | 8954 2430 | 4c8b 5424 | 584c 8954 | 2448 448b | 9c24 8800 | 0000 4489 | 5c24 584c 
  0x00000205c58a10e4: 8b94 2490 | 0000 004c | 8954 2460 | 4c8b 9424 | 8000 0000 | 4c89 5424 | 6889 5c24 | 5c66 6690 
  0x00000205c58a1104: ;   {runtime_call UncommonTrapBlob}
  0x00000205c58a1104: c5f8 77e8 

  0x00000205c58a1108: ; ImmutableOopMap {[32]=Oop [40]=Oop [48]=Oop [72]=Oop [88]=NarrowOop [92]=NarrowOop [96]=Oop [104]=Oop [120]=Oop [160]=Oop [184]=Oop [192]=NarrowOop }
                      ;*if_icmpge {reexecute=1 rethrow=0 return_oop=0}
                      ; - (reexecute) java.lang.StringLatin1::replace@82
                      ; - java.lang.String::replace@18
                      ; - java.net.URLClassLoader::isSealed@9
                      ; - java.net.URLClassLoader::getAndVerifyPackage@68
                      ; - java.net.URLClassLoader::defineClass@46
                      ; - java.net.URLClassLoader$1::run@43
                      ; - java.net.URLClassLoader$1::run@1
                      ; - java.security.AccessController::executePrivileged@29
                      ; - java.security.AccessController::doPrivileged@13
                      ; - java.net.URLClassLoader::findClass@13
  0x00000205c58a1108: 7432 84ff 

  0x00000205c58a110c: ;   {other}
  0x00000205c58a110c: 0f1f 8400 | 7c64 008f | 33ed 4585 | db40 0f95 | c5ba 45ff | ffff 4c8b | 9424 b000 | 0000 4c89 
  0x00000205c58a112c: 5424 204c | 8b54 2440 | 4c89 5424 | 284c 8b54 | 2448 4c89 | 5424 304c | 8b94 24b8 | 0000 004c 
  0x00000205c58a114c: 8954 2438 | 4c8b 5424 | 584c 8954 | 2448 448b | 9c24 8800 | 0000 4c8b | 9424 9000 | 0000 4c89 
  0x00000205c58a116c: 5424 6044 | 895c 245c | 4889 8c24 | 8800 0000 

  0x00000205c58a117c: ;   {runtime_call UncommonTrapBlob}
  0x00000205c58a117c: c5f8 77e8 

  0x00000205c58a1180: ; ImmutableOopMap {[32]=Oop [40]=Oop [48]=Oop [56]=Oop [72]=Oop [92]=NarrowOop [96]=Oop [128]=Oop [136]=Oop }
                      ;*ifne {reexecute=1 rethrow=0 return_oop=0}
                      ; - (reexecute) java.lang.Package::isSealed@7
                      ; - java.net.URLClassLoader::getAndVerifyPackage@14
                      ; - java.net.URLClassLoader::defineClass@46
                      ; - java.net.URLClassLoader$1::run@43
                      ; - java.net.URLClassLoader$1::run@1
                      ; - java.security.AccessController::executePrivileged@29
                      ; - java.security.AccessController::doPrivileged@13
                      ; - java.net.URLClassLoader::findClass@13
  0x00000205c58a1180: fc31 84ff 

  0x00000205c58a1184: ;   {other}
  0x00000205c58a1184: 0f1f 8400 | f464 0090 | 33ed 4585 | d240 0f94 | c5ba 45ff | ffff 4c8b | 9424 b000 | 0000 4c89 
  0x00000205c58a11a4: 5424 204c | 8b54 2440 | 4c89 5424 | 284c 8b54 | 2448 4c89 | 5424 304c | 8b94 24b8 | 0000 004c 
  0x00000205c58a11c4: 8954 2438 | 4c8b 5424 | 584c 8954 | 2448 448b | 9424 8800 | 0000 4489 | 5424 584c | 8b94 2490 
  0x00000205c58a11e4: 0000 004c | 8954 2460 

  0x00000205c58a11ec: ;   {runtime_call UncommonTrapBlob}
  0x00000205c58a11ec: c5f8 77e8 

  0x00000205c58a11f0: ; ImmutableOopMap {[32]=Oop [40]=Oop [48]=Oop [56]=Oop [72]=Oop [88]=NarrowOop [96]=Oop [120]=Oop [128]=Oop [192]=NarrowOop }
                      ;*ifeq {reexecute=1 rethrow=0 return_oop=0}
                      ; - (reexecute) java.lang.String::replace@9
                      ; - java.net.URLClassLoader::isSealed@9
                      ; - java.net.URLClassLoader::getAndVerifyPackage@68
                      ; - java.net.URLClassLoader::defineClass@46
                      ; - java.net.URLClassLoader$1::run@43
                      ; - java.net.URLClassLoader$1::run@1
                      ; - java.security.AccessController::executePrivileged@29
                      ; - java.security.AccessController::doPrivileged@13
                      ; - java.net.URLClassLoader::findClass@13
  0x00000205c58a11f0: 8c31 84ff 

  0x00000205c58a11f4: ;   {other}
  0x00000205c58a11f4: 0f1f 8400 | 6465 0091 | ba45 ffff | ff48 8bac | 24b0 0000 | 004c 8b54 | 2440 4c89 | 5424 204c 
  0x00000205c58a1214: 8b54 2448 | 4c89 5424 | 284c 8b94 | 24b8 0000 | 004c 8954 | 2430 4c8b | 5424 584c | 8954 2440 
  0x00000205c58a1234: 4c8b 5424 | 504c 8954 | 2448 448b | 9c24 8800 | 0000 4c8b | 9424 9000 | 0000 4c89 | 5424 584c 
  0x00000205c58a1254: 8b94 2480 | 0000 004c | 8954 2460 | 4489 5c24 | 5444 8984 | 24a8 0000 | 0066 6690 

  0x00000205c58a1270: ;   {runtime_call UncommonTrapBlob}
  0x00000205c58a1270: c5f8 77e8 

  0x00000205c58a1274: ; ImmutableOopMap {rbp=Oop [32]=Oop [40]=Oop [48]=Oop [64]=Oop [84]=NarrowOop [88]=Oop [96]=Oop [168]=NarrowOop }
                      ;*ifeq {reexecute=1 rethrow=0 return_oop=0}
                      ; - (reexecute) java.util.concurrent.ConcurrentHashMap::get@76
                      ; - java.lang.ClassLoader::getDefinedPackage@13
                      ; - java.net.URLClassLoader::getAndVerifyPackage@2
                      ; - java.net.URLClassLoader::defineClass@46
                      ; - java.net.URLClassLoader$1::run@43
                      ; - java.net.URLClassLoader$1::run@1
                      ; - java.security.AccessController::executePrivileged@29
                      ; - java.security.AccessController::doPrivileged@13
                      ; - java.net.URLClassLoader::findClass@13
  0x00000205c58a1274: 0831 84ff 

  0x00000205c58a1278: ;   {other}
  0x00000205c58a1278: 0f1f 8400 | e865 0092 | ba45 ffff | ff48 8bac | 24b0 0000 | 004c 8b54 | 2440 4c89 | 5424 204c 
  0x00000205c58a1298: 8b54 2448 | 4c89 5424 | 284c 8b94 | 24b8 0000 | 004c 8954 | 2430 4c8b | 5424 584c | 8954 2440 
  0x00000205c58a12b8: 4c8b 5424 | 504c 8954 | 2448 448b | 9424 8800 | 0000 4489 | 5424 504c | 8b94 2490 | 0000 004c 
  0x00000205c58a12d8: 8954 2458 | 4c8b 9424 | 8000 0000 | 4c89 5424 | 6044 899c | 24a4 0000 | 0066 6690 

  0x00000205c58a12f4: ;   {runtime_call UncommonTrapBlob}
  0x00000205c58a12f4: c5f8 77e8 

  0x00000205c58a12f8: ; ImmutableOopMap {rbp=Oop [32]=Oop [40]=Oop [48]=Oop [64]=Oop [80]=NarrowOop [88]=Oop [96]=Oop [192]=NarrowOop }
                      ;*ifle {reexecute=1 rethrow=0 return_oop=0}
                      ; - (reexecute) java.util.concurrent.ConcurrentHashMap::get@23
                      ; - java.lang.ClassLoader::definePackage@47
                      ; - java.lang.ClassLoader::getDefinedPackage@32
                      ; - java.net.URLClassLoader::getAndVerifyPackage@2
                      ; - java.net.URLClassLoader::defineClass@46
                      ; - java.net.URLClassLoader$1::run@43
                      ; - java.net.URLClassLoader$1::run@1
                      ; - java.security.AccessController::executePrivileged@29
                      ; - java.security.AccessController::doPrivileged@13
                      ; - java.net.URLClassLoader::findClass@13
  0x00000205c58a12f8: 8430 84ff 

  0x00000205c58a12fc: ;   {other}
  0x00000205c58a12fc: 0f1f 8400 | 6c66 0093 | ba45 ffff | ff4c 8b94 | 24b0 0000 | 004c 8954 | 2420 4c8b | 5424 404c 
  0x00000205c58a131c: 8954 2428 | 4c8b 5424 | 484c 8954 | 2430 4c8b | 9424 b800 | 0000 4c89 | 5424 384c | 8b54 2458 
  0x00000205c58a133c: 4c89 5424 | 4844 8b94 | 2488 0000 | 0044 8954 | 2458 4c8b | 9424 9000 | 0000 4c89 | 5424 6048 
  0x00000205c58a135c: 898c 2488 | 0000 0090 

  0x00000205c58a1364: ;   {runtime_call UncommonTrapBlob}
  0x00000205c58a1364: c5f8 77e8 

  0x00000205c58a1368: ; ImmutableOopMap {rbp=NarrowOop [32]=Oop [40]=Oop [48]=Oop [56]=Oop [72]=Oop [88]=NarrowOop [96]=Oop [128]=Oop [136]=Oop }
                      ;*ifnull {reexecute=1 rethrow=0 return_oop=0}
                      ; - (reexecute) java.lang.Package::isSealed@17
                      ; - java.net.URLClassLoader::getAndVerifyPackage@14
                      ; - java.net.URLClassLoader::defineClass@46
                      ; - java.net.URLClassLoader$1::run@43
                      ; - java.net.URLClassLoader$1::run@1
                      ; - java.security.AccessController::executePrivileged@29
                      ; - java.security.AccessController::doPrivileged@13
                      ; - java.net.URLClassLoader::findClass@13
  0x00000205c58a1368: 1430 84ff 

  0x00000205c58a136c: ;   {other}
  0x00000205c58a136c: 0f1f 8400 | dc66 0094 | ba45 ffff | ff48 8bac | 24b0 0000 | 004c 8b54 | 2440 4c89 | 5424 204c 
  0x00000205c58a138c: 8b54 2448 | 4c89 5424 | 284c 8b94 | 24b8 0000 | 004c 8954 | 2430 4c8b | 5424 584c | 8954 2440 
  0x00000205c58a13ac: 4c8b 5424 | 504c 8954 | 2448 448b | 9c24 8800 | 0000 4489 | 5c24 504c | 894c 2468 | 4889 4c24 
  0x00000205c58a13cc: 704c 894c | 2478 6690 

  0x00000205c58a13d4: ;   {runtime_call UncommonTrapBlob}
  0x00000205c58a13d4: c5f8 77e8 

  0x00000205c58a13d8: ; ImmutableOopMap {rbp=Oop [32]=Oop [40]=Oop [48]=Oop [64]=Oop [80]=NarrowOop [104]=Oop [112]=Oop [120]=Oop [144]=Oop }
                      ;*ifnull {reexecute=1 rethrow=0 return_oop=0}
                      ; - (reexecute) java.net.URLClassLoader::getAndVerifyPackage@62
                      ; - java.net.URLClassLoader::defineClass@46
                      ; - java.net.URLClassLoader$1::run@43
                      ; - java.net.URLClassLoader$1::run@1
                      ; - java.security.AccessController::executePrivileged@29
                      ; - java.security.AccessController::doPrivileged@13
                      ; - java.net.URLClassLoader::findClass@13
  0x00000205c58a13d8: a42f 84ff 

  0x00000205c58a13dc: ;   {other}
  0x00000205c58a13dc: 0f1f 8400 | 4c67 0095 | ba45 ffff | ff4c 8b9c | 24b0 0000 | 004c 895c | 2420 4c8b | 5c24 404c 
  0x00000205c58a13fc: 895c 2428 | 4c8b 5c24 | 484c 895c | 2430 4c8b | 9c24 b800 | 0000 4c89 | 5c24 384c | 8b5c 2458 
  0x00000205c58a141c: 4c89 5c24 | 4844 8b9c | 2488 0000 | 0044 895c | 2458 4c8b | 9c24 9000 | 0000 4c89 | 5424 684c 
  0x00000205c58a143c: 895c 2470 

  0x00000205c58a1440: ;   {runtime_call UncommonTrapBlob}
  0x00000205c58a1440: c5f8 77e8 

  0x00000205c58a1444: ; ImmutableOopMap {rbp=NarrowOop [32]=Oop [40]=Oop [48]=Oop [56]=Oop [72]=Oop [88]=NarrowOop [104]=Oop [112]=Oop [120]=Oop [144]=Oop }
                      ;*ifnull {reexecute=1 rethrow=0 return_oop=0}
                      ; - (reexecute) java.net.URLClassLoader::isSealed@51
                      ; - java.net.URLClassLoader::getAndVerifyPackage@68
                      ; - java.net.URLClassLoader::defineClass@46
                      ; - java.net.URLClassLoader$1::run@43
                      ; - java.net.URLClassLoader$1::run@1
                      ; - java.security.AccessController::executePrivileged@29
                      ; - java.security.AccessController::doPrivileged@13
                      ; - java.net.URLClassLoader::findClass@13
  0x00000205c58a1444: 382f 84ff 

  0x00000205c58a1448: ;   {other}
  0x00000205c58a1448: 0f1f 8400 | b867 0096 | ba45 ffff | ff48 8b6c | 2428 4c8b | 5424 404c | 8954 2420 | 4c8b 5424 
  0x00000205c58a1468: 484c 8954 | 2428 4c8b | 9424 b800 | 0000 4c89 | 5424 304c | 8b54 2458 | 4c89 5424 | 404c 8b54 
  0x00000205c58a1488: 2450 4c89 | 5424 484c | 8b94 2490 | 0000 004c | 8954 2468 | 8944 2454 

  0x00000205c58a14a0: ;   {runtime_call UncommonTrapBlob}
  0x00000205c58a14a0: c5f8 77e8 

  0x00000205c58a14a4: ; ImmutableOopMap {rbp=Oop [32]=Oop [40]=Oop [48]=Oop [64]=Oop [96]=Oop [104]=Oop [136]=NarrowOop [144]=Oop }
                      ;*ifeq {reexecute=1 rethrow=0 return_oop=0}
                      ; - (reexecute) java.net.URLClassLoader::getAndVerifyPackage@71
                      ; - java.net.URLClassLoader::defineClass@46
                      ; - java.net.URLClassLoader$1::run@43
                      ; - java.net.URLClassLoader$1::run@1
                      ; - java.security.AccessController::executePrivileged@29
                      ; - java.security.AccessController::doPrivileged@13
                      ; - java.net.URLClassLoader::findClass@13
  0x00000205c58a14a4: d82e 84ff 

  0x00000205c58a14a8: ;   {other}
  0x00000205c58a14a8: 0f1f 8400 | 1868 0097 | ba45 ffff | ff48 8b6c | 2470 4c8b | 5424 404c | 8954 2420 | 4c8b 5424 
  0x00000205c58a14c8: 484c 8954 | 2428 4c8b | 9424 b800 | 0000 4c89 | 5424 304c | 8b54 2458 | 4c89 5424 | 404c 8b54 
  0x00000205c58a14e8: 2450 4c89 | 5424 4844 | 8b94 2488 | 0000 0044 | 8954 2450 | 4c8b 9424 | 9000 0000 | 4c89 5424 
  0x00000205c58a1508: 584c 8b54 | 2478 4c89 | 5424 7089 | 8424 a800 | 0000 6690 

  0x00000205c58a151c: ;   {runtime_call UncommonTrapBlob}
  0x00000205c58a151c: c5f8 77e8 

  0x00000205c58a1520: ; ImmutableOopMap {rbp=Oop [32]=Oop [40]=Oop [48]=Oop [64]=Oop [80]=NarrowOop [88]=Oop [96]=Oop [112]=Oop [160]=Oop [192]=NarrowOop }
                      ;*if_icmpne {reexecute=1 rethrow=0 return_oop=0}
                      ; - (reexecute) java.lang.StringConcatHelper::mix@13
                      ; - java.lang.StringConcatHelper::simpleConcat@46
                      ; - java.lang.String::concat@11
                      ; - java.net.URLClassLoader::isSealed@15
                      ; - java.net.URLClassLoader::getAndVerifyPackage@68
                      ; - java.net.URLClassLoader::defineClass@46
                      ; - java.net.URLClassLoader$1::run@43
                      ; - java.net.URLClassLoader$1::run@1
                      ; - java.security.AccessController::executePrivileged@29
                      ; - java.security.AccessController::doPrivileged@13
                      ; - java.net.URLClassLoader::findClass@13
  0x00000205c58a1520: 5c2e 84ff 

  0x00000205c58a1524: ;   {other}
  0x00000205c58a1524: 0f1f 8400 | 9468 0098 | ba45 ffff | ff48 8b6c | 2470 4c8b | 5c24 404c | 895c 2420 | 4c8b 5c24 
  0x00000205c58a1544: 484c 895c | 2428 4c8b | 9c24 b800 | 0000 4c89 | 5c24 304c | 8b5c 2458 | 4c89 5c24 | 404c 8b5c 
  0x00000205c58a1564: 2450 4c89 | 5c24 4844 | 8b84 2488 | 0000 0044 | 8944 2450 | 4c8b 9c24 | 9000 0000 | 4c89 5c24 
  0x00000205c58a1584: 584c 8b5c | 2478 4c89 | 5c24 704c | 8b9c 24a0 | 0000 004c | 899c 2498 | 0000 0048 | 8984 24a0 
  0x00000205c58a15a4: 0000 0044 | 8994 24ac | 0000 0090 

  0x00000205c58a15b0: ;   {runtime_call UncommonTrapBlob}
  0x00000205c58a15b0: c5f8 77e8 

  0x00000205c58a15b4: ; ImmutableOopMap {rbp=Oop [32]=Oop [40]=Oop [48]=Oop [64]=Oop [80]=NarrowOop [88]=Oop [96]=Oop [112]=Oop [152]=Oop [192]=NarrowOop }
                      ;*ifge {reexecute=1 rethrow=0 return_oop=0}
                      ; - (reexecute) java.lang.StringConcatHelper::newArray@13
                      ; - java.lang.StringConcatHelper::simpleConcat@61
                      ; - java.lang.String::concat@11
                      ; - java.net.URLClassLoader::isSealed@15
                      ; - java.net.URLClassLoader::getAndVerifyPackage@68
                      ; - java.net.URLClassLoader::defineClass@46
                      ; - java.net.URLClassLoader$1::run@43
                      ; - java.net.URLClassLoader$1::run@1
                      ; - java.security.AccessController::executePrivileged@29
                      ; - java.security.AccessController::doPrivileged@13
                      ; - java.net.URLClassLoader::findClass@13
  0x00000205c58a15b4: c82d 84ff 

  0x00000205c58a15b8: ;   {other}
  0x00000205c58a15b8: 0f1f 8400 | 2869 0099 | ba76 ffff | ff4c 8b94 | 24b0 0000 | 004c 8954 | 2420 4c8b | 5424 404c 
  0x00000205c58a15d8: 8954 2428 | 4c8b 5424 | 484c 8954 | 2430 4c8b | 9424 b800 | 0000 4c89 | 5424 384c | 8b54 2458 
  0x00000205c58a15f8: 4c89 5424 | 4844 8b94 | 2488 0000 | 0044 8954 | 2458 4c8b | 9424 9000 | 0000 4c89 | 5424 604c 
  0x00000205c58a1618: 8b94 2480 | 0000 004c | 8954 2468 | 895c 245c 

  0x00000205c58a1628: ;   {runtime_call UncommonTrapBlob}
  0x00000205c58a1628: c5f8 77e8 

  0x00000205c58a162c: ; ImmutableOopMap {[32]=Oop [40]=Oop [48]=Oop [56]=Oop [72]=Oop [88]=NarrowOop [92]=NarrowOop [96]=Oop [104]=Oop [120]=Oop [160]=Oop [192]=NarrowOop }
                      ;*if_icmpge {reexecute=1 rethrow=0 return_oop=0}
                      ; - (reexecute) java.lang.StringLatin1::replace@61
                      ; - java.lang.String::replace@18
                      ; - java.net.URLClassLoader::isSealed@9
                      ; - java.net.URLClassLoader::getAndVerifyPackage@68
                      ; - java.net.URLClassLoader::defineClass@46
                      ; - java.net.URLClassLoader$1::run@43
                      ; - java.net.URLClassLoader$1::run@1
                      ; - java.security.AccessController::executePrivileged@29
                      ; - java.security.AccessController::doPrivileged@13
                      ; - java.net.URLClassLoader::findClass@13
  0x00000205c58a162c: 502d 84ff 

  0x00000205c58a1630: ;   {other}
  0x00000205c58a1630: 0f1f 8400 | a069 009a | baf6 ffff | ff48 8bac | 24b0 0000 | 004c 8b54 | 2440 4c89 | 5424 204c 
  0x00000205c58a1650: 8b54 2448 | 4c89 5424 | 284c 8b94 | 24b8 0000 | 004c 8954 | 2430 4c8b | 5424 584c | 8954 2440 
  0x00000205c58a1670: 4c8b 5424 | 504c 8954 | 2448 4c8b | 9424 9000 | 0000 4c89 | 5424 584c | 8b94 2480 | 0000 004c 
  0x00000205c58a1690: 8954 2460 | 4c89 8c24 | 8000 0000 

  0x00000205c58a169c: ;   {runtime_call UncommonTrapBlob}
  0x00000205c58a169c: c5f8 77e8 

  0x00000205c58a16a0: ; ImmutableOopMap {rbp=Oop [32]=Oop [40]=Oop [48]=Oop [64]=Oop [88]=Oop [96]=Oop [128]=Oop [136]=NarrowOop }
                      ;*invokevirtual compute {reexecute=0 rethrow=0 return_oop=0}
                      ; - java.lang.ClassLoader::definePackage@78
                      ; - java.lang.ClassLoader::getDefinedPackage@32
                      ; - java.net.URLClassLoader::getAndVerifyPackage@2
                      ; - java.net.URLClassLoader::defineClass@46
                      ; - java.net.URLClassLoader$1::run@43
                      ; - java.net.URLClassLoader$1::run@1
                      ; - java.security.AccessController::executePrivileged@29
                      ; - java.security.AccessController::doPrivileged@13
                      ; - java.net.URLClassLoader::findClass@13
  0x00000205c58a16a0: dc2c 84ff 

  0x00000205c58a16a4: ;   {other}
  0x00000205c58a16a4: 0f1f 8400 | 146a 009b | ba45 ffff | ff48 8bac | 24b0 0000 | 004c 8b54 | 2440 4c89 | 5424 204c 
  0x00000205c58a16c4: 8b54 2448 | 4c89 5424 | 284c 8b94 | 24b8 0000 | 004c 8954 | 2430 4c8b | 5424 584c | 8954 2440 
  0x00000205c58a16e4: 4c8b 5424 | 504c 8954 | 2448 448b | 9c24 8800 | 0000 4c8b | 9424 9000 | 0000 4c89 | 5424 584c 
  0x00000205c58a1704: 8b94 2480 | 0000 004c | 8954 2460 | 4489 5c24 | 5444 8984 | 24ac 0000 | 0066 6690 

  0x00000205c58a1720: ;   {runtime_call UncommonTrapBlob}
  0x00000205c58a1720: c5f8 77e8 

  0x00000205c58a1724: ; ImmutableOopMap {rbp=Oop [32]=Oop [40]=Oop [48]=Oop [64]=Oop [84]=NarrowOop [88]=Oop [96]=Oop [172]=NarrowOop [192]=NarrowOop }
                      ;*ifeq {reexecute=1 rethrow=0 return_oop=0}
                      ; - (reexecute) java.util.concurrent.ConcurrentHashMap::get@76
                      ; - java.lang.ClassLoader::definePackage@47
                      ; - java.lang.ClassLoader::getDefinedPackage@32
                      ; - java.net.URLClassLoader::getAndVerifyPackage@2
                      ; - java.net.URLClassLoader::defineClass@46
                      ; - java.net.URLClassLoader$1::run@43
                      ; - java.net.URLClassLoader$1::run@1
                      ; - java.security.AccessController::executePrivileged@29
                      ; - java.security.AccessController::doPrivileged@13
                      ; - java.net.URLClassLoader::findClass@13
  0x00000205c58a1724: 582c 84ff 

  0x00000205c58a1728: ;   {other}
  0x00000205c58a1728: 0f1f 8400 | 986a 009c | ba45 ffff | ff4c 8b94 | 24b0 0000 | 004c 8954 | 2420 4c8b | 5424 404c 
  0x00000205c58a1748: 8954 2428 | 4c8b 5424 | 484c 8954 | 2430 4c8b | 5424 584c | 8954 2448 | 448b 9424 | 8800 0000 
  0x00000205c58a1768: 4489 5424 | 584c 8b94 | 2490 0000 | 004c 8954 | 2460 4c89 | 4c24 704c | 898c 2488 | 0000 0044 
  0x00000205c58a1788: 8984 24b0 | 0000 0090 

  0x00000205c58a1790: ;   {runtime_call UncommonTrapBlob}
  0x00000205c58a1790: c5f8 77e8 

  0x00000205c58a1794: ; ImmutableOopMap {[32]=Oop [40]=Oop [48]=Oop [72]=Oop [88]=NarrowOop [96]=Oop [112]=Oop [128]=Oop [136]=Oop [176]=NarrowOop }
                      ;*ifge {reexecute=1 rethrow=0 return_oop=0}
                      ; - (reexecute) java.util.concurrent.ConcurrentHashMap::get@86
                      ; - java.lang.ClassLoader::getDefinedPackage@13
                      ; - java.net.URLClassLoader::getAndVerifyPackage@2
                      ; - java.net.URLClassLoader::defineClass@46
                      ; - java.net.URLClassLoader$1::run@43
                      ; - java.net.URLClassLoader$1::run@1
                      ; - java.security.AccessController::executePrivileged@29
                      ; - java.security.AccessController::doPrivileged@13
                      ; - java.net.URLClassLoader::findClass@13
  0x00000205c58a1794: e82b 84ff 

  0x00000205c58a1798: ;   {other}
  0x00000205c58a1798: 0f1f 8400 | 086b 009d 

  0x00000205c58a17a0: ;   {metadata('java/util/jar/Manifest')}
  0x00000205c58a17a0: 48ba a0e1 | 04d1 0502 | 0000 488b | ac24 b000 | 0000 6690 

  0x00000205c58a17b4: ;   {runtime_call _new_instance_Java}
  0x00000205c58a17b4: c5f8 77e8 

  0x00000205c58a17b8: ; ImmutableOopMap {rbp=Oop [32]=NarrowOop [48]=Oop [64]=Oop [72]=Oop [88]=Oop [96]=Oop [120]=Oop [128]=Oop [136]=NarrowOop [176]=Oop [184]=Oop [200]=Oop }
                      ;*new {reexecute=0 rethrow=0 return_oop=1}
                      ; - java.util.jar.JarFile::getManifestFromReference@101
                      ; - java.util.jar.JarFile::getManifest@1
                      ; - jdk.internal.loader.URLClassPath$JarLoader$2::getManifest@22
                      ; - java.net.URLClassLoader::defineClass@34
                      ; - java.net.URLClassLoader$1::run@43
                      ; - java.net.URLClassLoader$1::run@1
                      ; - java.security.AccessController::executePrivileged@29
                      ; - java.security.AccessController::doPrivileged@13
                      ; - java.net.URLClassLoader::findClass@13
  0x00000205c58a17b8: c425 88ff 

  0x00000205c58a17bc: ;   {other}
  0x00000205c58a17bc: 0f1f 8400 | 2c6b 009e | e9b6 cbff 

  0x00000205c58a17c8: ;   {metadata('java/io/ByteArrayInputStream')}
  0x00000205c58a17c8: ff48 baa0 | 2305 d105 | 0200 0048 | 8bac 24b0 | 0000 0090 

  0x00000205c58a17dc: ;   {runtime_call _new_instance_Java}
  0x00000205c58a17dc: c5f8 77e8 

  0x00000205c58a17e0: ; ImmutableOopMap {rbp=Oop [32]=NarrowOop [48]=Oop [56]=Oop [64]=Oop [72]=Oop [88]=Oop [96]=Oop [112]=Oop [120]=Oop [128]=Oop [136]=NarrowOop [140]=NarrowOop [176]=Oop [184]=Oop [200]=Oop }
                      ;*new {reexecute=0 rethrow=0 return_oop=1}
                      ; - java.util.jar.JarFile::getManifestFromReference@109
                      ; - java.util.jar.JarFile::getManifest@1
                      ; - jdk.internal.loader.URLClassPath$JarLoader$2::getManifest@22
                      ; - java.net.URLClassLoader::defineClass@34
                      ; - java.net.URLClassLoader$1::run@43
                      ; - java.net.URLClassLoader$1::run@1
                      ; - java.security.AccessController::executePrivileged@29
                      ; - java.security.AccessController::doPrivileged@13
                      ; - java.net.URLClassLoader::findClass@13
  0x00000205c58a17e0: 9c25 88ff 

  0x00000205c58a17e4: ;   {other}
  0x00000205c58a17e4: 0f1f 8400 | 546b 009f | e9f8 cbff 

  0x00000205c58a17f0: ;   {metadata('java/util/jar/Attributes')}
  0x00000205c58a17f0: ff48 ba40 | 8816 d105 | 0200 0048 | 8bac 24b0 | 0000 0090 

  0x00000205c58a1804: ;   {runtime_call _new_instance_Java}
  0x00000205c58a1804: c5f8 77e8 

  0x00000205c58a1808: ; ImmutableOopMap {rbp=Oop [32]=NarrowOop [48]=Oop [56]=Oop [64]=Oop [72]=Oop [88]=Oop [96]=Oop [112]=Oop [120]=Oop [136]=NarrowOop [140]=NarrowOop [144]=Oop [176]=Oop [184]=Oop [200]=Oop }
                      ;*new {reexecute=0 rethrow=0 return_oop=1}
                      ; - java.util.jar.Manifest::<init>@5
                      ; - java.util.jar.JarFile::getManifestFromReference@121
                      ; - java.util.jar.JarFile::getManifest@1
                      ; - jdk.internal.loader.URLClassPath$JarLoader$2::getManifest@22
                      ; - java.net.URLClassLoader::defineClass@34
                      ; - java.net.URLClassLoader$1::run@43
                      ; - java.net.URLClassLoader$1::run@1
                      ; - java.security.AccessController::executePrivileged@29
                      ; - java.security.AccessController::doPrivileged@13
                      ; - java.net.URLClassLoader::findClass@13
  0x00000205c58a1808: 7425 88ff 

  0x00000205c58a180c: ;   {other}
  0x00000205c58a180c: 0f1f 8400 | 7c6b 00a0 | e946 ccff 

  0x00000205c58a1818: ;   {metadata('java/util/HashMap')}
  0x00000205c58a1818: ff48 ba68 | a908 d105 | 0200 0048 | 8bac 24b0 | 0000 0090 

  0x00000205c58a182c: ;   {runtime_call _new_instance_Java}
  0x00000205c58a182c: c5f8 77e8 

  0x00000205c58a1830: ; ImmutableOopMap {rbp=Oop [32]=NarrowOop [48]=Oop [56]=Oop [64]=Oop [72]=Oop [88]=Oop [96]=Oop [112]=Oop [120]=Oop [136]=NarrowOop [140]=NarrowOop [144]=Oop [176]=Oop [184]=Oop [200]=Oop }
                      ;*new {reexecute=0 rethrow=0 return_oop=1}
                      ; - java.util.jar.Manifest::<init>@16
                      ; - java.util.jar.JarFile::getManifestFromReference@121
                      ; - java.util.jar.JarFile::getManifest@1
                      ; - jdk.internal.loader.URLClassPath$JarLoader$2::getManifest@22
                      ; - java.net.URLClassLoader::defineClass@34
                      ; - java.net.URLClassLoader$1::run@43
                      ; - java.net.URLClassLoader$1::run@1
                      ; - java.security.AccessController::executePrivileged@29
                      ; - java.security.AccessController::doPrivileged@13
                      ; - java.net.URLClassLoader::findClass@13
  0x00000205c58a1830: 4c25 88ff 

  0x00000205c58a1834: ;   {other}
  0x00000205c58a1834: 0f1f 8400 | a46b 00a1 | 4c8b d0e9 | 1ecd ffff | ba45 ffff | ff4c 8b94 | 24b0 0000 | 004c 8954 
  0x00000205c58a1854: 2420 4c8b | 5424 404c | 8954 2428 | 4c8b 5424 | 484c 8954 | 2430 4c8b | 9424 b800 | 0000 4c89 
  0x00000205c58a1874: 5424 384c | 8b54 2458 | 4c89 5424 | 4844 8b94 | 2488 0000 | 0044 8954 | 2458 4c8b | 9424 9000 
  0x00000205c58a1894: 0000 4c89 | 5424 6044 | 8984 24b4 | 0000 0090 

  0x00000205c58a18a4: ;   {runtime_call UncommonTrapBlob}
  0x00000205c58a18a4: c5f8 77e8 

  0x00000205c58a18a8: ; ImmutableOopMap {[32]=Oop [40]=Oop [48]=Oop [56]=Oop [72]=Oop [88]=NarrowOop [96]=Oop [128]=Oop [180]=NarrowOop [192]=NarrowOop }
                      ;*ifge {reexecute=1 rethrow=0 return_oop=0}
                      ; - (reexecute) java.util.concurrent.ConcurrentHashMap::get@86
                      ; - java.lang.ClassLoader::definePackage@47
                      ; - java.lang.ClassLoader::getDefinedPackage@32
                      ; - java.net.URLClassLoader::getAndVerifyPackage@2
                      ; - java.net.URLClassLoader::defineClass@46
                      ; - java.net.URLClassLoader$1::run@43
                      ; - java.net.URLClassLoader$1::run@1
                      ; - java.security.AccessController::executePrivileged@29
                      ; - java.security.AccessController::doPrivileged@13
                      ; - java.net.URLClassLoader::findClass@13
  0x00000205c58a18a8: d42a 84ff 

  0x00000205c58a18ac: ;   {other}
  0x00000205c58a18ac: 0f1f 8400 | 1c6c 00a2 

  0x00000205c58a18b4: ;   {metadata('java/io/File')}
  0x00000205c58a18b4: 48ba 10f6 | 04d1 0502 | 0000 6690 

  0x00000205c58a18c0: ;   {runtime_call _new_instance_Java}
  0x00000205c58a18c0: c5f8 77e8 

  0x00000205c58a18c4: ; ImmutableOopMap {rbp=Oop [32]=Oop [44]=NarrowOop [48]=NarrowOop [64]=Oop [80]=Oop [88]=Oop [96]=Oop [176]=Oop [184]=Oop }
                      ;*new {reexecute=0 rethrow=0 return_oop=1}
                      ; - jdk.internal.loader.URLClassPath$FileLoader::getResource@101
                      ; - jdk.internal.loader.URLClassPath::getResource@53
                      ; - java.net.URLClassLoader$1::run@26
                      ; - java.net.URLClassLoader$1::run@1
                      ; - java.security.AccessController::executePrivileged@29
                      ; - java.security.AccessController::doPrivileged@13
                      ; - java.net.URLClassLoader::findClass@13
  0x00000205c58a18c4: b824 88ff 

  0x00000205c58a18c8: ;   {other}
  0x00000205c58a18c8: 0f1f 8400 | 386c 00a3 | e9da d0ff | ff4c 8b54 | 2468 458b | 5210 4585 | d20f 84c7 | e2ff ff4d 
  0x00000205c58a18e8: 8b5f 2849 | 8bca 4d85 | db0f 8485 | 1200 004d | 8b57 384b | 894c 1af8 | 4983 c3f8 | 4d89 5f28 
  0x00000205c58a1908: e9a1 e2ff | ff4c 8b54 | 2468 458b | 5a10 4585 | db0f 84eb | e3ff ff4d | 8b57 2849 | 8bcb 4d85 
  0x00000205c58a1928: d20f 846d | 1200 004d | 8b5f 384b | 894c 13f8 | 4983 c2f8 | 4d89 5728 | e9c5 e3ff | ffba 45ff 
  0x00000205c58a1948: ffff 4c8b | 9424 b000 | 0000 4c89 | 5424 204c | 8b54 2440 | 4c89 5424 | 284c 8b54 | 2448 4c89 
  0x00000205c58a1968: 5424 304c | 8b94 24b8 | 0000 004c | 8954 2438 | 4c8b 5424 | 584c 8954 | 2448 448b | 9424 8800 
  0x00000205c58a1988: 0000 4489 | 5424 584c | 895c 2460 

  0x00000205c58a1994: ;   {runtime_call UncommonTrapBlob}
  0x00000205c58a1994: c5f8 77e8 

  0x00000205c58a1998: ; ImmutableOopMap {rbp=NarrowOop [32]=Oop [40]=Oop [48]=Oop [56]=Oop [72]=Oop [88]=NarrowOop [96]=Oop [128]=Oop [200]=Oop }
                      ;*ifnull {reexecute=1 rethrow=0 return_oop=0}
                      ; - (reexecute) java.util.concurrent.ConcurrentHashMap::get@143
                      ; - java.lang.ClassLoader::getDefinedPackage@13
                      ; - java.net.URLClassLoader::getAndVerifyPackage@2
                      ; - java.net.URLClassLoader::defineClass@46
                      ; - java.net.URLClassLoader$1::run@43
                      ; - java.net.URLClassLoader$1::run@1
                      ; - java.security.AccessController::executePrivileged@29
                      ; - java.security.AccessController::doPrivileged@13
                      ; - java.net.URLClassLoader::findClass@13
  0x00000205c58a1998: e429 84ff 

  0x00000205c58a199c: ;   {other}
  0x00000205c58a199c: 0f1f 8400 | 0c6d 00a4 | bade ffff | ff4c 8b54 | 2440 4c89 | 5424 204c | 8b54 2448 | 4c89 5424 
  0x00000205c58a19bc: 284c 8b54 | 2460 4c89 | 5424 304c | 8b54 2458 | 4c89 5424 | 404c 8b54 | 2450 4c89 | 5424 4890 
  0x00000205c58a19dc: ;   {runtime_call UncommonTrapBlob}
  0x00000205c58a19dc: c5f8 77e8 

  0x00000205c58a19e0: ; ImmutableOopMap {rbp=Oop [32]=Oop [40]=Oop [48]=Oop [64]=Oop [112]=Oop [120]=Oop [128]=Oop [136]=NarrowOop [200]=Oop }
                      ;*invokevirtual close {reexecute=0 rethrow=0 return_oop=0}
                      ; - java.util.jar.JarFile::getManifestFromReference@152
                      ; - java.util.jar.JarFile::getManifest@1
                      ; - jdk.internal.loader.URLClassPath$JarLoader$2::getManifest@22
                      ; - java.net.URLClassLoader::defineClass@34
                      ; - java.net.URLClassLoader$1::run@43
                      ; - java.net.URLClassLoader$1::run@1
                      ; - java.security.AccessController::executePrivileged@29
                      ; - java.security.AccessController::doPrivileged@13
                      ; - java.net.URLClassLoader::findClass@13
  0x00000205c58a19e0: 9c29 84ff 

  0x00000205c58a19e4: ;   {other}
  0x00000205c58a19e4: 0f1f 8400 | 546d 00a5 | 448b 5008 | 49bb 0000 | 00d1 0502 | 0000 4d03 | daeb 54eb | 4144 8b40 
  0x00000205c58a1a04: 0849 bb00 | 0000 d105 | 0200 004d | 03d8 eb11 | 448b 5008 | 49bb 0000 | 00d1 0502 | 0000 4d03 
  0x00000205c58a1a24: da4d 8b53 

  0x00000205c58a1a28: ;   {metadata('java/lang/RuntimeException')}
  0x00000205c58a1a28: 4849 b8a8 | b705 d105 | 0200 004d | 3bd0 0f85 | 1201 0000 | eb28 eb02 | eb00 448b | 4008 49bb 
  0x00000205c58a1a48: 0000 00d1 | 0502 0000 | 4d03 d84d 

  0x00000205c58a1a54: ;   {metadata('java/lang/RuntimeException')}
  0x00000205c58a1a54: 8b53 4849 | b8a8 b705 | d105 0200 | 004d 3bd0 | 7508 488b | d0e9 6da5 | ffff 4d8b 

  0x00000205c58a1a70: ;   {metadata('java/lang/Exception')}
  0x00000205c58a1a70: 5340 49bb | 20c0 00d1 | 0502 0000 | 4d3b d30f | 8598 0000 | 004c 8bd0 | 4c89 5424 | 2849 8b87 
  0x00000205c58a1a90: b801 0000 | 4c8b d049 | 83c2 284d | 3b97 c801 | 0000 0f83 | 1003 0000 | 4d89 97b8 | 0100 0041 
  0x00000205c58a1ab0: 0f0d 8ac0 | 0000 0048 | c700 0100 

  0x00000205c58a1abc: ;   {metadata('java/security/PrivilegedActionException')}
  0x00000205c58a1abc: 0000 c740 | 0800 af04 | 0144 8960 | 0c4c 8960 | 104c 8960 | 184c 8960 | 2048 8be8 | 488b d54c 
  0x00000205c58a1adc: 8b44 2428 

  0x00000205c58a1ae0: ;   {optimized virtual_call}
  0x00000205c58a1ae0: c5f8 77e8 

  0x00000205c58a1ae4: ; ImmutableOopMap {rbp=Oop [176]=Oop }
                      ;*invokespecial <init> {reexecute=0 rethrow=0 return_oop=0}
                      ; - java.security.AccessController::wrapException@5
                      ; - java.security.AccessController::doPrivileged@22
                      ; - java.net.URLClassLoader::findClass@13
  0x00000205c58a1ae4: 98cf 83ff 

  0x00000205c58a1ae8: ;   {other}
  0x00000205c58a1ae8: 0f1f 8400 | 586e 00a6 | 488b d590 

  0x00000205c58a1af4: ;   {optimized virtual_call}
  0x00000205c58a1af4: c5f8 77e8 

  0x00000205c58a1af8: ; ImmutableOopMap {}
                      ;*invokevirtual getException {reexecute=0 rethrow=0 return_oop=1}
                      ; - java.net.URLClassLoader::findClass@25
  0x00000205c58a1af8: 84cf 83ff 

  0x00000205c58a1afc: ;   {other}
  0x00000205c58a1afc: 0f1f 8400 | 6c6e 00a7 

  0x00000205c58a1b04: ; implicit exception: dispatches to 0x00000205c58a3cc0
  0x00000205c58a1b04: 448b 5008 

  0x00000205c58a1b08: ;   {metadata('java/lang/ClassNotFoundException')}
  0x00000205c58a1b08: 4181 fa88 | 9306 000f | 85ef 0f00 | 0048 8bd0 | e9be a4ff | ff44 8b58 | 0849 ba00 | 0000 d105 
  0x00000205c58a1b28: 0200 004d | 03d3 4d8b 

  0x00000205c58a1b30: ;   {metadata('java/security/PrivilegedActionException')}
  0x00000205c58a1b30: 5248 49bb | 00af 04d2 | 0502 0000 | 4d3b d375 | 0548 8bd0 | ebad 488b | d0e9 8da4 | ffff 4d8b 
  0x00000205c58a1b50: ;   {metadata('java/lang/Exception')}
  0x00000205c58a1b50: 5340 49bb | 20c0 00d1 | 0502 0000 | 4d3b d30f | 854d 0100 | 004c 8bd8 | 498b 87b8 | 0100 004c 
  0x00000205c58a1b70: 8bd0 4983 | c228 4d3b | 97c8 0100 | 000f 83b1 | 0e00 004d | 8997 b801 | 0000 410f | 0d8a c000 
  0x00000205c58a1b90: 0000 48c7 | 0001 0000 

  0x00000205c58a1b98: ;   {metadata('java/security/PrivilegedActionException')}
  0x00000205c58a1b98: 00c7 4008 | 00af 0401 | 4489 600c | 4c89 6010 | 4c89 6018 | 4c89 6020 | 498b eb4c | 8bd0 4c89 
  0x00000205c58a1bb8: 5424 2049 | 8bd2 4c8b | c548 8bac | 24b0 0000 | 0066 6690 

  0x00000205c58a1bcc: ;   {optimized virtual_call}
  0x00000205c58a1bcc: c5f8 77e8 

  0x00000205c58a1bd0: ; ImmutableOopMap {rbp=Oop [32]=Oop [48]=NarrowOop [56]=Oop [64]=Oop [80]=Oop [176]=Oop [184]=Oop }
                      ;*invokespecial <init> {reexecute=0 rethrow=0 return_oop=0}
                      ; - java.security.AccessController::wrapException@5
                      ; - java.security.AccessController::doPrivileged@22
                      ; - jdk.internal.loader.URLClassPath$JarLoader::ensureOpen@19
                      ; - jdk.internal.loader.URLClassPath$JarLoader::getResource@1
                      ; - jdk.internal.loader.URLClassPath::getResource@53
                      ; - java.net.URLClassLoader$1::run@26
                      ; - java.net.URLClassLoader$1::run@1
                      ; - java.security.AccessController::executePrivileged@29
                      ; - java.security.AccessController::doPrivileged@13
                      ; - java.net.URLClassLoader::findClass@13
  0x00000205c58a1bd0: acce 83ff 

  0x00000205c58a1bd4: ;   {other}
  0x00000205c58a1bd4: 0f1f 8400 | 446f 00a8 | 488b 5424 | 2048 8bac | 24b0 0000 | 0066 6690 

  0x00000205c58a1bec: ;   {optimized virtual_call}
  0x00000205c58a1bec: c5f8 77e8 

  0x00000205c58a1bf0: ; ImmutableOopMap {rbp=Oop [48]=NarrowOop [56]=Oop [64]=Oop [80]=Oop [176]=Oop [184]=Oop }
                      ;*invokevirtual getException {reexecute=0 rethrow=0 return_oop=1}
                      ; - jdk.internal.loader.URLClassPath$JarLoader::ensureOpen@28
                      ; - jdk.internal.loader.URLClassPath$JarLoader::getResource@1
                      ; - jdk.internal.loader.URLClassPath::getResource@53
                      ; - java.net.URLClassLoader$1::run@26
                      ; - java.net.URLClassLoader$1::run@1
                      ; - java.security.AccessController::executePrivileged@29
                      ; - java.security.AccessController::doPrivileged@13
                      ; - java.net.URLClassLoader::findClass@13
  0x00000205c58a1bf0: 8cce 83ff 

  0x00000205c58a1bf4: ;   {other}
  0x00000205c58a1bf4: 0f1f 8400 | 646f 00a9 | 4c8b d844 

  0x00000205c58a1c00: ;   {metadata('java/io/FileNotFoundException')}
  0x00000205c58a1c00: 8b50 0841 | 81fa a0ac | 0401 0f85 | 9013 0000 | 498b 87b8 | 0100 004c | 8bd0 4983 | c228 4d3b 
  0x00000205c58a1c20: 97c8 0100 | 000f 8315 | 0d00 004d | 8997 b801 | 0000 410f | 0d8a c000 | 0000 48c7 | 0001 0000 
  0x00000205c58a1c40: ;   {metadata('java/lang/InternalError')}
  0x00000205c58a1c40: 00c7 4008 | 3807 0100 | 4489 600c | 4c89 6010 | 4c89 6018 | 4c89 6020 | 4c89 5c24 | 384c 8bd0 
  0x00000205c58a1c60: 4c89 5424 | 4848 8b6c | 2440 448b | 5c24 3044 | 895c 2420 | 4c8b 5424 | 504c 8954 | 2428 488b 
  0x00000205c58a1c80: 5424 484c | 8b44 2438 | 4c8b 9424 | b000 0000 | 4c89 5424 | 3866 6690 

  0x00000205c58a1c98: ;   {optimized virtual_call}
  0x00000205c58a1c98: c5f8 77e8 

  0x00000205c58a1c9c: ; ImmutableOopMap {rbp=Oop [32]=NarrowOop [40]=Oop [56]=Oop [72]=Oop [176]=Oop [184]=Oop }
                      ;*invokespecial <init> {reexecute=0 rethrow=0 return_oop=0}
                      ; - jdk.internal.loader.URLClassPath$JarLoader::getResource@13
                      ; - jdk.internal.loader.URLClassPath::getResource@53
                      ; - java.net.URLClassLoader$1::run@26
                      ; - java.net.URLClassLoader$1::run@1
                      ; - java.security.AccessController::executePrivileged@29
                      ; - java.security.AccessController::doPrivileged@13
                      ; - java.net.URLClassLoader::findClass@13
  0x00000205c58a1c9c: e0cd 83ff 

  0x00000205c58a1ca0: ;   {other}
  0x00000205c58a1ca0: 0f1f 8400 | 1070 00aa | 488b 5424 | 48e9 29a3 | ffff 448b | 4008 49ba | 0000 00d1 | 0502 0000 
  0x00000205c58a1cc0: 4d03 d04d 

  0x00000205c58a1cc4: ;   {metadata('java/security/PrivilegedActionException')}
  0x00000205c58a1cc4: 8b52 4849 | bb00 af04 | d205 0200 | 004d 3bd3 | 7508 488b | d0e9 03ff | ffff 448b | 5008 49bb 
  0x00000205c58a1ce4: 0000 00d1 | 0502 0000 | 4d03 da4d 

  0x00000205c58a1cf0: ;   {metadata('java/io/IOException')}
  0x00000205c58a1cf0: 8b53 4849 | bbb8 6c04 | d205 0200 | 004d 3bd3 | 0f85 3cfd | ffff 4c8b | d8e9 02ff | ffff ba45 
  0x00000205c58a1d10: ffff ff4c | 8b94 24b0 | 0000 004c | 8954 2420 | 4c8b 5424 | 404c 8954 | 2428 4c8b | 5424 484c 
  0x00000205c58a1d30: 8954 2430 | 4c8b 9424 | b800 0000 | 4c89 5424 | 384c 8b54 | 2458 4c89 | 5424 4844 | 8b9c 2488 
  0x00000205c58a1d50: 0000 004c | 8b94 2490 | 0000 004c | 8954 2460 | 4489 5c24 | 5c66 6690 

  0x00000205c58a1d68: ;   {runtime_call UncommonTrapBlob}
  0x00000205c58a1d68: c5f8 77e8 

  0x00000205c58a1d6c: ; ImmutableOopMap {rbp=NarrowOop [32]=Oop [40]=Oop [48]=Oop [56]=Oop [72]=Oop [92]=NarrowOop [96]=Oop [128]=Oop [192]=NarrowOop [200]=Oop }
                      ;*ifnull {reexecute=1 rethrow=0 return_oop=0}
                      ; - (reexecute) java.util.concurrent.ConcurrentHashMap::get@143
                      ; - java.lang.ClassLoader::definePackage@47
                      ; - java.lang.ClassLoader::getDefinedPackage@32
                      ; - java.net.URLClassLoader::getAndVerifyPackage@2
                      ; - java.net.URLClassLoader::defineClass@46
                      ; - java.net.URLClassLoader$1::run@43
                      ; - java.net.URLClassLoader$1::run@1
                      ; - java.security.AccessController::executePrivileged@29
                      ; - java.security.AccessController::doPrivileged@13
                      ; - java.net.URLClassLoader::findClass@13
  0x00000205c58a1d6c: 1026 84ff 

  0x00000205c58a1d70: ;   {other}
  0x00000205c58a1d70: 0f1f 8400 | e070 00ab | 498b d7c5 | f877 49ba | 20a4 a527 | f97f 0000 

  0x00000205c58a1d88: ;   {other}
  0x00000205c58a1d88: 41ff d20f | 1f84 0000 | 0000 00e9 | aabf ffff | 498b d7c5 | f877 49ba | 20a4 a527 | f97f 0000 
  0x00000205c58a1da8: ;   {other}
  0x00000205c58a1da8: 41ff d20f | 1f84 0000 | 0000 00e9 | d9bf ffff 

  0x00000205c58a1db8: ;   {metadata('java/security/PrivilegedActionException')}
  0x00000205c58a1db8: 48ba 00af | 04d2 0502 | 0000 6690 

  0x00000205c58a1dc4: ;   {runtime_call _new_instance_Java}
  0x00000205c58a1dc4: c5f8 77e8 

  0x00000205c58a1dc8: ; ImmutableOopMap {[40]=Oop [176]=Oop }
                      ;*new {reexecute=0 rethrow=0 return_oop=1}
                      ; - java.security.AccessController::wrapException@0
                      ; - java.security.AccessController::doPrivileged@22
                      ; - java.net.URLClassLoader::findClass@13
  0x00000205c58a1dc8: b41f 88ff 

  0x00000205c58a1dcc: ;   {other}
  0x00000205c58a1dcc: 0f1f 8400 | 3c71 00ac | e9fc fcff | ff49 8bd7 | c5f8 7749 | ba20 a4a5 | 27f9 7f00 | 0041 ffd2 
  0x00000205c58a1dec: ;   {other}
  0x00000205c58a1dec: 0f1f 8400 | 0000 0000 | e9a4 bdff | ff49 8bd7 | c5f8 7749 | ba20 a4a5 | 27f9 7f00 | 0041 ffd2 
  0x00000205c58a1e0c: ;   {other}
  0x00000205c58a1e0c: 0f1f 8400 | 0000 0000 | e918 beff | ff49 8bd7 | c5f8 7749 | ba20 a4a5 | 27f9 7f00 | 0041 ffd2 
  0x00000205c58a1e2c: ;   {other}
  0x00000205c58a1e2c: 0f1f 8400 | 0000 0000 | e911 bdff | ff49 8bd7 | c5f8 7749 | ba20 a4a5 | 27f9 7f00 | 0041 ffd2 
  0x00000205c58a1e4c: ;   {other}
  0x00000205c58a1e4c: 0f1f 8400 | 0000 0000 | e94e beff 

  0x00000205c58a1e58: ;   {metadata('java/lang/String')}
  0x00000205c58a1e58: ff48 ba78 | e800 d105 | 0200 0048 | 8b6c 2420 | 4c8b 9424 | b000 0000 | 4c89 5424 | 2066 6690 
  0x00000205c58a1e78: ;   {runtime_call _new_instance_Java}
  0x00000205c58a1e78: c5f8 77e8 

  0x00000205c58a1e7c: ; ImmutableOopMap {rbp=Oop [32]=Oop [48]=Oop [64]=Oop [72]=Oop [88]=Oop [120]=Oop [128]=Oop [136]=NarrowOop [144]=Oop [176]=Oop [184]=Oop [192]=NarrowOop }
                      ;*new {reexecute=0 rethrow=0 return_oop=1}
                      ; - java.lang.StringConcatHelper::simpleConcat@17
                      ; - java.lang.String::concat@11
                      ; - java.net.URLClassLoader::isSealed@15
                      ; - java.net.URLClassLoader::getAndVerifyPackage@68
                      ; - java.net.URLClassLoader::defineClass@46
                      ; - java.net.URLClassLoader$1::run@43
                      ; - java.net.URLClassLoader$1::run@1
                      ; - java.security.AccessController::executePrivileged@29
                      ; - java.security.AccessController::doPrivileged@13
                      ; - java.net.URLClassLoader::findClass@13
  0x00000205c58a1e7c: 001f 88ff 

  0x00000205c58a1e80: ;   {other}
  0x00000205c58a1e80: 0f1f 8400 | f071 00ad | e92c d0ff | ffba 45ff | ffff 4c8b | 5c24 404c | 895c 2428 | 4c8b 5c24 
  0x00000205c58a1ea0: 484c 895c | 2430 4c8b | 5c24 604c | 895c 2438 | 4889 8424 | 8000 0000 

  0x00000205c58a1eb8: ;   {runtime_call UncommonTrapBlob}
  0x00000205c58a1eb8: c5f8 77e8 

  0x00000205c58a1ebc: ; ImmutableOopMap {rbp=NarrowOop [32]=Oop [40]=Oop [48]=Oop [56]=Oop [104]=Oop [128]=Oop [136]=NarrowOop [200]=Oop }
                      ;*ifnull {reexecute=1 rethrow=0 return_oop=0}
                      ; - (reexecute) java.util.jar.JarFile::maybeInstantiateVerifier@27
                      ; - java.util.jar.JarFile::ensureInitialization@1
                      ; - java.util.jar.JavaUtilJarAccessImpl::ensureInitialization@1
                      ; - jdk.internal.loader.URLClassPath$JarLoader$2::getManifest@10
                      ; - java.net.URLClassLoader::defineClass@34
                      ; - java.net.URLClassLoader$1::run@43
                      ; - java.net.URLClassLoader$1::run@1
                      ; - java.security.AccessController::executePrivileged@29
                      ; - java.security.AccessController::doPrivileged@13
                      ; - java.net.URLClassLoader::findClass@13
  0x00000205c58a1ebc: c024 84ff 

  0x00000205c58a1ec0: ;   {other}
  0x00000205c58a1ec0: 0f1f 8400 | 3072 00ae | 4c8b 9424 | 9000 0000 | 458b 522c | 4585 d20f | 8438 d3ff | ff4d 8b5f 
  0x00000205c58a1ee0: 2849 8bca | 4d85 db0f | 841f 0e00 | 004d 8b57 | 384b 894c | 1af8 4983 | c3f8 4d89 | 5f28 e912 
  0x00000205c58a1f00: d3ff ff44 | 8b5d 1c45 | 85db 0f84 | 56d4 ffff | 4d8b 5728 | 498b cb4d | 85d2 0f84 | 0c0e 0000 
  0x00000205c58a1f20: 4d8b 5f38 | 4b89 4c13 | f849 83c2 | f84d 8957 | 28e9 30d4 | ffff 4c8b | 9424 9000 | 0000 458b 
  0x00000205c58a1f40: 5214 4585 | d20f 845c | d4ff ff4d | 8b5f 2849 | 8bca 4d85 | db0f 84f1 | 0d00 004d | 8b57 384b 
  0x00000205c58a1f60: 894c 1af8 | 4983 c3f8 | 4d89 5f28 | e936 d4ff | ff44 8b55 | 1c45 85d2 | 0f84 70d5 | ffff 4d8b 
  0x00000205c58a1f80: 5f28 498b | ca4d 85db | 0f84 de0d | 0000 4d8b | 5738 4b89 | 4c1a f849 | 83c3 f84d | 895f 28e9 
  0x00000205c58a1fa0: 4ad5 ffff | 4c8b 9424 | 9000 0000 | 458b 5a10 | 4585 db0f | 8476 d5ff | ff4d 8b57 

  0x00000205c58a1fbc: ;   {no_reloc}
  0x00000205c58a1fbc: 2849 8bcb | 4d85 d20f | 84c3 0d00 | 004d 8b5f | 384b 894c | 13f8 4983 | c2f8 4d89 | 5728 e950 
  0x00000205c58a1fdc: d5ff ff4c | 8b94 2490 | 0000 0045 | 8b52 3845 | 85d2 0f84 | c3d9 ffff | 4d8b 5f28 | 498b ca4d 
  0x00000205c58a1ffc: 85db 0f84 | 080e 0000 | 4d8b 5738 | 4b89 4c1a | f849 83c3 | f84d 895f | 28e9 9dd9 | ffff 4c8b 
  0x00000205c58a201c: 5424 7845 | 8b52 3045 | 85d2 0f84 | d6d9 ffff | 4d8b 5f28 | 498b ca4d | 85db 0f84 | 700d 0000 
  0x00000205c58a203c: 4d8b 5738 | 4b89 4c1a | f849 83c3 | f84d 895f | 28e9 b0d9 | ffff 4c8b | 9424 9000 | 0000 458b 
  0x00000205c58a205c: 5234 4585 | d20f 84b6 | d8ff ff4d | 8b5f 2849 | 8bca 4d85 | db0f 8475 | 0d00 004d | 8b57 384b 
  0x00000205c58a207c: 894c 1af8 | 4983 c3f8 | 4d89 5f28 | e990 d8ff | ff4c 8b94 | 2490 0000 | 0045 8b52 | 1c45 85d2 
  0x00000205c58a209c: 0f84 bdd6 | ffff 4d8b | 5f28 498b | ca4d 85db | 0f84 ba0d | 0000 4d8b | 5738 4b89 | 4c1a f849 
  0x00000205c58a20bc: ;   {no_reloc}
  0x00000205c58a20bc: 83c3 f84d | 895f 28e9 | 97d6 ffff | 448b 5d1c | 4585 db0f | 84a1 d5ff | ff4d 8b57 | 2849 8bcb 
  0x00000205c58a20dc: 4d85 d20f | 8447 0d00 | 004d 8b5f | 384b 894c | 13f8 4983 | c2f8 4d89 | 5728 e97b | d5ff ff4c 
  0x00000205c58a20fc: 8b94 2490 | 0000 0045 | 8b52 1845 | 85d2 0f84 | b4d5 ffff | 4d8b 5f28 | 498b ca4d | 85db 0f84 
  0x00000205c58a211c: 2c0d 0000 | 4d8b 5738 | 4b89 4c1a | f849 83c3 | f84d 895f | 28e9 8ed5 | ffff 4c8b | 9424 9000 
  0x00000205c58a213c: 0000 458b | 5224 4585 | d20f 843e | d7ff ff4d | 8b5f 2849 | 8bca 4d85 | db0f 8471 | 0c00 004d 
  0x00000205c58a215c: 8b57 384b | 894c 1af8 | 4983 c3f8 | 4d89 5f28 | e918 d7ff | ff4d 8b57 | 484d 8b5f | 58f0 8344 
  0x00000205c58a217c: 24c0 0080 | 3900 0f84 | 63d2 ffff | 4488 214d | 85d2 7520 | 498b d7c5 | f877 49ba | 00a4 a527 
  0x00000205c58a219c: f97f 0000 

  0x00000205c58a21a0: ;   {other}
  0x00000205c58a21a0: 41ff d20f | 1f84 0000 | 0000 00e9 | 3bd2 ffff | 4b89 4c13 | f849 83c2 | f84d 8957 | 48e9 29d2 
  0x00000205c58a21c0: ffff 4d8b | 5758 4d8b | 5f48 f083 | 4424 c000 | 8039 000f | 84c3 d1ff | ff44 8821 | 4d85 db75 
  0x00000205c58a21e0: 2049 8bd7 | c5f8 7749 | ba00 a4a5 | 27f9 7f00 | 0041 ffd2 

  0x00000205c58a21f4: ;   {other}
  0x00000205c58a21f4: 0f1f 8400 | 0000 0000 | e99b d1ff | ff4b 894c | 1af8 4983 | c3f8 4d89 | 5f48 e989 | d1ff ff4d 
  0x00000205c58a2214: 8b57 484d | 8b5f 58f0 | 8344 24c0 | 0080 3900 | 0f84 49d3 | ffff 4488 | 214d 85d2 | 7520 498b 
  0x00000205c58a2234: d7c5 f877 | 49ba 00a4 | a527 f97f | 0000 41ff 

  0x00000205c58a2244: ;   {other}
  0x00000205c58a2244: d20f 1f84 | 0000 0000 | 00e9 21d3 | ffff 4b89 | 4c13 f849 | 83c2 f84d | 8957 48e9 | 0fd3 ffff 
  0x00000205c58a2264: 4d8b 5758 | 4d8b 5f48 | f083 4424 | c000 8039 | 000f 84a9 | d2ff ff44 | 8821 4d85 | db75 2049 
  0x00000205c58a2284: 8bd7 c5f8 | 7749 ba00 | a4a5 27f9 | 7f00 0041 

  0x00000205c58a2294: ;   {other}
  0x00000205c58a2294: ffd2 0f1f | 8400 0000 | 0000 e981 | d2ff ff4b | 894c 1af8 | 4983 c3f8 | 4d89 5f48 | e96f d2ff 
  0x00000205c58a22b4: ff4d 8b57 | 584d 8b5f | 48f0 8344 | 24c0 0080 | 3900 0f84 | b2d5 ffff | 4488 214d | 85db 7520 
  0x00000205c58a22d4: 498b d7c5 | f877 49ba | 00a4 a527 | f97f 0000 

  0x00000205c58a22e4: ;   {other}
  0x00000205c58a22e4: 41ff d20f | 1f84 0000 | 0000 00e9 | 8ad5 ffff | 4b89 4c1a | f849 83c3 | f84d 895f | 48e9 78d5 
  0x00000205c58a2304: ffff 4d8b | 5748 4d8b | 5f58 f083 | 4424 c000 | 8039 000f | 84da d6ff | ff44 8821 | 4d85 d275 
  0x00000205c58a2324: 2049 8bd7 | c5f8 7749 | ba00 a4a5 | 27f9 7f00 | 0041 ffd2 

  0x00000205c58a2338: ;   {other}
  0x00000205c58a2338: 0f1f 8400 | 0000 0000 | e9b2 d6ff | ff4b 894c | 13f8 4983 | c2f8 4d89 | 5748 e9a0 | d6ff ff4d 
  0x00000205c58a2358: 8b57 484d | 8b5f 58f0 | 8344 24c0 | 0080 3900 | 0f84 58d5 | ffff 4488 | 214d 85d2 | 7520 498b 
  0x00000205c58a2378: d7c5 f877 | 49ba 00a4 | a527 f97f | 0000 41ff 

  0x00000205c58a2388: ;   {other}
  0x00000205c58a2388: d20f 1f84 | 0000 0000 | 00e9 30d5 | ffff 4b89 | 4c13 f849 | 83c2 f84d | 8957 48e9 | 1ed5 ffff 
  0x00000205c58a23a8: 4d8b 5758 | 4d8b 5f48 | f083 4424 | c000 8039 | 000f 8499 | d5ff ff44 | 8821 4d85 | db75 2049 
  0x00000205c58a23c8: 8bd7 c5f8 | 7749 ba00 | a4a5 27f9 | 7f00 0041 

  0x00000205c58a23d8: ;   {other}
  0x00000205c58a23d8: ffd2 0f1f | 8400 0000 | 0000 e971 | d5ff ff4b | 894c 1af8 | 4983 c3f8 | 4d89 5f48 | e95f d5ff 
  0x00000205c58a23f8: ff4d 8b57 | 584d 8b5f | 48f0 8344 | 24c0 0080 | 3900 0f84 | a9d2 ffff | 4488 214d | 85db 7520 
  0x00000205c58a2418: 498b d7c5 | f877 49ba | 00a4 a527 | f97f 0000 

  0x00000205c58a2428: ;   {other}
  0x00000205c58a2428: 41ff d20f | 1f84 0000 | 0000 00e9 | 81d2 ffff | 4b89 4c1a | f849 83c3 | f84d 895f | 48e9 6fd2 
  0x00000205c58a2448: ffff 4d8b | 5758 4d8b | 5f48 f083 | 4424 c000 | 8039 000f | 8439 d3ff | ff44 8821 | 4d85 db75 
  0x00000205c58a2468: 2049 8bd7 | c5f8 7749 | ba00 a4a5 | 27f9 7f00 | 0041 ffd2 

  0x00000205c58a247c: ;   {other}
  0x00000205c58a247c: 0f1f 8400 | 0000 0000 | e911 d3ff | ff4b 894c | 1af8 4983 | c3f8 4d89 | 5f48 e9ff | d2ff ff4d 
  0x00000205c58a249c: 8b57 584d | 8b5f 48f0 | 8344 24c0 | 0080 3900 | 0f84 56d2 | ffff 4488 | 214d 85db | 7520 498b 
  0x00000205c58a24bc: d7c5 f877 | 49ba 00a4 | a527 f97f | 0000 41ff 

  0x00000205c58a24cc: ;   {other}
  0x00000205c58a24cc: d20f 1f84 | 0000 0000 | 00e9 2ed2 | ffff 4b89 | 4c1a f849 | 83c3 f84d | 895f 48e9 | 1cd2 ffff 
  0x00000205c58a24ec: 4d8b 5758 | 4d8b 5f48 | f083 4424 | c000 8039 | 000f 845e | cdff ff44 | 8821 4d85 | db75 2049 
  0x00000205c58a250c: 8bd7 c5f8 | 7749 ba00 | a4a5 27f9 | 7f00 0041 

  0x00000205c58a251c: ;   {other}
  0x00000205c58a251c: ffd2 0f1f | 8400 0000 | 0000 e936 | cdff ff4b | 894c 1af8 | 4983 c3f8 | 4d89 5f48 | e924 cdff 
  0x00000205c58a253c: ff4d 8b57 | 584d 8b5f | 48f0 8344 | 24c0 0080 | 3900 0f84 | b6cc ffff | 4488 214d | 85db 7520 
  0x00000205c58a255c: 498b d7c5 | f877 49ba | 00a4 a527 | f97f 0000 

  0x00000205c58a256c: ;   {other}
  0x00000205c58a256c: 41ff d20f | 1f84 0000 | 0000 00e9 | 8ecc ffff | 4b89 4c1a | f849 83c3 | f84d 895f | 48e9 7ccc 
  0x00000205c58a258c: ffff baf6 | ffff ff4c | 8b94 24b0 | 0000 004c | 8954 2420 | 4c8b 5424 | 404c 8954 | 2428 4c8b 
  0x00000205c58a25ac: 5424 504c | 8954 2440 

  0x00000205c58a25b4: ;   {runtime_call UncommonTrapBlob}
  0x00000205c58a25b4: c5f8 77e8 

  0x00000205c58a25b8: ; ImmutableOopMap {rbp=NarrowOop [32]=Oop [40]=Oop [48]=NarrowOop [64]=Oop [88]=Oop [96]=Oop [184]=Oop }
                      ;*invokevirtual startsWith {reexecute=0 rethrow=0 return_oop=0}
                      ; - jdk.internal.loader.URLClassPath$FileLoader::getResource@31
                      ; - jdk.internal.loader.URLClassPath::getResource@53
                      ; - java.net.URLClassLoader$1::run@26
                      ; - java.net.URLClassLoader$1::run@1
                      ; - java.security.AccessController::executePrivileged@29
                      ; - java.security.AccessController::doPrivileged@13
                      ; - java.net.URLClassLoader::findClass@13
  0x00000205c58a25b8: c41d 84ff 

  0x00000205c58a25bc: ;   {other}
  0x00000205c58a25bc: 0f1f 8400 | 2c79 00af | bac6 ffff | ff48 8bac | 24b0 0000 | 004c 8b54 | 2440 4c89 | 5424 2044 
  0x00000205c58a25dc: 8b5c 2430 | 4489 5c24 | 2848 8944 | 2438 4c8b | 5424 504c | 8954 2440 

  0x00000205c58a25f4: ;   {runtime_call UncommonTrapBlob}
  0x00000205c58a25f4: c5f8 77e8 

  0x00000205c58a25f8: ; ImmutableOopMap {rbp=Oop [32]=Oop [40]=NarrowOop [56]=Oop [64]=Oop [184]=Oop }
                      ;*invokevirtual getResource {reexecute=0 rethrow=0 return_oop=0}
                      ; - jdk.internal.loader.URLClassPath::getResource@53
                      ; - java.net.URLClassLoader$1::run@26
                      ; - java.net.URLClassLoader$1::run@1
                      ; - java.security.AccessController::executePrivileged@29
                      ; - java.security.AccessController::doPrivileged@13
                      ; - java.net.URLClassLoader::findClass@13
  0x00000205c58a25f8: 841d 84ff 

  0x00000205c58a25fc: ;   {other}
  0x00000205c58a25fc: 0f1f 8400 | 6c79 00b0 | ba38 0000 | 004c 8b54 | 2440 4c89 | 5424 2044 | 8b54 2430 | 4489 5424 
  0x00000205c58a261c: 284c 8b54 | 2450 4c89 | 5424 384c | 8b54 2458 | 4c89 5424 | 504c 8b54 | 2460 4c89 | 5424 5890 
  0x00000205c58a263c: ;   {runtime_call UncommonTrapBlob}
  0x00000205c58a263c: c5f8 77e8 

  0x00000205c58a2640: ; ImmutableOopMap {rbp=Oop [32]=Oop [40]=NarrowOop [56]=Oop [80]=Oop [88]=Oop [104]=Oop [184]=Oop }
                      ;*new {reexecute=0 rethrow=0 return_oop=0}
                      ; - java.io.File::<init>@13
                      ; - jdk.internal.loader.URLClassPath$FileLoader::getResource@73
                      ; - jdk.internal.loader.URLClassPath::getResource@53
                      ; - java.net.URLClassLoader$1::run@26
                      ; - java.net.URLClassLoader$1::run@1
                      ; - java.security.AccessController::executePrivileged@29
                      ; - java.security.AccessController::doPrivileged@13
                      ; - java.net.URLClassLoader::findClass@13
  0x00000205c58a2640: 3c1d 84ff 

  0x00000205c58a2644: ;   {other}
  0x00000205c58a2644: 0f1f 8400 | b479 00b1 | baf6 ffff | ff4c 8b94 | 24b0 0000 | 004c 8954 | 2420 4c8b | 5424 404c 
  0x00000205c58a2664: 8954 2428 | 4c8b 5424 | 504c 8954 | 2440 6690 

  0x00000205c58a2674: ;   {runtime_call UncommonTrapBlob}
  0x00000205c58a2674: c5f8 77e8 

  0x00000205c58a2678: ; ImmutableOopMap {rbp=NarrowOop [32]=Oop [40]=Oop [48]=NarrowOop [64]=Oop [88]=Oop [96]=Oop [104]=Oop [184]=Oop }
                      ;*invokevirtual startsWith {reexecute=0 rethrow=0 return_oop=0}
                      ; - jdk.internal.loader.URLClassPath$FileLoader::getResource@93
                      ; - jdk.internal.loader.URLClassPath::getResource@53
                      ; - java.net.URLClassLoader$1::run@26
                      ; - java.net.URLClassLoader$1::run@1
                      ; - java.security.AccessController::executePrivileged@29
                      ; - java.security.AccessController::doPrivileged@13
                      ; - java.net.URLClassLoader::findClass@13
  0x00000205c58a2678: 041d 84ff 

  0x00000205c58a267c: ;   {other}
  0x00000205c58a267c: 0f1f 8400 | ec79 00b2 | baf6 ffff | ff4c 8b54 | 2440 4c89 | 5424 2044 | 8b54 2430 | 4489 5424 
  0x00000205c58a269c: 284c 8b54 | 2450 4c89 | 5424 384c | 8b54 2458 | 4c89 5424 | 504c 8b54 | 2460 4c89 | 5424 5890 
  0x00000205c58a26bc: ;   {runtime_call UncommonTrapBlob}
  0x00000205c58a26bc: c5f8 77e8 

  0x00000205c58a26c0: ; ImmutableOopMap {rbp=Oop [32]=Oop [40]=NarrowOop [56]=Oop [80]=Oop [88]=Oop [104]=Oop [184]=Oop }
                      ;*invokevirtual isEmpty {reexecute=0 rethrow=0 return_oop=0}
                      ; - java.io.File::<init>@29
                      ; - jdk.internal.loader.URLClassPath$FileLoader::getResource@73
                      ; - jdk.internal.loader.URLClassPath::getResource@53
                      ; - java.net.URLClassLoader$1::run@26
                      ; - java.net.URLClassLoader$1::run@1
                      ; - java.security.AccessController::executePrivileged@29
                      ; - java.security.AccessController::doPrivileged@13
                      ; - java.net.URLClassLoader::findClass@13
  0x00000205c58a26c0: bc1c 84ff 

  0x00000205c58a26c4: ;   {other}
  0x00000205c58a26c4: 0f1f 8400 | 347a 00b3 | 498b d7c5 | f877 49ba | 20a4 a527 | f97f 0000 

  0x00000205c58a26dc: ;   {other}
  0x00000205c58a26dc: 41ff d20f | 1f84 0000 | 0000 00e9 | 7cb9 ffff | 498b d7c5 | f877 49ba | 20a4 a527 | f97f 0000 
  0x00000205c58a26fc: ;   {other}
  0x00000205c58a26fc: 41ff d20f | 1f84 0000 | 0000 00e9 | 42ba ffff 

  0x00000205c58a270c: ;   {metadata('java/util/jar/JarVerifier')}
  0x00000205c58a270c: 48ba 789e | 16d1 0502 | 0000 6690 

  0x00000205c58a2718: ;   {runtime_call _new_instance_Java}
  0x00000205c58a2718: c5f8 77e8 

  0x00000205c58a271c: ; ImmutableOopMap {rbp=Oop [32]=NarrowOop [48]=Oop [64]=Oop [72]=Oop [88]=Oop [96]=Oop [112]=Oop [120]=Oop [128]=Oop [136]=NarrowOop [176]=Oop [184]=Oop [200]=Oop }
                      ;*new {reexecute=0 rethrow=0 return_oop=1}
                      ; - java.util.jar.JarFile::getManifestFromReference@69
                      ; - java.util.jar.JarFile::getManifest@1
                      ; - jdk.internal.loader.URLClassPath$JarLoader$2::getManifest@22
                      ; - java.net.URLClassLoader::defineClass@34
                      ; - java.net.URLClassLoader$1::run@43
                      ; - java.net.URLClassLoader$1::run@1
                      ; - java.security.AccessController::executePrivileged@29
                      ; - java.security.AccessController::doPrivileged@13
                      ; - java.net.URLClassLoader::findClass@13
  0x00000205c58a271c: 6016 88ff 

  0x00000205c58a2720: ;   {other}
  0x00000205c58a2720: 0f1f 8400 | 907a 00b4 | e964 caff 

  0x00000205c58a272c: ;   {metadata('java/util/Hashtable')}
  0x00000205c58a272c: ff48 bab8 | d300 d105 | 0200 0090 

  0x00000205c58a2738: ;   {runtime_call _new_instance_Java}
  0x00000205c58a2738: c5f8 77e8 

  0x00000205c58a273c: ; ImmutableOopMap {rbp=Oop [32]=NarrowOop [48]=Oop [64]=Oop [72]=Oop [88]=Oop [96]=Oop [120]=Oop [128]=Oop [136]=NarrowOop [144]=Oop [176]=Oop [184]=Oop [200]=Oop }
                      ;*new {reexecute=0 rethrow=0 return_oop=1}
                      ; - java.util.jar.JarVerifier::<init>@35
                      ; - java.util.jar.JarFile::getManifestFromReference@78
                      ; - java.util.jar.JarFile::getManifest@1
                      ; - jdk.internal.loader.URLClassPath$JarLoader$2::getManifest@22
                      ; - java.net.URLClassLoader::defineClass@34
                      ; - java.net.URLClassLoader$1::run@43
                      ; - java.net.URLClassLoader$1::run@1
                      ; - java.security.AccessController::executePrivileged@29
                      ; - java.security.AccessController::doPrivileged@13
                      ; - java.net.URLClassLoader::findClass@13
  0x00000205c58a273c: 4016 88ff 

  0x00000205c58a2740: ;   {other}
  0x00000205c58a2740: 0f1f 8400 | b07a 00b5 | e960 cbff 

  0x00000205c58a274c: ;   {metadata('java/util/Hashtable')}
  0x00000205c58a274c: ff48 bab8 | d300 d105 | 0200 0048 | 8b6c 2438 

  0x00000205c58a275c: ;   {runtime_call _new_instance_Java}
  0x00000205c58a275c: c5f8 77e8 

  0x00000205c58a2760: ; ImmutableOopMap {rbp=Oop [32]=NarrowOop [48]=Oop [64]=Oop [72]=Oop [88]=Oop [96]=Oop [120]=Oop [128]=Oop [136]=NarrowOop [144]=Oop [176]=Oop [184]=Oop [200]=Oop }
                      ;*new {reexecute=0 rethrow=0 return_oop=1}
                      ; - java.util.jar.JarVerifier::<init>@46
                      ; - java.util.jar.JarFile::getManifestFromReference@78
                      ; - java.util.jar.JarFile::getManifest@1
                      ; - jdk.internal.loader.URLClassPath$JarLoader$2::getManifest@22
                      ; - java.net.URLClassLoader::defineClass@34
                      ; - java.net.URLClassLoader$1::run@43
                      ; - java.net.URLClassLoader$1::run@1
                      ; - java.security.AccessController::executePrivileged@29
                      ; - java.security.AccessController::doPrivileged@13
                      ; - java.net.URLClassLoader::findClass@13
  0x00000205c58a2760: 1c16 88ff 

  0x00000205c58a2764: ;   {other}
  0x00000205c58a2764: 0f1f 8400 | d47a 00b6 | e9c6 ccff 

  0x00000205c58a2770: ;   {metadata('java/util/Hashtable$Entry'[])}
  0x00000205c58a2770: ff48 baa8 | 7f13 d105 | 0200 0041 | b80b 0000 | 0066 6690 

  0x00000205c58a2784: ;   {runtime_call _new_array_Java}
  0x00000205c58a2784: c5f8 77e8 

  0x00000205c58a2788: ; ImmutableOopMap {rbp=Oop [32]=NarrowOop [48]=Oop [56]=Oop [64]=Oop [72]=Oop [88]=Oop [96]=Oop [120]=Oop [128]=Oop [136]=NarrowOop [144]=Oop [176]=Oop [184]=Oop [200]=Oop }
                      ;*anewarray {reexecute=0 rethrow=0 return_oop=1}
                      ; - java.util.Hashtable::<init>@93
                      ; - java.util.Hashtable::<init>@5
                      ; - java.util.jar.JarVerifier::<init>@39
                      ; - java.util.jar.JarFile::getManifestFromReference@78
                      ; - java.util.jar.JarFile::getManifest@1
                      ; - jdk.internal.loader.URLClassPath$JarLoader$2::getManifest@22
                      ; - java.net.URLClassLoader::defineClass@34
                      ; - java.net.URLClassLoader$1::run@43
                      ; - java.net.URLClassLoader$1::run@1
                      ; - java.security.AccessController::executePrivileged@29
                      ; - java.security.AccessController::doPrivileged@13
                      ; - java.net.URLClassLoader::findClass@13
  0x00000205c58a2788: f412 88ff 

  0x00000205c58a278c: ;   {other}
  0x00000205c58a278c: 0f1f 8400 | fc7a 00b7 | 4c8b d0e9 | bccb ffff 

  0x00000205c58a279c: ;   {metadata('java/util/Hashtable$Entry'[])}
  0x00000205c58a279c: 48ba a87f | 13d1 0502 | 0000 41b8 | 0b00 0000 

  0x00000205c58a27ac: ;   {runtime_call _new_array_Java}
  0x00000205c58a27ac: c5f8 77e8 

  0x00000205c58a27b0: ; ImmutableOopMap {rbp=Oop [32]=NarrowOop [48]=Oop [56]=Oop [64]=Oop [72]=Oop [88]=Oop [96]=Oop [120]=Oop [128]=Oop [136]=NarrowOop [144]=Oop [176]=Oop [184]=Oop [200]=Oop }
                      ;*anewarray {reexecute=0 rethrow=0 return_oop=1}
                      ; - java.util.Hashtable::<init>@93
                      ; - java.util.Hashtable::<init>@5
                      ; - java.util.jar.JarVerifier::<init>@50
                      ; - java.util.jar.JarFile::getManifestFromReference@78
                      ; - java.util.jar.JarFile::getManifest@1
                      ; - jdk.internal.loader.URLClassPath$JarLoader$2::getManifest@22
                      ; - java.net.URLClassLoader::defineClass@34
                      ; - java.net.URLClassLoader$1::run@43
                      ; - java.net.URLClassLoader$1::run@1
                      ; - java.security.AccessController::executePrivileged@29
                      ; - java.security.AccessController::doPrivileged@13
                      ; - java.net.URLClassLoader::findClass@13
  0x00000205c58a27b0: cc12 88ff 

  0x00000205c58a27b4: ;   {other}
  0x00000205c58a27b4: 0f1f 8400 | 247b 00b8 | 4c8b d0e9 | 1ccd ffff 

  0x00000205c58a27c4: ;   {metadata('java/util/Hashtable')}
  0x00000205c58a27c4: 48ba b8d3 | 00d1 0502 | 0000 488b | 6c24 3890 

  0x00000205c58a27d4: ;   {runtime_call _new_instance_Java}
  0x00000205c58a27d4: c5f8 77e8 

  0x00000205c58a27d8: ; ImmutableOopMap {rbp=Oop [32]=NarrowOop [48]=Oop [64]=Oop [72]=Oop [88]=Oop [96]=Oop [120]=Oop [128]=Oop [136]=NarrowOop [144]=Oop [176]=Oop [184]=Oop [200]=Oop }
                      ;*new {reexecute=0 rethrow=0 return_oop=1}
                      ; - java.util.jar.JarVerifier::<init>@57
                      ; - java.util.jar.JarFile::getManifestFromReference@78
                      ; - java.util.jar.JarFile::getManifest@1
                      ; - jdk.internal.loader.URLClassPath$JarLoader$2::getManifest@22
                      ; - java.net.URLClassLoader::defineClass@34
                      ; - java.net.URLClassLoader$1::run@43
                      ; - java.net.URLClassLoader$1::run@1
                      ; - java.security.AccessController::executePrivileged@29
                      ; - java.security.AccessController::doPrivileged@13
                      ; - java.net.URLClassLoader::findClass@13
  0x00000205c58a27d8: a415 88ff 

  0x00000205c58a27dc: ;   {other}
  0x00000205c58a27dc: 0f1f 8400 | 4c7b 00b9 | e9d6 cdff 

  0x00000205c58a27e8: ;   {metadata('java/util/HashMap')}
  0x00000205c58a27e8: ff48 ba68 | a908 d105 | 0200 0048 | 8bac 24b0 | 0000 0090 

  0x00000205c58a27fc: ;   {runtime_call _new_instance_Java}
  0x00000205c58a27fc: c5f8 77e8 

  0x00000205c58a2800: ; ImmutableOopMap {rbp=Oop [32]=NarrowOop [44]=NarrowOop [48]=Oop [64]=Oop [72]=Oop [88]=Oop [96]=Oop [120]=Oop [128]=Oop [136]=NarrowOop [144]=Oop [176]=Oop [184]=Oop [200]=Oop }
                      ;*new {reexecute=0 rethrow=0 return_oop=1}
                      ; - java.util.jar.JarVerifier::<init>@103
                      ; - java.util.jar.JarFile::getManifestFromReference@78
                      ; - java.util.jar.JarFile::getManifest@1
                      ; - jdk.internal.loader.URLClassPath$JarLoader$2::getManifest@22
                      ; - java.net.URLClassLoader::defineClass@34
                      ; - java.net.URLClassLoader$1::run@43
                      ; - java.net.URLClassLoader$1::run@1
                      ; - java.security.AccessController::executePrivileged@29
                      ; - java.security.AccessController::doPrivileged@13
                      ; - java.net.URLClassLoader::findClass@13
  0x00000205c58a2800: 7c15 88ff 

  0x00000205c58a2804: ;   {other}
  0x00000205c58a2804: 0f1f 8400 | 747b 00ba | 4c8b d0e9 | 8dd1 ffff 

  0x00000205c58a2814: ;   {metadata('java/util/ArrayList')}
  0x00000205c58a2814: 48ba d089 | 0bd1 0502 | 0000 488b | ac24 b000 | 0000 6690 

  0x00000205c58a2828: ;   {runtime_call _new_instance_Java}
  0x00000205c58a2828: c5f8 77e8 

  0x00000205c58a282c: ; ImmutableOopMap {rbp=Oop [32]=NarrowOop [44]=NarrowOop [48]=Oop [64]=Oop [72]=Oop [88]=Oop [96]=Oop [120]=Oop [128]=Oop [136]=NarrowOop [144]=Oop [176]=Oop [184]=Oop [200]=Oop }
                      ;*new {reexecute=0 rethrow=0 return_oop=1}
                      ; - java.util.jar.JarVerifier::<init>@92
                      ; - java.util.jar.JarFile::getManifestFromReference@78
                      ; - java.util.jar.JarFile::getManifest@1
                      ; - jdk.internal.loader.URLClassPath$JarLoader$2::getManifest@22
                      ; - java.net.URLClassLoader::defineClass@34
                      ; - java.net.URLClassLoader$1::run@43
                      ; - java.net.URLClassLoader$1::run@1
                      ; - java.security.AccessController::executePrivileged@29
                      ; - java.security.AccessController::doPrivileged@13
                      ; - java.net.URLClassLoader::findClass@13
  0x00000205c58a282c: 5015 88ff 

  0x00000205c58a2830: ;   {other}
  0x00000205c58a2830: 0f1f 8400 | a07b 00bb | 4c8b d0e9 | c7d0 ffff 

  0x00000205c58a2840: ;   {metadata('java/util/ArrayList')}
  0x00000205c58a2840: 48ba d089 | 0bd1 0502 | 0000 488b | 6c24 3890 

  0x00000205c58a2850: ;   {runtime_call _new_instance_Java}
  0x00000205c58a2850: c5f8 77e8 

  0x00000205c58a2854: ; ImmutableOopMap {rbp=Oop [32]=NarrowOop [44]=NarrowOop [48]=Oop [64]=Oop [72]=Oop [88]=Oop [96]=Oop [120]=Oop [128]=Oop [136]=NarrowOop [144]=Oop [176]=Oop [184]=Oop [200]=Oop }
                      ;*new {reexecute=0 rethrow=0 return_oop=1}
                      ; - java.util.jar.JarVerifier::<init>@70
                      ; - java.util.jar.JarFile::getManifestFromReference@78
                      ; - java.util.jar.JarFile::getManifest@1
                      ; - jdk.internal.loader.URLClassPath$JarLoader$2::getManifest@22
                      ; - java.net.URLClassLoader::defineClass@34
                      ; - java.net.URLClassLoader$1::run@43
                      ; - java.net.URLClassLoader$1::run@1
                      ; - java.security.AccessController::executePrivileged@29
                      ; - java.security.AccessController::doPrivileged@13
                      ; - java.net.URLClassLoader::findClass@13
  0x00000205c58a2854: 2815 88ff 

  0x00000205c58a2858: ;   {other}
  0x00000205c58a2858: 0f1f 8400 | c87b 00bc | 4c8b d0e9 | e1ce ffff | 41b8 2000 

  0x00000205c58a286c: ;   {metadata({type array byte})}
  0x00000205c58a286c: 0000 48ba | 1823 00d1 | 0502 0000 | 4c8b 9424 | b000 0000 | 4c89 5424 | 3866 6690 

  0x00000205c58a2888: ;   {runtime_call _new_array_Java}
  0x00000205c58a2888: c5f8 77e8 

  0x00000205c58a288c: ; ImmutableOopMap {rbp=Oop [32]=NarrowOop [44]=NarrowOop [48]=Oop [56]=Oop [64]=Oop [72]=Oop [88]=Oop [96]=Oop [120]=Oop [128]=Oop [136]=NarrowOop [144]=Oop [176]=Oop [184]=Oop [200]=Oop }
                      ;*newarray {reexecute=0 rethrow=0 return_oop=1}
                      ; - java.io.ByteArrayOutputStream::<init>@37
                      ; - java.io.ByteArrayOutputStream::<init>@3
                      ; - java.util.jar.JarVerifier::<init>@85
                      ; - java.util.jar.JarFile::getManifestFromReference@78
                      ; - java.util.jar.JarFile::getManifest@1
                      ; - jdk.internal.loader.URLClassPath$JarLoader$2::getManifest@22
                      ; - java.net.URLClassLoader::defineClass@34
                      ; - java.net.URLClassLoader$1::run@43
                      ; - java.net.URLClassLoader$1::run@1
                      ; - java.security.AccessController::executePrivileged@29
                      ; - java.security.AccessController::doPrivileged@13
                      ; - java.net.URLClassLoader::findClass@13
  0x00000205c58a288c: f011 88ff 

  0x00000205c58a2890: ;   {other}
  0x00000205c58a2890: 0f1f 8400 | 007c 00bd | e9a8 cfff 

  0x00000205c58a289c: ;   {metadata('java/io/ByteArrayOutputStream')}
  0x00000205c58a289c: ff48 baa0 | 0022 d105 | 0200 0048 | 8bac 24b0 | 0000 0090 

  0x00000205c58a28b0: ;   {runtime_call _new_instance_Java}
  0x00000205c58a28b0: c5f8 77e8 

  0x00000205c58a28b4: ; ImmutableOopMap {rbp=Oop [32]=NarrowOop [44]=NarrowOop [48]=Oop [64]=Oop [72]=Oop [88]=Oop [96]=Oop [120]=Oop [128]=Oop [136]=NarrowOop [144]=Oop [176]=Oop [184]=Oop [200]=Oop }
                      ;*new {reexecute=0 rethrow=0 return_oop=1}
                      ; - java.util.jar.JarVerifier::<init>@81
                      ; - java.util.jar.JarFile::getManifestFromReference@78
                      ; - java.util.jar.JarFile::getManifest@1
                      ; - jdk.internal.loader.URLClassPath$JarLoader$2::getManifest@22
                      ; - java.net.URLClassLoader::defineClass@34
                      ; - java.net.URLClassLoader$1::run@43
                      ; - java.net.URLClassLoader$1::run@1
                      ; - java.security.AccessController::executePrivileged@29
                      ; - java.security.AccessController::doPrivileged@13
                      ; - java.net.URLClassLoader::findClass@13
  0x00000205c58a28b4: c814 88ff 

  0x00000205c58a28b8: ;   {other}
  0x00000205c58a28b8: 0f1f 8400 | 287c 00be | 4c8b d0e9 | 13cf ffff 

  0x00000205c58a28c8: ;   {metadata('java/util/Hashtable$Entry'[])}
  0x00000205c58a28c8: 48ba a87f | 13d1 0502 | 0000 41b8 | 0b00 0000 

  0x00000205c58a28d8: ;   {runtime_call _new_array_Java}
  0x00000205c58a28d8: c5f8 77e8 

  0x00000205c58a28dc: ; ImmutableOopMap {rbp=Oop [32]=NarrowOop [48]=Oop [56]=Oop [64]=Oop [72]=Oop [88]=Oop [96]=Oop [120]=Oop [128]=Oop [136]=NarrowOop [144]=Oop [176]=Oop [184]=Oop [200]=Oop }
                      ;*anewarray {reexecute=0 rethrow=0 return_oop=1}
                      ; - java.util.Hashtable::<init>@93
                      ; - java.util.Hashtable::<init>@4
                      ; - java.util.jar.JarVerifier::<init>@63
                      ; - java.util.jar.JarFile::getManifestFromReference@78
                      ; - java.util.jar.JarFile::getManifest@1
                      ; - jdk.internal.loader.URLClassPath$JarLoader$2::getManifest@22
                      ; - java.net.URLClassLoader::defineClass@34
                      ; - java.net.URLClassLoader$1::run@43
                      ; - java.net.URLClassLoader$1::run@1
                      ; - java.security.AccessController::executePrivileged@29
                      ; - java.security.AccessController::doPrivileged@13
                      ; - java.net.URLClassLoader::findClass@13
  0x00000205c58a28dc: a011 88ff 

  0x00000205c58a28e0: ;   {other}
  0x00000205c58a28e0: 0f1f 8400 | 507c 00bf | 4c8b d0e9 | 78cd ffff | bac6 ffff | ff4c 8b54 | 2440 4c89 | 5424 204c 
  0x00000205c58a2900: 8b94 24b8 | 0000 004c | 8954 2430 | 4c89 4424 | 384c 895c | 2440 4c8b | 5424 504c | 8954 2448 
  0x00000205c58a2920: 894c 2450 | 4c89 5c24 | 584c 8944 | 2460 6690 

  0x00000205c58a2930: ;   {runtime_call UncommonTrapBlob}
  0x00000205c58a2930: c5f8 77e8 

  0x00000205c58a2934: ; ImmutableOopMap {[32]=Oop [48]=Oop [56]=Oop [64]=Oop [88]=Oop [96]=Oop }
                      ;*invokevirtual getCodeSourceURL {reexecute=0 rethrow=0 return_oop=0}
                      ; - java.net.URLClassLoader::defineClass@13
                      ; - java.net.URLClassLoader$1::run@43
                      ; - java.net.URLClassLoader$1::run@1
                      ; - java.security.AccessController::executePrivileged@29
                      ; - java.security.AccessController::doPrivileged@13
                      ; - java.net.URLClassLoader::findClass@13
  0x00000205c58a2934: 481a 84ff 

  0x00000205c58a2938: ;   {other}
  0x00000205c58a2938: 0f1f 8400 | a87c 00c0 | 4c89 5c24 

  0x00000205c58a2944: ;   {metadata('java/lang/InternalError')}
  0x00000205c58a2944: 3848 ba38 | 0701 d105 | 0200 0048 | 8bac 24b0 | 0000 0090 

  0x00000205c58a2958: ;   {runtime_call _new_instance_Java}
  0x00000205c58a2958: c5f8 77e8 

  0x00000205c58a295c: ; ImmutableOopMap {rbp=Oop [48]=NarrowOop [56]=Oop [64]=Oop [80]=Oop [176]=Oop [184]=Oop }
                      ;*new {reexecute=0 rethrow=0 return_oop=1}
                      ; - jdk.internal.loader.URLClassPath$JarLoader::getResource@8
                      ; - jdk.internal.loader.URLClassPath::getResource@53
                      ; - java.net.URLClassLoader$1::run@26
                      ; - java.net.URLClassLoader$1::run@1
                      ; - java.security.AccessController::executePrivileged@29
                      ; - java.security.AccessController::doPrivileged@13
                      ; - java.net.URLClassLoader::findClass@13
  0x00000205c58a295c: 2014 88ff 

  0x00000205c58a2960: ;   {other}
  0x00000205c58a2960: 0f1f 8400 | d07c 00c1 | e9f0 f2ff | ff49 8bd7 | c5f8 7749 | ba20 a4a5 | 27f9 7f00 | 0041 ffd2 
  0x00000205c58a2980: ;   {other}
  0x00000205c58a2980: 0f1f 8400 | 0000 0000 | e905 bbff | ff49 8bd7 | c5f8 7749 | ba20 a4a5 | 27f9 7f00 | 0041 ffd2 
  0x00000205c58a29a0: ;   {other}
  0x00000205c58a29a0: 0f1f 8400 | 0000 0000 | e9cb bbff | ff49 8bd7 | c5f8 7749 | ba20 a4a5 | 27f9 7f00 | 0041 ffd2 
  0x00000205c58a29c0: ;   {other}
  0x00000205c58a29c0: 0f1f 8400 | 0000 0000 | e915 bbff | ff49 8bd7 | c5f8 7749 | ba20 a4a5 | 27f9 7f00 | 0041 ffd2 
  0x00000205c58a29e0: ;   {other}
  0x00000205c58a29e0: 0f1f 8400 | 0000 0000 | e90a bcff | ffba 3800 | 0000 4c8b | 5424 404c | 8954 2420 | 448b 5424 
  0x00000205c58a2a00: 3044 8954 | 2428 4c8b | 5424 504c | 8954 2438 | 4c8b 5424 | 584c 8954 | 2450 4c8b | 5424 604c 
  0x00000205c58a2a20: 8954 2458 

  0x00000205c58a2a24: ;   {runtime_call UncommonTrapBlob}
  0x00000205c58a2a24: c5f8 77e8 

  0x00000205c58a2a28: ; ImmutableOopMap {rbp=Oop [32]=Oop [40]=NarrowOop [56]=Oop [80]=Oop [88]=Oop [104]=Oop [184]=Oop }
                      ;*new {reexecute=0 rethrow=0 return_oop=0}
                      ; - java.io.File::<init>@13
                      ; - jdk.internal.loader.URLClassPath$FileLoader::getResource@118
                      ; - jdk.internal.loader.URLClassPath::getResource@53
                      ; - java.net.URLClassLoader$1::run@26
                      ; - java.net.URLClassLoader$1::run@1
                      ; - java.security.AccessController::executePrivileged@29
                      ; - java.security.AccessController::doPrivileged@13
                      ; - java.net.URLClassLoader::findClass@13
  0x00000205c58a2a28: 5419 84ff 

  0x00000205c58a2a2c: ;   {other}
  0x00000205c58a2a2c: 0f1f 8400 | 9c7d 00c2 

  0x00000205c58a2a34: ;   {metadata('java/security/PrivilegedActionException')}
  0x00000205c58a2a34: 498b eb48 | ba00 af04 | d205 0200 | 004c 8b94 | 24b0 0000 | 004c 8954 | 2420 6690 

  0x00000205c58a2a50: ;   {runtime_call _new_instance_Java}
  0x00000205c58a2a50: c5f8 77e8 

  0x00000205c58a2a54: ; ImmutableOopMap {rbp=Oop [32]=Oop [48]=NarrowOop [56]=Oop [64]=Oop [80]=Oop [176]=Oop [184]=Oop }
                      ;*new {reexecute=0 rethrow=0 return_oop=1}
                      ; - java.security.AccessController::wrapException@0
                      ; - java.security.AccessController::doPrivileged@22
                      ; - jdk.internal.loader.URLClassPath$JarLoader::ensureOpen@19
                      ; - jdk.internal.loader.URLClassPath$JarLoader::getResource@1
                      ; - jdk.internal.loader.URLClassPath::getResource@53
                      ; - java.net.URLClassLoader$1::run@26
                      ; - java.net.URLClassLoader$1::run@1
                      ; - java.security.AccessController::executePrivileged@29
                      ; - java.security.AccessController::doPrivileged@13
                      ; - java.net.URLClassLoader::findClass@13
  0x00000205c58a2a54: 2813 88ff 

  0x00000205c58a2a58: ;   {other}
  0x00000205c58a2a58: 0f1f 8400 | c87d 00c3 | e94e f1ff | ffba ceff | ffff 488b | ac24 b000 | 0000 4c8b | 5c24 284c 
  0x00000205c58a2a78: 895c 2420 | 4c8b 5c24 | 304c 895c | 2428 4c89 | 5424 5090 

  0x00000205c58a2a8c: ;   {runtime_call UncommonTrapBlob}
  0x00000205c58a2a8c: c5f8 77e8 

  0x00000205c58a2a90: ; ImmutableOopMap {rbp=Oop [32]=Oop [40]=Oop [56]=Oop [80]=Oop }
                      ;*invokestatic inflate {reexecute=0 rethrow=0 return_oop=0}
                      ; - java.lang.String::getBytes@40
                      ; - java.lang.StringConcatHelper::prepend@21
                      ; - java.lang.StringConcatHelper::simpleConcat@81
                      ; - java.lang.String::concat@11
                      ; - java.net.URLClassLoader$1::run@13
                      ; - java.net.URLClassLoader$1::run@1
                      ; - java.security.AccessController::executePrivileged@29
                      ; - java.security.AccessController::doPrivileged@13
                      ; - java.net.URLClassLoader::findClass@13
  0x00000205c58a2a90: ec18 84ff 

  0x00000205c58a2a94: ;   {other}
  0x00000205c58a2a94: 0f1f 8400 | 047e 00c4 | baf6 ffff | ff4c 8b54 | 2440 4c89 | 5424 2044 | 8b5c 2430 | 4489 5c24 
  0x00000205c58a2ab4: 284c 8b54 | 2450 4c89 | 5424 384c | 8b54 2458 | 4c89 5424 | 504c 8b54 | 2460 4c89 | 5424 5890 
  0x00000205c58a2ad4: ;   {runtime_call UncommonTrapBlob}
  0x00000205c58a2ad4: c5f8 77e8 

  0x00000205c58a2ad8: ; ImmutableOopMap {rbp=Oop [32]=Oop [40]=NarrowOop [56]=Oop [80]=Oop [88]=Oop [104]=Oop [184]=Oop }
                      ;*invokevirtual isEmpty {reexecute=0 rethrow=0 return_oop=0}
                      ; - java.io.File::<init>@29
                      ; - jdk.internal.loader.URLClassPath$FileLoader::getResource@118
                      ; - jdk.internal.loader.URLClassPath::getResource@53
                      ; - java.net.URLClassLoader$1::run@26
                      ; - java.net.URLClassLoader$1::run@1
                      ; - java.security.AccessController::executePrivileged@29
                      ; - java.security.AccessController::doPrivileged@13
                      ; - java.net.URLClassLoader::findClass@13
  0x00000205c58a2ad8: a418 84ff 

  0x00000205c58a2adc: ;   {other}
  0x00000205c58a2adc: 0f1f 8400 | 4c7e 00c5 | 498b d7c5 | f877 49ba | 20a4 a527 | f97f 0000 

  0x00000205c58a2af4: ;   {other}
  0x00000205c58a2af4: 41ff d20f | 1f84 0000 | 0000 00e9 | e4be ffff | bade ffff | ff48 8be8 

  0x00000205c58a2b0c: ;   {runtime_call UncommonTrapBlob}
  0x00000205c58a2b0c: c5f8 77e8 

  0x00000205c58a2b10: ; ImmutableOopMap {rbp=Oop }
                      ;*checkcast {reexecute=0 rethrow=0 return_oop=0}
                      ; - java.net.URLClassLoader::findClass@28
  0x00000205c58a2b10: 6c18 84ff 

  0x00000205c58a2b14: ;   {other}
  0x00000205c58a2b14: 0f1f 8400 | 847e 00c6 | 498b d7c5 | f877 49ba | 20a4 a527 | f97f 0000 

  0x00000205c58a2b2c: ;   {other}
  0x00000205c58a2b2c: 41ff d20f | 1f84 0000 | 0000 00e9 | 16c1 ffff | 498b d7c5 | f877 49ba | 20a4 a527 | f97f 0000 
  0x00000205c58a2b4c: ;   {other}
  0x00000205c58a2b4c: 41ff d20f | 1f84 0000 | 0000 00e9 | 36c2 ffff | 498b d7c5 | f877 49ba | 20a4 a527 | f97f 0000 
  0x00000205c58a2b6c: ;   {other}
  0x00000205c58a2b6c: 41ff d20f | 1f84 0000 | 0000 00e9 | 56bf ffff | 498b d7c5 | f877 49ba | 20a4 a527 | f97f 0000 
  0x00000205c58a2b8c: ;   {other}
  0x00000205c58a2b8c: 41ff d20f | 1f84 0000 | 0000 00e9 | 12d0 ffff | 498b d7c5 | f877 49ba | 20a4 a527 | f97f 0000 
  0x00000205c58a2bac: ;   {other}
  0x00000205c58a2bac: 41ff d20f | 1f84 0000 | 0000 00e9 | 4ed1 ffff | bade ffff | ff4c 8b54 | 2440 4c89 | 5424 204c 
  0x00000205c58a2bcc: 8b54 2448 | 4c89 5424 | 284c 8b54 | 2460 4c89 | 5424 304c | 8b54 2458 | 4c89 5424 | 404c 8b54 
  0x00000205c58a2bec: 2450 4c89 | 5424 4844 | 8b9c 2488 | 0000 0044 | 895c 2450 

  0x00000205c58a2c00: ;   {runtime_call UncommonTrapBlob}
  0x00000205c58a2c00: c5f8 77e8 

  0x00000205c58a2c04: ; ImmutableOopMap {rbp=Oop [32]=Oop [40]=Oop [48]=Oop [64]=Oop [80]=NarrowOop [112]=Oop [120]=Oop [128]=Oop [144]=Oop [200]=Oop }
                      ;*invokevirtual getName {reexecute=0 rethrow=0 return_oop=0}
                      ; - java.util.jar.JarFile::getManifestFromReference@74
                      ; - java.util.jar.JarFile::getManifest@1
                      ; - jdk.internal.loader.URLClassPath$JarLoader$2::getManifest@22
                      ; - java.net.URLClassLoader::defineClass@34
                      ; - java.net.URLClassLoader$1::run@43
                      ; - java.net.URLClassLoader$1::run@1
                      ; - java.security.AccessController::executePrivileged@29
                      ; - java.security.AccessController::doPrivileged@13
                      ; - java.net.URLClassLoader::findClass@13
  0x00000205c58a2c04: 7817 84ff 

  0x00000205c58a2c08: ;   {other}
  0x00000205c58a2c08: 0f1f 8400 | 787f 00c7 | ba0f 0000 | 004c 8b54 | 2438 4c89 | 5424 204c | 8b54 2440 | 4c89 5424 
  0x00000205c58a2c28: 284c 8b54 | 2448 4c89 | 5424 304c | 8b54 2460 | 4c89 5424 | 384c 8b54 | 2458 4c89 | 5424 4844 
  0x00000205c58a2c48: 8b9c 2488 | 0000 0044 | 895c 2458 

  0x00000205c58a2c54: ;   {runtime_call UncommonTrapBlob}
  0x00000205c58a2c54: c5f8 77e8 

  0x00000205c58a2c58: ; ImmutableOopMap {rbp=Oop [32]=Oop [40]=Oop [48]=Oop [56]=Oop [72]=Oop [88]=NarrowOop [120]=Oop [128]=Oop [144]=Oop [200]=Oop }
                      ;*new {reexecute=0 rethrow=0 return_oop=0}
                      ; - java.util.Hashtable::<init>@53
                      ; - java.util.Hashtable::<init>@5
                      ; - java.util.jar.JarVerifier::<init>@39
                      ; - java.util.jar.JarFile::getManifestFromReference@78
                      ; - java.util.jar.JarFile::getManifest@1
                      ; - jdk.internal.loader.URLClassPath$JarLoader$2::getManifest@22
                      ; - java.net.URLClassLoader::defineClass@34
                      ; - java.net.URLClassLoader$1::run@43
                      ; - java.net.URLClassLoader$1::run@1
                      ; - java.security.AccessController::executePrivileged@29
                      ; - java.security.AccessController::doPrivileged@13
                      ; - java.net.URLClassLoader::findClass@13
  0x00000205c58a2c58: 2417 84ff 

  0x00000205c58a2c5c: ;   {other}
  0x00000205c58a2c5c: 0f1f 8400 | cc7f 00c8 | ba0f 0000 | 004c 8b54 | 2438 4c89 | 5424 204c | 8b54 2440 | 4c89 5424 
  0x00000205c58a2c7c: 284c 8b54 | 2448 4c89 | 5424 304c | 8b54 2460 | 4c89 5424 | 384c 8b54 | 2458 4c89 | 5424 4844 
  0x00000205c58a2c9c: 8b9c 2488 | 0000 0044 | 895c 2458 

  0x00000205c58a2ca8: ;   {runtime_call UncommonTrapBlob}
  0x00000205c58a2ca8: c5f8 77e8 

  0x00000205c58a2cac: ; ImmutableOopMap {rbp=Oop [32]=Oop [40]=Oop [48]=Oop [56]=Oop [72]=Oop [88]=NarrowOop [120]=Oop [128]=Oop [144]=Oop [200]=Oop }
                      ;*new {reexecute=0 rethrow=0 return_oop=0}
                      ; - java.util.Hashtable::<init>@53
                      ; - java.util.Hashtable::<init>@5
                      ; - java.util.jar.JarVerifier::<init>@50
                      ; - java.util.jar.JarFile::getManifestFromReference@78
                      ; - java.util.jar.JarFile::getManifest@1
                      ; - jdk.internal.loader.URLClassPath$JarLoader$2::getManifest@22
                      ; - java.net.URLClassLoader::defineClass@34
                      ; - java.net.URLClassLoader$1::run@43
                      ; - java.net.URLClassLoader$1::run@1
                      ; - java.security.AccessController::executePrivileged@29
                      ; - java.security.AccessController::doPrivileged@13
                      ; - java.net.URLClassLoader::findClass@13
  0x00000205c58a2cac: d016 84ff 

  0x00000205c58a2cb0: ;   {other}
  0x00000205c58a2cb0: 0f1f 8400 | 2080 00c9 | ba0f 0000 | 004c 8b54 | 2438 4c89 | 5424 204c | 8b54 2440 | 4c89 5424 
  0x00000205c58a2cd0: 284c 8b54 | 2448 4c89 | 5424 304c | 8b54 2460 | 4c89 5424 | 384c 8b54 | 2458 4c89 | 5424 4844 
  0x00000205c58a2cf0: 8b9c 2488 | 0000 0044 | 895c 2458 

  0x00000205c58a2cfc: ;   {runtime_call UncommonTrapBlob}
  0x00000205c58a2cfc: c5f8 77e8 

  0x00000205c58a2d00: ; ImmutableOopMap {rbp=Oop [32]=Oop [40]=Oop [48]=Oop [56]=Oop [72]=Oop [88]=NarrowOop [120]=Oop [128]=Oop [144]=Oop [200]=Oop }
                      ;*new {reexecute=0 rethrow=0 return_oop=0}
                      ; - java.util.Hashtable::<init>@53
                      ; - java.util.Hashtable::<init>@4
                      ; - java.util.jar.JarVerifier::<init>@63
                      ; - java.util.jar.JarFile::getManifestFromReference@78
                      ; - java.util.jar.JarFile::getManifest@1
                      ; - jdk.internal.loader.URLClassPath$JarLoader$2::getManifest@22
                      ; - java.net.URLClassLoader::defineClass@34
                      ; - java.net.URLClassLoader$1::run@43
                      ; - java.net.URLClassLoader$1::run@1
                      ; - java.security.AccessController::executePrivileged@29
                      ; - java.security.AccessController::doPrivileged@13
                      ; - java.net.URLClassLoader::findClass@13
  0x00000205c58a2d00: 7c16 84ff 

  0x00000205c58a2d04: ;   {other}
  0x00000205c58a2d04: 0f1f 8400 | 7480 00ca | 498b d7c5 | f877 49ba | 20a4 a527 | f97f 0000 

  0x00000205c58a2d1c: ;   {other}
  0x00000205c58a2d1c: 41ff d20f | 1f84 0000 | 0000 00e9 | e9c4 ffff | 498b d7c5 | f877 49ba | 20a4 a527 | f97f 0000 
  0x00000205c58a2d3c: ;   {other}
  0x00000205c58a2d3c: 41ff d20f | 1f84 0000 | 0000 00e9 | 1ac6 ffff | 498b d7c5 | f877 49ba | 20a4 a527 | f97f 0000 
  0x00000205c58a2d5c: ;   {other}
  0x00000205c58a2d5c: 41ff d20f | 1f84 0000 | 0000 00e9 | 3bc6 ffff | 498b d7c5 | f877 49ba | 20a4 a527 | f97f 0000 
  0x00000205c58a2d7c: ;   {other}
  0x00000205c58a2d7c: 41ff d20f | 1f84 0000 | 0000 00e9 | 62c7 ffff | 498b d7c5 | f877 49ba | 20a4 a527 | f97f 0000 
  0x00000205c58a2d9c: ;   {other}
  0x00000205c58a2d9c: 41ff d20f | 1f84 0000 | 0000 00e9 | 83c7 ffff | 498b d7c5 | f877 49ba | 20a4 a527 | f97f 0000 
  0x00000205c58a2dbc: ;   {other}
  0x00000205c58a2dbc: 41ff d20f | 1f84 0000 | 0000 00e9 | 36cc ffff | 498b d7c5 | f877 49ba | 20a4 a527 | f97f 0000 
  0x00000205c58a2ddc: ;   {other}
  0x00000205c58a2ddc: 41ff d20f | 1f84 0000 | 0000 00e9 | 9dca ffff | 498b d7c5 | f877 49ba | 20a4 a527 | f97f 0000 
  0x00000205c58a2dfc: ;   {other}
  0x00000205c58a2dfc: 41ff d20f | 1f84 0000 | 0000 00e9 | 11cb ffff | 498b d7c5 | f877 49ba | 20a4 a527 | f97f 0000 
  0x00000205c58a2e1c: ;   {other}
  0x00000205c58a2e1c: 41ff d20f | 1f84 0000 | 0000 00e9 | 8bcb ffff | 498b d7c5 | f877 49ba | 20a4 a527 | f97f 0000 
  0x00000205c58a2e3c: ;   {other}
  0x00000205c58a2e3c: 41ff d20f | 1f84 0000 | 0000 00e9 | 2ac8 ffff | 498b d7c5 | f877 49ba | 20a4 a527 | f97f 0000 
  0x00000205c58a2e5c: ;   {other}
  0x00000205c58a2e5c: 41ff d20f | 1f84 0000 | 0000 00e9 | 58c8 ffff | 498b d7c5 | f877 49ba | 20a4 a527 | f97f 0000 
  0x00000205c58a2e7c: ;   {other}
  0x00000205c58a2e7c: 41ff d20f | 1f84 0000 | 0000 00e9 | d3c8 ffff | bade ffff | ff4c 8b94 | 24b0 0000 | 004c 8954 
  0x00000205c58a2e9c: 2420 4c8b | 5424 404c | 8954 2428 | 4c8b 5424 | 484c 8954 | 2430 4c8b | 9424 b800 | 0000 4c89 
  0x00000205c58a2ebc: 5424 384c | 8b54 2458 | 4c89 5424 | 4844 8b94 | 2488 0000 | 0044 8954 | 2458 4c8b | 9424 9000 
  0x00000205c58a2edc: 0000 4c89 | 5424 6090 

  0x00000205c58a2ee4: ;   {runtime_call UncommonTrapBlob}
  0x00000205c58a2ee4: c5f8 77e8 

  0x00000205c58a2ee8: ; ImmutableOopMap {rbp=NarrowOop [32]=Oop [40]=Oop [48]=Oop [56]=Oop [72]=Oop [88]=NarrowOop [96]=Oop [128]=Oop }
                      ;*checkcast {reexecute=0 rethrow=0 return_oop=0}
                      ; - java.lang.ClassLoader::getDefinedPackage@16
                      ; - java.net.URLClassLoader::getAndVerifyPackage@2
                      ; - java.net.URLClassLoader::defineClass@46
                      ; - java.net.URLClassLoader$1::run@43
                      ; - java.net.URLClassLoader$1::run@1
                      ; - java.security.AccessController::executePrivileged@29
                      ; - java.security.AccessController::doPrivileged@13
                      ; - java.net.URLClassLoader::findClass@13
  0x00000205c58a2ee8: 9414 84ff 

  0x00000205c58a2eec: ;   {other}
  0x00000205c58a2eec: 0f1f 8400 | 5c82 00cb | bade ffff | ff48 8b6c | 2468 4c8b | 5424 404c | 8954 2420 | 4c8b 5424 
  0x00000205c58a2f0c: 484c 8954 | 2428 4c8b | 9424 b800 | 0000 4c89 | 5424 304c | 8b54 2458 | 4c89 5424 | 404c 8b54 
  0x00000205c58a2f2c: 2450 4c89 | 5424 4844 | 8b9c 2488 | 0000 004c | 8b94 2490 | 0000 004c | 8954 2458 | 4489 5c24 
  0x00000205c58a2f4c: 5448 8984 | 2490 0000 | 0066 6690 

  0x00000205c58a2f58: ;   {runtime_call UncommonTrapBlob}
  0x00000205c58a2f58: c5f8 77e8 

  0x00000205c58a2f5c: ; ImmutableOopMap {rbp=Oop [32]=Oop [40]=Oop [48]=Oop [64]=Oop [84]=NarrowOop [88]=Oop [96]=Oop [144]=Oop }
                      ;*checkcast {reexecute=0 rethrow=0 return_oop=0}
                      ; - java.lang.ClassLoader::definePackage@81
                      ; - java.lang.ClassLoader::getDefinedPackage@32
                      ; - java.net.URLClassLoader::getAndVerifyPackage@2
                      ; - java.net.URLClassLoader::defineClass@46
                      ; - java.net.URLClassLoader$1::run@43
                      ; - java.net.URLClassLoader$1::run@1
                      ; - java.security.AccessController::executePrivileged@29
                      ; - java.security.AccessController::doPrivileged@13
                      ; - java.net.URLClassLoader::findClass@13
  0x00000205c58a2f5c: 2014 84ff 

  0x00000205c58a2f60: ;   {other}
  0x00000205c58a2f60: 0f1f 8400 | d082 00cc | bade ffff | ff4c 8b54 | 2440 4c89 | 5424 2044 | 8b5c 2430 | 4489 5c24 
  0x00000205c58a2f80: 284c 8b54 | 2450 4c89 | 5424 4048 | 8944 2448 

  0x00000205c58a2f90: ;   {runtime_call UncommonTrapBlob}
  0x00000205c58a2f90: c5f8 77e8 

  0x00000205c58a2f94: ; ImmutableOopMap {rbp=Oop [32]=Oop [40]=NarrowOop [56]=Oop [64]=Oop [72]=Oop [184]=Oop }
                      ;*checkcast {reexecute=0 rethrow=0 return_oop=0}
                      ; - java.util.jar.JarFile::getJarEntry@5
                      ; - jdk.internal.loader.URLClassPath$JarLoader::getResource@22
                      ; - jdk.internal.loader.URLClassPath::getResource@53
                      ; - java.net.URLClassLoader$1::run@26
                      ; - java.net.URLClassLoader$1::run@1
                      ; - java.security.AccessController::executePrivileged@29
                      ; - java.security.AccessController::doPrivileged@13
                      ; - java.net.URLClassLoader::findClass@13
  0x00000205c58a2f94: e813 84ff 

  0x00000205c58a2f98: ;   {other}
  0x00000205c58a2f98: 0f1f 8400 | 0883 00cd | bade ffff | ff4c 8b54 | 2440 4c89 | 5424 2044 | 8b54 2430 | 4489 5424 
  0x00000205c58a2fb8: 284c 8b54 | 2450 4c89 | 5424 4048 | 8944 2458 

  0x00000205c58a2fc8: ;   {runtime_call UncommonTrapBlob}
  0x00000205c58a2fc8: c5f8 77e8 

  0x00000205c58a2fcc: ; ImmutableOopMap {rbp=Oop [32]=Oop [40]=NarrowOop [56]=Oop [64]=Oop [88]=Oop [184]=Oop }
                      ;*checkcast {reexecute=0 rethrow=0 return_oop=0}
                      ; - jdk.internal.loader.URLClassPath$JarLoader::ensureOpen@31
                      ; - jdk.internal.loader.URLClassPath$JarLoader::getResource@1
                      ; - jdk.internal.loader.URLClassPath::getResource@53
                      ; - java.net.URLClassLoader$1::run@26
                      ; - java.net.URLClassLoader$1::run@1
                      ; - java.security.AccessController::executePrivileged@29
                      ; - java.security.AccessController::doPrivileged@13
                      ; - java.net.URLClassLoader::findClass@13
  0x00000205c58a2fcc: b013 84ff 

  0x00000205c58a2fd0: ;   {other}
  0x00000205c58a2fd0: 0f1f 8400 | 4083 00ce | bade ffff | ff4c 8b94 | 24b0 0000 | 004c 8954 | 2420 4c8b | 5424 404c 
  0x00000205c58a2ff0: 8954 2428 | 4c8b 5424 | 484c 8954 | 2430 4c8b | 9424 b800 | 0000 4c89 | 5424 384c | 8b54 2458 
  0x00000205c58a3010: 4c89 5424 | 4866 6690 

  0x00000205c58a3018: ;   {runtime_call UncommonTrapBlob}
  0x00000205c58a3018: c5f8 77e8 

  0x00000205c58a301c: ; ImmutableOopMap {rbp=NarrowOop [32]=Oop [40]=Oop [48]=Oop [56]=Oop [72]=Oop [120]=Oop [136]=NarrowOop [200]=Oop }
                      ;*checkcast {reexecute=0 rethrow=0 return_oop=0}
                      ; - java.util.jar.JarFile::getManifestFromReference@14
                      ; - java.util.jar.JarFile::getManifest@1
                      ; - jdk.internal.loader.URLClassPath$JarLoader$2::getManifest@22
                      ; - java.net.URLClassLoader::defineClass@34
                      ; - java.net.URLClassLoader$1::run@43
                      ; - java.net.URLClassLoader$1::run@1
                      ; - java.security.AccessController::executePrivileged@29
                      ; - java.security.AccessController::doPrivileged@13
                      ; - java.net.URLClassLoader::findClass@13
  0x00000205c58a301c: 6013 84ff 

  0x00000205c58a3020: ;   {other}
  0x00000205c58a3020: 0f1f 8400 | 9083 00cf | bade ffff | ff4c 8b94 | 24b0 0000 | 004c 8954 | 2420 4c8b | 5424 404c 
  0x00000205c58a3040: 8954 2428 | 4c8b 5424 | 484c 8954 | 2430 4c8b | 9424 b800 | 0000 4c89 | 5424 384c | 8b54 2458 
  0x00000205c58a3060: 4c89 5424 | 4844 8b9c | 2488 0000 | 004c 8b94 | 2490 0000 | 004c 8954 | 2460 4489 | 5c24 5c90 
  0x00000205c58a3080: ;   {runtime_call UncommonTrapBlob}
  0x00000205c58a3080: c5f8 77e8 

  0x00000205c58a3084: ; ImmutableOopMap {rbp=NarrowOop [32]=Oop [40]=Oop [48]=Oop [56]=Oop [72]=Oop [92]=NarrowOop [96]=Oop [128]=Oop [192]=NarrowOop }
                      ;*checkcast {reexecute=0 rethrow=0 return_oop=0}
                      ; - java.lang.ClassLoader::definePackage@50
                      ; - java.lang.ClassLoader::getDefinedPackage@32
                      ; - java.net.URLClassLoader::getAndVerifyPackage@2
                      ; - java.net.URLClassLoader::defineClass@46
                      ; - java.net.URLClassLoader$1::run@43
                      ; - java.net.URLClassLoader$1::run@1
                      ; - java.security.AccessController::executePrivileged@29
                      ; - java.security.AccessController::doPrivileged@13
                      ; - java.net.URLClassLoader::findClass@13
  0x00000205c58a3084: f812 84ff 

  0x00000205c58a3088: ;   {other}
  0x00000205c58a3088: 0f1f 8400 | f883 00d0 | baf6 ffff | ff4c 8944 | 2420 4c89 | 5424 284c | 895c 2430 

  0x00000205c58a30a4: ;   {runtime_call UncommonTrapBlob}
  0x00000205c58a30a4: c5f8 77e8 

  0x00000205c58a30a8: ; ImmutableOopMap {[32]=Oop [40]=Oop [48]=Oop [176]=Oop }
                      ;*invokevirtual replace {reexecute=0 rethrow=0 return_oop=0}
                      ; - java.net.URLClassLoader$1::run@8
                      ; - java.net.URLClassLoader$1::run@1
                      ; - java.security.AccessController::executePrivileged@29
                      ; - java.security.AccessController::doPrivileged@13
                      ; - java.net.URLClassLoader::findClass@13
  0x00000205c58a30a8: d412 84ff 

  0x00000205c58a30ac: ;   {other}
  0x00000205c58a30ac: 0f1f 8400 | 1c84 00d1 | baf6 ffff | ff4c 8944 | 2420 4c89 | 5424 284c | 895c 2430 

  0x00000205c58a30c8: ;   {runtime_call UncommonTrapBlob}
  0x00000205c58a30c8: c5f8 77e8 

  0x00000205c58a30cc: ; ImmutableOopMap {[32]=Oop [40]=Oop [48]=Oop [176]=Oop }
                      ;*arraylength {reexecute=0 rethrow=0 return_oop=0}
                      ; - java.lang.StringLatin1::replace@8
                      ; - java.lang.String::replace@18
                      ; - java.net.URLClassLoader$1::run@8
                      ; - java.net.URLClassLoader$1::run@1
                      ; - java.security.AccessController::executePrivileged@29
                      ; - java.security.AccessController::doPrivileged@13
                      ; - java.net.URLClassLoader::findClass@13
  0x00000205c58a30cc: b012 84ff 

  0x00000205c58a30d0: ;   {other}
  0x00000205c58a30d0: 0f1f 8400 | 4084 00d2 | baf6 ffff | ff48 8bac | 24b0 0000 | 004c 8b54 | 2440 4c89 | 5424 204c 
  0x00000205c58a30f0: 8b54 2448 | 4c89 5424 | 284c 8b94 | 24b8 0000 | 004c 8954 | 2430 4889 | 4424 4890 

  0x00000205c58a310c: ;   {runtime_call UncommonTrapBlob}
  0x00000205c58a310c: c5f8 77e8 

  0x00000205c58a3110: ; ImmutableOopMap {rbp=Oop [32]=Oop [40]=Oop [48]=Oop }
                      ;*arraylength {reexecute=0 rethrow=0 return_oop=0}
                      ; - java.lang.String::length@4
                      ; - java.lang.String::lastIndexOf@3
                      ; - java.net.URLClassLoader::defineClass@7
                      ; - java.net.URLClassLoader$1::run@43
                      ; - java.net.URLClassLoader$1::run@1
                      ; - java.security.AccessController::executePrivileged@29
                      ; - java.security.AccessController::doPrivileged@13
                      ; - java.net.URLClassLoader::findClass@13
  0x00000205c58a3110: 6c12 84ff 

  0x00000205c58a3114: ;   {other}
  0x00000205c58a3114: 0f1f 8400 | 8484 00d3 | baf6 ffff | ff48 8b6c | 2420 4c8b | 5424 404c | 8954 2420 | 4c8b 5424 
  0x00000205c58a3134: 484c 8954 | 2428 6690 

  0x00000205c58a313c: ;   {runtime_call UncommonTrapBlob}
  0x00000205c58a313c: c5f8 77e8 

  0x00000205c58a3140: ; ImmutableOopMap {rbp=Oop [32]=Oop [40]=Oop [88]=Oop [184]=Oop }
                      ;*arraylength {reexecute=0 rethrow=0 return_oop=0}
                      ; - java.net.URLClassLoader::defineClass@217
                      ; - java.net.URLClassLoader$1::run@43
                      ; - java.net.URLClassLoader$1::run@1
                      ; - java.security.AccessController::executePrivileged@29
                      ; - java.security.AccessController::doPrivileged@13
                      ; - java.net.URLClassLoader::findClass@13
  0x00000205c58a3140: 3c12 84ff 

  0x00000205c58a3144: ;   {other}
  0x00000205c58a3144: 0f1f 8400 | b484 00d4 | baf6 ffff | ff4c 8b54 | 2440 4c89 | 5424 204c | 8b94 24b8 | 0000 004c 
  0x00000205c58a3164: 8954 2430 | 4c89 4424 | 384c 895c | 2440 4c8b | 5424 504c | 8954 2448 | 4489 4c24 | 504c 8944 
  0x00000205c58a3184: 2458 6690 

  0x00000205c58a3188: ;   {runtime_call UncommonTrapBlob}
  0x00000205c58a3188: c5f8 77e8 

  0x00000205c58a318c: ; ImmutableOopMap {[32]=Oop [48]=Oop [56]=Oop [64]=Oop [80]=NarrowOop [88]=Oop }
                      ;*arraylength {reexecute=0 rethrow=0 return_oop=0}
                      ; - java.lang.String::length@4
                      ; - java.lang.String::substring@1
                      ; - java.net.URLClassLoader::defineClass@28
                      ; - java.net.URLClassLoader$1::run@43
                      ; - java.net.URLClassLoader$1::run@1
                      ; - java.security.AccessController::executePrivileged@29
                      ; - java.security.AccessController::doPrivileged@13
                      ; - java.net.URLClassLoader::findClass@13
  0x00000205c58a318c: f011 84ff 

  0x00000205c58a3190: ;   {other}
  0x00000205c58a3190: 0f1f 8400 | 0085 00d5 | baf6 ffff | ff48 8bac | 24b0 0000 | 004c 8b54 | 2440 4c89 | 5424 204c 
  0x00000205c58a31b0: 8b54 2448 | 4c89 5424 | 284c 8b94 | 24b8 0000 | 004c 8954 | 2430 4c89 | 4424 404c | 8b54 2450 
  0x00000205c58a31d0: 4c89 5424 | 4866 6690 

  0x00000205c58a31d8: ;   {runtime_call UncommonTrapBlob}
  0x00000205c58a31d8: c5f8 77e8 

  0x00000205c58a31dc: ; ImmutableOopMap {rbp=Oop [32]=Oop [40]=Oop [48]=Oop [64]=Oop [136]=NarrowOop [200]=Oop }
                      ;*getfield jar {reexecute=1 rethrow=0 return_oop=0}
                      ; - (reexecute) jdk.internal.loader.URLClassPath$JarLoader$2::getManifest@7
                      ; - java.net.URLClassLoader::defineClass@34
                      ; - java.net.URLClassLoader$1::run@43
                      ; - java.net.URLClassLoader$1::run@1
                      ; - java.security.AccessController::executePrivileged@29
                      ; - java.security.AccessController::doPrivileged@13
                      ; - java.net.URLClassLoader::findClass@13
  0x00000205c58a31dc: a011 84ff 

  0x00000205c58a31e0: ;   {other}
  0x00000205c58a31e0: 0f1f 8400 | 5085 00d6 | baf6 ffff | ff48 8bac | 24b0 0000 | 004c 8b54 | 2440 4c89 | 5424 204c 
  0x00000205c58a3200: 8b54 2448 | 4c89 5424 | 284c 8b94 | 24b8 0000 | 004c 8954 | 2430 4c89 | 5c24 404c | 8b54 2450 
  0x00000205c58a3220: 4c89 5424 | 4866 6690 

  0x00000205c58a3228: ;   {runtime_call UncommonTrapBlob}
  0x00000205c58a3228: c5f8 77e8 

  0x00000205c58a322c: ; ImmutableOopMap {rbp=Oop [32]=Oop [40]=Oop [48]=Oop [64]=Oop [136]=NarrowOop [200]=Oop }
                      ;*getfield jar {reexecute=1 rethrow=0 return_oop=0}
                      ; - (reexecute) jdk.internal.loader.URLClassPath$JarLoader$2::getManifest@19
                      ; - java.net.URLClassLoader::defineClass@34
                      ; - java.net.URLClassLoader$1::run@43
                      ; - java.net.URLClassLoader$1::run@1
                      ; - java.security.AccessController::executePrivileged@29
                      ; - java.security.AccessController::doPrivileged@13
                      ; - java.net.URLClassLoader::findClass@13
  0x00000205c58a322c: 5011 84ff 

  0x00000205c58a3230: ;   {other}
  0x00000205c58a3230: 0f1f 8400 | a085 00d7 | baf6 ffff | ff48 8bac | 24b0 0000 | 004c 8b54 | 2440 4c89 | 5424 204c 
  0x00000205c58a3250: 8b54 2448 | 4c89 5424 | 284c 8b94 | 24b8 0000 | 004c 8954 | 2430 4c8b | 5424 584c | 8954 2440 
  0x00000205c58a3270: 4c8b 5424 | 504c 8954 | 2448 6690 

  0x00000205c58a327c: ;   {runtime_call UncommonTrapBlob}
  0x00000205c58a327c: c5f8 77e8 

  0x00000205c58a3280: ; ImmutableOopMap {rbp=Oop [32]=Oop [40]=Oop [48]=Oop [64]=Oop [136]=NarrowOop [200]=Oop }
                      ;*invokevirtual getManifest {reexecute=0 rethrow=0 return_oop=0}
                      ; - jdk.internal.loader.URLClassPath$JarLoader$2::getManifest@22
                      ; - java.net.URLClassLoader::defineClass@34
                      ; - java.net.URLClassLoader$1::run@43
                      ; - java.net.URLClassLoader$1::run@1
                      ; - java.security.AccessController::executePrivileged@29
                      ; - java.security.AccessController::doPrivileged@13
                      ; - java.net.URLClassLoader::findClass@13
  0x00000205c58a3280: fc10 84ff 

  0x00000205c58a3284: ;   {other}
  0x00000205c58a3284: 0f1f 8400 | f485 00d8 | baf6 ffff | ff4c 8b4c | 2440 4c89 | 4c24 204c | 895c 2428 | 4c8b 9c24 
  0x00000205c58a32a4: b800 0000 | 4c89 5c24 | 304c 8944 | 2438 4c8b | 5c24 504c | 895c 2440 | 894c 2448 | 4c89 4424 
  0x00000205c58a32c4: 504c 8954 | 2460 6690 

  0x00000205c58a32cc: ;   {runtime_call UncommonTrapBlob}
  0x00000205c58a32cc: c5f8 77e8 

  0x00000205c58a32d0: ; ImmutableOopMap {[32]=Oop [40]=Oop [48]=Oop [56]=Oop [80]=Oop [96]=Oop }
                      ;*getfield csu {reexecute=1 rethrow=0 return_oop=0}
                      ; - (reexecute) jdk.internal.loader.URLClassPath$JarLoader$2::getCodeSourceURL@4
                      ; - java.net.URLClassLoader::defineClass@13
                      ; - java.net.URLClassLoader$1::run@43
                      ; - java.net.URLClassLoader$1::run@1
                      ; - java.security.AccessController::executePrivileged@29
                      ; - java.security.AccessController::doPrivileged@13
                      ; - java.net.URLClassLoader::findClass@13
  0x00000205c58a32d0: ac10 84ff 

  0x00000205c58a32d4: ;   {other}
  0x00000205c58a32d4: 0f1f 8400 | 4486 00d9 | baf4 ffff | ff48 8bac | 24b0 0000 | 004c 8b54 | 2440 4c89 | 5424 204c 
  0x00000205c58a32f4: 8b54 2448 | 4c89 5424 | 284c 8b94 | 24b8 0000 | 004c 8954 | 2430 4c8b | 5424 584c | 8954 2440 
  0x00000205c58a3314: 4c8b 5424 | 504c 8954 | 2448 6690 

  0x00000205c58a3320: ;   {runtime_call UncommonTrapBlob}
  0x00000205c58a3320: c5f8 77e8 

  0x00000205c58a3324: ; ImmutableOopMap {rbp=Oop [32]=Oop [40]=Oop [48]=Oop [64]=Oop [120]=Oop [136]=NarrowOop [200]=Oop }
                      ;*checkcast {reexecute=0 rethrow=0 return_oop=0}
                      ; - java.util.jar.JarFile::getManifestFromReference@14
                      ; - java.util.jar.JarFile::getManifest@1
                      ; - jdk.internal.loader.URLClassPath$JarLoader$2::getManifest@22
                      ; - java.net.URLClassLoader::defineClass@34
                      ; - java.net.URLClassLoader$1::run@43
                      ; - java.net.URLClassLoader$1::run@1
                      ; - java.security.AccessController::executePrivileged@29
                      ; - java.security.AccessController::doPrivileged@13
                      ; - java.net.URLClassLoader::findClass@13
  0x00000205c58a3324: 5810 84ff 

  0x00000205c58a3328: ;   {other}
  0x00000205c58a3328: 0f1f 8400 | 9886 00da | baf6 ffff | ff48 8bac | 24b0 0000 | 004c 8b54 | 2440 4c89 | 5424 204c 
  0x00000205c58a3348: 8b54 2448 | 4c89 5424 | 284c 8b94 | 24b8 0000 | 004c 8954 | 2430 4c8b | 5424 584c | 8954 2440 
  0x00000205c58a3368: 4c8b 5424 | 504c 8954 | 2448 6690 

  0x00000205c58a3374: ;   {runtime_call UncommonTrapBlob}
  0x00000205c58a3374: c5f8 77e8 

  0x00000205c58a3378: ; ImmutableOopMap {rbp=Oop [32]=Oop [40]=Oop [48]=Oop [64]=Oop [128]=Oop [136]=NarrowOop [144]=Oop }
                      ;*arraylength {reexecute=0 rethrow=0 return_oop=0}
                      ; - java.lang.String::isEmpty@4
                      ; - java.lang.ClassLoader::definePackage@1
                      ; - java.lang.ClassLoader::getDefinedPackage@32
                      ; - java.net.URLClassLoader::getAndVerifyPackage@2
                      ; - java.net.URLClassLoader::defineClass@46
                      ; - java.net.URLClassLoader$1::run@43
                      ; - java.net.URLClassLoader$1::run@1
                      ; - java.security.AccessController::executePrivileged@29
                      ; - java.security.AccessController::doPrivileged@13
                      ; - java.net.URLClassLoader::findClass@13
  0x00000205c58a3378: 0410 84ff 

  0x00000205c58a337c: ;   {other}
  0x00000205c58a337c: 0f1f 8400 | ec86 00db | baf6 ffff | ff48 8bac | 24b0 0000 | 004c 8b54 | 2440 4c89 | 5424 204c 
  0x00000205c58a339c: 8b54 2448 | 4c89 5424 | 284c 8b94 | 24b8 0000 | 004c 8954 | 2430 4c8b | 5424 584c | 8954 2440 
  0x00000205c58a33bc: 4c8b 5424 | 504c 8954 | 2448 6690 

  0x00000205c58a33c8: ;   {runtime_call UncommonTrapBlob}
  0x00000205c58a33c8: c5f8 77e8 

  0x00000205c58a33cc: ; ImmutableOopMap {rbp=Oop [32]=Oop [40]=Oop [48]=Oop [64]=Oop [128]=Oop [136]=NarrowOop [144]=Oop }
                      ;*invokevirtual isNamed {reexecute=0 rethrow=0 return_oop=0}
                      ; - java.lang.Package::isSealed@4
                      ; - java.net.URLClassLoader::getAndVerifyPackage@14
                      ; - java.net.URLClassLoader::defineClass@46
                      ; - java.net.URLClassLoader$1::run@43
                      ; - java.net.URLClassLoader$1::run@1
                      ; - java.security.AccessController::executePrivileged@29
                      ; - java.security.AccessController::doPrivileged@13
                      ; - java.net.URLClassLoader::findClass@13
  0x00000205c58a33cc: b00f 84ff 

  0x00000205c58a33d0: ;   {other}
  0x00000205c58a33d0: 0f1f 8400 | 4087 00dc | baf6 ffff | ff48 8bac | 24b0 0000 | 004c 8b54 | 2440 4c89 | 5424 204c 
  0x00000205c58a33f0: 8b54 2448 | 4c89 5424 | 284c 8b94 | 24b8 0000 | 004c 8954 | 2430 4c8b | 5424 584c | 8954 2440 
  0x00000205c58a3410: 4c8b 5424 | 504c 8954 | 2448 6690 

  0x00000205c58a341c: ;   {runtime_call UncommonTrapBlob}
  0x00000205c58a341c: c5f8 77e8 

  0x00000205c58a3420: ; ImmutableOopMap {rbp=Oop [32]=Oop [40]=Oop [48]=Oop [64]=Oop [128]=Oop [136]=NarrowOop [144]=Oop }
                      ;*getfield sealBase {reexecute=1 rethrow=0 return_oop=0}
                      ; - (reexecute) java.lang.Package::isSealed@14
                      ; - java.net.URLClassLoader::getAndVerifyPackage@14
                      ; - java.net.URLClassLoader::defineClass@46
                      ; - java.net.URLClassLoader$1::run@43
                      ; - java.net.URLClassLoader$1::run@1
                      ; - java.security.AccessController::executePrivileged@29
                      ; - java.security.AccessController::doPrivileged@13
                      ; - java.net.URLClassLoader::findClass@13
  0x00000205c58a3420: 5c0f 84ff 

  0x00000205c58a3424: ;   {other}
  0x00000205c58a3424: 0f1f 8400 | 9487 00dd | baf6 ffff | ff48 8bac | 24b0 0000 | 004c 8b54 | 2440 4c89 | 5424 204c 
  0x00000205c58a3444: 8b54 2448 | 4c89 5424 | 284c 8b94 | 24b8 0000 | 004c 8954 | 2430 4c8b | 5424 584c | 8954 2440 
  0x00000205c58a3464: 4c8b 5424 | 504c 8954 | 2448 6690 

  0x00000205c58a3470: ;   {runtime_call UncommonTrapBlob}
  0x00000205c58a3470: c5f8 77e8 

  0x00000205c58a3474: ; ImmutableOopMap {rbp=Oop [32]=Oop [40]=Oop [48]=Oop [64]=Oop [128]=Oop [136]=NarrowOop [144]=Oop }
                      ;*arraylength {reexecute=0 rethrow=0 return_oop=0}
                      ; - java.lang.StringLatin1::replace@8
                      ; - java.lang.String::replace@18
                      ; - java.net.URLClassLoader::isSealed@9
                      ; - java.net.URLClassLoader::getAndVerifyPackage@68
                      ; - java.net.URLClassLoader::defineClass@46
                      ; - java.net.URLClassLoader$1::run@43
                      ; - java.net.URLClassLoader$1::run@1
                      ; - java.security.AccessController::executePrivileged@29
                      ; - java.security.AccessController::doPrivileged@13
                      ; - java.net.URLClassLoader::findClass@13
  0x00000205c58a3474: 080f 84ff 

  0x00000205c58a3478: ;   {other}
  0x00000205c58a3478: 0f1f 8400 | e887 00de | ba45 ffff | ff48 8bac | 24b0 0000 | 004c 8b5c | 2440 4c89 | 5c24 204c 
  0x00000205c58a3498: 8b5c 2448 | 4c89 5c24 | 284c 8b9c | 24b8 0000 | 004c 895c | 2430 4c89 | 4424 404c | 8b5c 2450 
  0x00000205c58a34b8: 4c89 5c24 | 4844 8954 | 2478 6690 

  0x00000205c58a34c4: ;   {runtime_call UncommonTrapBlob}
  0x00000205c58a34c4: c5f8 77e8 

  0x00000205c58a34c8: ; ImmutableOopMap {rbp=Oop [32]=Oop [40]=Oop [48]=Oop [64]=Oop [120]=NarrowOop [136]=NarrowOop [200]=Oop }
                      ;*ifnonnull {reexecute=1 rethrow=0 return_oop=0}
                      ; - (reexecute) jdk.internal.access.SharedSecrets::javaUtilJarAccess@5
                      ; - jdk.internal.loader.URLClassPath$JarLoader$2::getManifest@0
                      ; - java.net.URLClassLoader::defineClass@34
                      ; - java.net.URLClassLoader$1::run@43
                      ; - java.net.URLClassLoader$1::run@1
                      ; - java.security.AccessController::executePrivileged@29
                      ; - java.security.AccessController::doPrivileged@13
                      ; - java.net.URLClassLoader::findClass@13
  0x00000205c58a34c8: b40e 84ff 

  0x00000205c58a34cc: ;   {other}
  0x00000205c58a34cc: 0f1f 8400 | 3c88 00df | ba45 ffff | ff48 8bac | 24b0 0000 | 004c 8b5c | 2440 4c89 | 5c24 204c 
  0x00000205c58a34ec: 8b5c 2448 | 4c89 5c24 | 284c 8b9c | 24b8 0000 | 004c 895c | 2430 4c8b | 5c24 584c | 895c 2440 
  0x00000205c58a350c: 4c8b 5c24 | 504c 895c | 2448 448b | 9c24 8800 | 0000 4489 | 5c24 504c | 8954 2478 

  0x00000205c58a3528: ;   {runtime_call UncommonTrapBlob}
  0x00000205c58a3528: c5f8 77e8 

  0x00000205c58a352c: ; ImmutableOopMap {rbp=Oop [32]=Oop [40]=Oop [48]=Oop [64]=Oop [80]=NarrowOop [120]=Oop [200]=Oop }
                      ;*ifnonnull {reexecute=1 rethrow=0 return_oop=0}
                      ; - (reexecute) java.util.Objects::requireNonNull@1
                      ; - java.lang.ClassLoader::getDefinedPackage@4
                      ; - java.net.URLClassLoader::getAndVerifyPackage@2
                      ; - java.net.URLClassLoader::defineClass@46
                      ; - java.net.URLClassLoader$1::run@43
                      ; - java.net.URLClassLoader$1::run@1
                      ; - java.security.AccessController::executePrivileged@29
                      ; - java.security.AccessController::doPrivileged@13
                      ; - java.net.URLClassLoader::findClass@13
  0x00000205c58a352c: 500e 84ff 

  0x00000205c58a3530: ;   {other}
  0x00000205c58a3530: 0f1f 8400 | a088 00e0 | ba45 ffff | ff48 8bac | 24b0 0000 | 004c 8b5c | 2440 4c89 | 5c24 204c 
  0x00000205c58a3550: 8b5c 2448 | 4c89 5c24 | 284c 8b9c | 24b8 0000 | 004c 895c | 2430 4c8b | 5c24 584c | 895c 2440 
  0x00000205c58a3570: 4c8b 5c24 | 504c 895c | 2448 448b | 8424 8800 | 0000 4489 | 4424 504c | 8b9c 2490 | 0000 004c 
  0x00000205c58a3590: 895c 2468 | 4889 4c24 | 704c 895c | 2478 4489 | 9424 9800 | 0000 6690 

  0x00000205c58a35a8: ;   {runtime_call UncommonTrapBlob}
  0x00000205c58a35a8: c5f8 77e8 

  0x00000205c58a35ac: ; ImmutableOopMap {rbp=Oop [32]=Oop [40]=Oop [48]=Oop [64]=Oop [80]=NarrowOop [104]=Oop [112]=Oop [120]=Oop [128]=Oop [152]=NarrowOop }
                      ;*ifnonnull {reexecute=1 rethrow=0 return_oop=0}
                      ; - (reexecute) jdk.internal.access.SharedSecrets::javaUtilJarAccess@5
                      ; - java.net.URLClassLoader::isSealed@0
                      ; - java.net.URLClassLoader::getAndVerifyPackage@68
                      ; - java.net.URLClassLoader::defineClass@46
                      ; - java.net.URLClassLoader$1::run@43
                      ; - java.net.URLClassLoader$1::run@1
                      ; - java.security.AccessController::executePrivileged@29
                      ; - java.security.AccessController::doPrivileged@13
                      ; - java.net.URLClassLoader::findClass@13
  0x00000205c58a35ac: d00d 84ff 

  0x00000205c58a35b0: ;   {other}
  0x00000205c58a35b0: 0f1f 8400 | 2089 00e1 | baf4 ffff | ff48 8b6c | 2468 4c8b | 5424 404c | 8954 2420 | 4c8b 5424 
  0x00000205c58a35d0: 484c 8954 | 2428 4c8b | 9424 b800 | 0000 4c89 | 5424 304c | 8b54 2458 | 4c89 5424 | 404c 8b54 
  0x00000205c58a35f0: 2450 4c89 | 5424 4844 | 8b94 2488 | 0000 0044 | 8954 2450 | 4c8b 9424 | 9000 0000 | 4c89 5424 
  0x00000205c58a3610: 5866 6690 

  0x00000205c58a3614: ;   {runtime_call UncommonTrapBlob}
  0x00000205c58a3614: c5f8 77e8 

  0x00000205c58a3618: ; ImmutableOopMap {rbp=Oop [32]=Oop [40]=Oop [48]=Oop [64]=Oop [80]=NarrowOop [88]=Oop [96]=Oop }
                      ;*checkcast {reexecute=0 rethrow=0 return_oop=0}
                      ; - java.lang.ClassLoader::definePackage@81
                      ; - java.lang.ClassLoader::getDefinedPackage@32
                      ; - java.net.URLClassLoader::getAndVerifyPackage@2
                      ; - java.net.URLClassLoader::defineClass@46
                      ; - java.net.URLClassLoader$1::run@43
                      ; - java.net.URLClassLoader$1::run@1
                      ; - java.security.AccessController::executePrivileged@29
                      ; - java.security.AccessController::doPrivileged@13
                      ; - java.net.URLClassLoader::findClass@13
  0x00000205c58a3618: 640d 84ff 

  0x00000205c58a361c: ;   {other}
  0x00000205c58a361c: 0f1f 8400 | 8c89 00e2 | ba45 ffff | ff4c 8b94 | 24b0 0000 | 004c 8954 | 2420 4c8b | 5424 404c 
  0x00000205c58a363c: 8954 2428 | 4c8b 5424 | 484c 8954 | 2430 4c8b | 5424 584c | 8954 2448 | 448b 9c24 | 8800 0000 
  0x00000205c58a365c: 4c8b 9424 | 9000 0000 | 4c89 5424 | 604c 894c | 2470 4489 | 5c24 5c4c | 898c 2488 | 0000 0044 
  0x00000205c58a367c: 8984 24b0 | 0000 0090 

  0x00000205c58a3684: ;   {runtime_call UncommonTrapBlob}
  0x00000205c58a3684: c5f8 77e8 

  0x00000205c58a3688: ; ImmutableOopMap {rbp=NarrowOop [32]=Oop [40]=Oop [48]=Oop [72]=Oop [92]=NarrowOop [96]=Oop [112]=Oop [128]=Oop [136]=Oop [176]=NarrowOop }
                      ;*ifnull {reexecute=1 rethrow=0 return_oop=0}
                      ; - (reexecute) java.util.concurrent.ConcurrentHashMap::get@67
                      ; - java.lang.ClassLoader::getDefinedPackage@13
                      ; - java.net.URLClassLoader::getAndVerifyPackage@2
                      ; - java.net.URLClassLoader::defineClass@46
                      ; - java.net.URLClassLoader$1::run@43
                      ; - java.net.URLClassLoader$1::run@1
                      ; - java.security.AccessController::executePrivileged@29
                      ; - java.security.AccessController::doPrivileged@13
                      ; - java.net.URLClassLoader::findClass@13
  0x00000205c58a3688: f40c 84ff 

  0x00000205c58a368c: ;   {other}
  0x00000205c58a368c: 0f1f 8400 | fc89 00e3 | ba45 ffff | ff4c 8b94 | 24b0 0000 | 004c 8954 | 2420 4c8b | 5424 404c 
  0x00000205c58a36ac: 8954 2428 | 4c8b 5424 | 484c 8954 | 2430 4c8b | 9424 b800 | 0000 4c89 | 5424 384c | 8b54 2458 
  0x00000205c58a36cc: 4c89 5424 | 4844 8b9c | 2488 0000 | 004c 8b94 | 2490 0000 | 004c 8954 | 2460 4489 | 5c24 5c44 
  0x00000205c58a36ec: 8984 24b4 | 0000 0090 

  0x00000205c58a36f4: ;   {runtime_call UncommonTrapBlob}
  0x00000205c58a36f4: c5f8 77e8 

  0x00000205c58a36f8: ; ImmutableOopMap {rbp=NarrowOop [32]=Oop [40]=Oop [48]=Oop [56]=Oop [72]=Oop [92]=NarrowOop [96]=Oop [128]=Oop [180]=NarrowOop [192]=NarrowOop }
                      ;*ifnull {reexecute=1 rethrow=0 return_oop=0}
                      ; - (reexecute) java.util.concurrent.ConcurrentHashMap::get@67
                      ; - java.lang.ClassLoader::definePackage@47
                      ; - java.lang.ClassLoader::getDefinedPackage@32
                      ; - java.net.URLClassLoader::getAndVerifyPackage@2
                      ; - java.net.URLClassLoader::defineClass@46
                      ; - java.net.URLClassLoader$1::run@43
                      ; - java.net.URLClassLoader$1::run@1
                      ; - java.security.AccessController::executePrivileged@29
                      ; - java.security.AccessController::doPrivileged@13
                      ; - java.net.URLClassLoader::findClass@13
  0x00000205c58a36f8: 840c 84ff 

  0x00000205c58a36fc: ;   {other}
  0x00000205c58a36fc: 0f1f 8400 | 6c8a 00e4 | 448b 5008 | 49bb 0000 | 00d1 0502 | 0000 4d03 | da4d 8b53 

  0x00000205c58a3718: ;   {metadata('java/lang/Exception')}
  0x00000205c58a3718: 4049 bb20 | c000 d105 | 0200 004d | 3bd3 0f84 | 98b1 ffff | e911 e3ff | ff44 8b58 | 0849 ba00 
  0x00000205c58a3738: 0000 d105 | 0200 004d | 03d3 4d8b 

  0x00000205c58a3744: ;   {metadata('java/lang/Exception')}
  0x00000205c58a3744: 5240 49bb | 20c0 00d1 | 0502 0000 | 4d3b d30f | 846b b1ff | ffe9 e4e2 | ffff 448b | 5008 49bb 
  0x00000205c58a3764: 0000 00d1 | 0502 0000 | 4d03 da4d 

  0x00000205c58a3770: ;   {metadata('java/lang/Exception')}
  0x00000205c58a3770: 8b53 4049 | bb20 c000 | d105 0200 | 004d 3bd3 | 0f84 3eb1 | ffff e9b7 | e2ff ff44 | 8b58 0849 
  0x00000205c58a3790: ba00 0000 | d105 0200 | 004d 03d3 | 4d8b 5240 

  0x00000205c58a37a0: ;   {metadata('java/lang/Exception')}
  0x00000205c58a37a0: 49bb 20c0 | 00d1 0502 | 0000 4d3b | d30f 8411 | b1ff ffe9 | 8ae2 ffff | 448b 5808 | 49ba 0000 
  0x00000205c58a37c0: 00d1 0502 | 0000 4d03 | d34d 8b52 

  0x00000205c58a37cc: ;   {metadata('java/lang/Exception')}
  0x00000205c58a37cc: 4049 bb20 | c000 d105 | 0200 004d | 3bd3 0f84 | e4b0 ffff | e95d e2ff | ff44 8b50 | 0849 bb00 
  0x00000205c58a37ec: 0000 d105 | 0200 004d | 03da 4d8b 

  0x00000205c58a37f8: ;   {metadata('java/lang/Exception')}
  0x00000205c58a37f8: 5340 49bb | 20c0 00d1 | 0502 0000 | 4d3b d30f | 84b7 b0ff | ffe9 30e2 | ffff 448b | 5008 49bb 
  0x00000205c58a3818: 0000 00d1 | 0502 0000 | 4d03 da4d 

  0x00000205c58a3824: ;   {metadata('java/lang/Exception')}
  0x00000205c58a3824: 8b53 4049 | bb20 c000 | d105 0200 | 004d 3bd3 | 0f84 8ab0 | ffff e903 | e2ff ff44 | 8b58 0849 
  0x00000205c58a3844: ba00 0000 | d105 0200 | 004d 03d3 | 4d8b 5240 

  0x00000205c58a3854: ;   {metadata('java/lang/Exception')}
  0x00000205c58a3854: 49bb 20c0 | 00d1 0502 | 0000 4d3b | d30f 845d | b0ff ffe9 | d6e1 ffff | 448b 5008 | 49bb 0000 
  0x00000205c58a3874: 00d1 0502 | 0000 4d03 | dae9 2bb0 | ffff 448b | 5008 49bb | 0000 00d1 | 0502 0000 | 4d03 dae9 
  0x00000205c58a3894: 15b0 ffff | 448b 5008 | 49bb 0000 | 00d1 0502 | 0000 4d03 | dae9 ffaf | ffff 448b | 5008 49bb 
  0x00000205c58a38b4: 0000 00d1 | 0502 0000 | 4d03 dae9 | e9af ffff | ba45 ffff | ff4c 8b54 | 2440 4c89 | 5424 204c 
  0x00000205c58a38d4: 8b54 2448 | 4c89 5424 | 284c 8b54 | 2460 4c89 | 5424 304c | 8b54 2458 | 4c89 5424 | 404c 8b54 
  0x00000205c58a38f4: 2450 4c89 | 5424 4844 | 8b9c 2488 | 0000 0044 | 895c 2450 

  0x00000205c58a3908: ;   {runtime_call UncommonTrapBlob}
  0x00000205c58a3908: c5f8 77e8 

  0x00000205c58a390c: ; ImmutableOopMap {rbp=Oop [32]=Oop [40]=Oop [48]=Oop [64]=Oop [80]=NarrowOop [112]=Oop [120]=Oop [128]=Oop [200]=Oop }
                      ;*ifnull {reexecute=1 rethrow=0 return_oop=0}
                      ; - (reexecute) java.util.jar.JarFile::getManifestFromReference@148
                      ; - java.util.jar.JarFile::getManifest@1
                      ; - jdk.internal.loader.URLClassPath$JarLoader$2::getManifest@22
                      ; - java.net.URLClassLoader::defineClass@34
                      ; - java.net.URLClassLoader$1::run@43
                      ; - java.net.URLClassLoader$1::run@1
                      ; - java.security.AccessController::executePrivileged@29
                      ; - java.security.AccessController::doPrivileged@13
                      ; - java.net.URLClassLoader::findClass@13
  0x00000205c58a390c: 700a 84ff 

  0x00000205c58a3910: ;   {other}
  0x00000205c58a3910: 0f1f 8400 | 808c 00e5 | baf6 ffff | ff48 8bac | 24b0 0000 | 004c 8b5c | 2440 4c89 | 5c24 2044 
  0x00000205c58a3930: 8b5c 2430 | 4489 5c24 | 284c 8b5c | 2450 4c89 | 5c24 384c | 8b5c 2458 | 4c89 5c24 | 504c 8b5c 
  0x00000205c58a3950: 2460 4c89 | 5c24 5844 | 8954 2460 

  0x00000205c58a395c: ;   {runtime_call UncommonTrapBlob}
  0x00000205c58a395c: c5f8 77e8 

  0x00000205c58a3960: ; ImmutableOopMap {rbp=Oop [32]=Oop [40]=NarrowOop [56]=Oop [80]=Oop [88]=Oop [96]=NarrowOop [184]=Oop }
                      ;*invokevirtual getFile {reexecute=0 rethrow=0 return_oop=0}
                      ; - jdk.internal.loader.URLClassPath$FileLoader::getResource@28
                      ; - jdk.internal.loader.URLClassPath::getResource@53
                      ; - java.net.URLClassLoader$1::run@26
                      ; - java.net.URLClassLoader$1::run@1
                      ; - java.security.AccessController::executePrivileged@29
                      ; - java.security.AccessController::doPrivileged@13
                      ; - java.net.URLClassLoader::findClass@13
  0x00000205c58a3960: 1c0a 84ff 

  0x00000205c58a3964: ;   {other}
  0x00000205c58a3964: 0f1f 8400 | d48c 00e6 | 448b 5808 | 49ba 0000 | 00d1 0502 | 0000 4d03 | d34d 8b52 

  0x00000205c58a3980: ;   {metadata('java/lang/Exception')}
  0x00000205c58a3980: 4049 bb20 | c000 d105 | 0200 004d | 3bd3 0f84 | 30af ffff | e9a9 e0ff | ffba f6ff | ffff 4c8b 
  0x00000205c58a39a0: 5424 404c | 8954 2420 | 448b 5c24 | 3044 895c | 2428 4c8b | 5424 504c | 8954 2438 | 4c8b 5424 
  0x00000205c58a39c0: 584c 8954 | 2450 6690 

  0x00000205c58a39c8: ;   {runtime_call UncommonTrapBlob}
  0x00000205c58a39c8: c5f8 77e8 

  0x00000205c58a39cc: ; ImmutableOopMap {rbp=Oop [32]=Oop [40]=NarrowOop [56]=Oop [80]=Oop [96]=Oop [184]=Oop }
                      ;*invokevirtual getPath {reexecute=0 rethrow=0 return_oop=0}
                      ; - jdk.internal.loader.URLClassPath$FileLoader::getResource@83
                      ; - jdk.internal.loader.URLClassPath::getResource@53
                      ; - java.net.URLClassLoader$1::run@26
                      ; - java.net.URLClassLoader$1::run@1
                      ; - java.security.AccessController::executePrivileged@29
                      ; - java.security.AccessController::doPrivileged@13
                      ; - java.net.URLClassLoader::findClass@13
  0x00000205c58a39cc: b009 84ff 

  0x00000205c58a39d0: ;   {other}
  0x00000205c58a39d0: 0f1f 8400 | 408d 00e7 | baf6 ffff | ff48 8bac | 24b0 0000 | 004c 8b54 | 2440 4c89 | 5424 2044 
  0x00000205c58a39f0: 8b54 2430 | 4489 5424 | 284c 8b54 | 2450 4c89 | 5424 384c | 8b54 2458 | 4c89 5424 | 504c 8b54 
  0x00000205c58a3a10: 2460 4c89 | 5424 5848 | 8944 2460 | 4489 5c24 | 6866 6690 

  0x00000205c58a3a24: ;   {runtime_call UncommonTrapBlob}
  0x00000205c58a3a24: c5f8 77e8 

  0x00000205c58a3a28: ; ImmutableOopMap {rbp=Oop [32]=Oop [40]=NarrowOop [56]=Oop [80]=Oop [88]=Oop [96]=Oop [104]=NarrowOop [184]=Oop }
                      ;*invokevirtual getPath {reexecute=0 rethrow=0 return_oop=0}
                      ; - jdk.internal.loader.URLClassPath$FileLoader::getResource@90
                      ; - jdk.internal.loader.URLClassPath::getResource@53
                      ; - java.net.URLClassLoader$1::run@26
                      ; - java.net.URLClassLoader$1::run@1
                      ; - java.security.AccessController::executePrivileged@29
                      ; - java.security.AccessController::doPrivileged@13
                      ; - java.net.URLClassLoader::findClass@13
  0x00000205c58a3a28: 5409 84ff 

  0x00000205c58a3a2c: ;   {other}
  0x00000205c58a3a2c: 0f1f 8400 | 9c8d 00e8 | 448b 4008 | 49bb 0000 | 00d1 0502 | 0000 4d03 | d8e9 63ae | ffff 448b 
  0x00000205c58a3a4c: 5008 49bb | 0000 00d1 | 0502 0000 | 4d03 dae9 | 4dae ffff | 448b 5008 | 49bb 0000 | 00d1 0502 
  0x00000205c58a3a6c: 0000 4d03 | dae9 37ae | ffff e9cb | e0ff ff44 

  0x00000205c58a3a7c: ;   {metadata('java/security/PrivilegedActionException')}
  0x00000205c58a3a7c: 8b50 0841 | 81fa 00af | 0401 7508 | 488b d0e9 | 51e1 ffff | 49bb 0000 | 00d1 0502 | 0000 4d03 
  0x00000205c58a3a9c: dae9 4de2 | ffff e99f | e0ff ff44 | 8b40 0849 | bb00 0000 | d105 0200 | 004d 03d8 | e996 dfff 
  0x00000205c58a3abc: ffba b5ff | ffff 4889 | 4424 3090 

  0x00000205c58a3ac8: ;   {runtime_call UncommonTrapBlob}
  0x00000205c58a3ac8: c5f8 77e8 

  0x00000205c58a3acc: ; ImmutableOopMap {[48]=Oop [64]=Oop [72]=Oop [176]=Oop }
                      ;*astore_3 {reexecute=0 rethrow=0 return_oop=0}
                      ; - java.net.URLClassLoader$1::run@61
                      ; - java.net.URLClassLoader$1::run@1
                      ; - java.security.AccessController::executePrivileged@29
                      ; - java.security.AccessController::doPrivileged@13
                      ; - java.net.URLClassLoader::findClass@13
  0x00000205c58a3acc: b008 84ff 

  0x00000205c58a3ad0: ;   {other}
  0x00000205c58a3ad0: 0f1f 8400 | 408e 00e9 | eb00 448b | 5008 49bb | 0000 00d1 | 0502 0000 | 4d03 dae9 | 63df ffff 
  0x00000205c58a3af0: baf6 ffff | ff48 8bac | 24b0 0000 | 004c 8b54 | 2440 4c89 | 5424 204c | 8b54 2448 | 4c89 5424 
  0x00000205c58a3b10: 284c 8b54 | 2460 4c89 | 5424 304c | 8b54 2458 | 4c89 5424 | 404c 8b54 | 2450 4c89 | 5424 4844 
  0x00000205c58a3b30: 8b94 2488 | 0000 0044 | 8954 2450 | 448b 9c24 | 8c00 0000 | 4489 5c24 | 5466 6690 

  0x00000205c58a3b4c: ;   {runtime_call UncommonTrapBlob}
  0x00000205c58a3b4c: c5f8 77e8 

  0x00000205c58a3b50: ; ImmutableOopMap {rbp=Oop [32]=Oop [40]=Oop [48]=Oop [64]=Oop [80]=NarrowOop [84]=NarrowOop [112]=Oop [120]=Oop [144]=Oop [200]=Oop }
                      ;*arraylength {reexecute=0 rethrow=0 return_oop=0}
                      ; - java.io.ByteArrayInputStream::<init>@21
                      ; - java.util.jar.JarFile::getManifestFromReference@114
                      ; - java.util.jar.JarFile::getManifest@1
                      ; - jdk.internal.loader.URLClassPath$JarLoader$2::getManifest@22
                      ; - java.net.URLClassLoader::defineClass@34
                      ; - java.net.URLClassLoader$1::run@43
                      ; - java.net.URLClassLoader$1::run@1
                      ; - java.security.AccessController::executePrivileged@29
                      ; - java.security.AccessController::doPrivileged@13
                      ; - java.net.URLClassLoader::findClass@13
  0x00000205c58a3b50: 2c08 84ff 

  0x00000205c58a3b54: ;   {other}
  0x00000205c58a3b54: 0f1f 8400 | c48e 00ea | baf6 ffff | ff4c 8b4c | 2440 4c89 | 4c24 204c | 895c 2428 | 4c8b 9c24 
  0x00000205c58a3b74: b800 0000 | 4c89 5c24 | 304c 8944 | 2438 4c8b | 5c24 504c | 895c 2440 | 894c 2448 | 4c89 4424 
  0x00000205c58a3b94: 504c 8954 | 2460 6690 

  0x00000205c58a3b9c: ;   {runtime_call UncommonTrapBlob}
  0x00000205c58a3b9c: c5f8 77e8 

  0x00000205c58a3ba0: ; ImmutableOopMap {[32]=Oop [40]=Oop [48]=Oop [56]=Oop [80]=Oop [96]=Oop }
                      ;*invokevirtual getBaseURL {reexecute=0 rethrow=0 return_oop=0}
                      ; - jdk.internal.loader.URLClassPath$FileLoader$1::getCodeSourceURL@4
                      ; - java.net.URLClassLoader::defineClass@13
                      ; - java.net.URLClassLoader$1::run@43
                      ; - java.net.URLClassLoader$1::run@1
                      ; - java.security.AccessController::executePrivileged@29
                      ; - java.security.AccessController::doPrivileged@13
                      ; - java.net.URLClassLoader::findClass@13
  0x00000205c58a3ba0: dc07 84ff 

  0x00000205c58a3ba4: ;   {other}
  0x00000205c58a3ba4: 0f1f 8400 | 148f 00eb | 448b 4008 | 49ba 0000 | 00d1 0502 | 0000 4d03 | d0e9 8300 | 0000 448b 
  0x00000205c58a3bc4: 4008 49ba | 0000 00d1 | 0502 0000 | 4d03 d0eb | 7044 8b58 | 0849 ba00 | 0000 d105 | 0200 004d 
  0x00000205c58a3be4: 03d3 eb5d | 448b 5808 | 49ba 0000 | 00d1 0502 | 0000 4d03 | d3eb 4a44 | 8b40 0849 | ba00 0000 
  0x00000205c58a3c04: d105 0200 | 004d 03d0 | eb37 448b | 4008 49ba | 0000 00d1 | 0502 0000 | 4d03 d0eb | 2444 8b40 
  0x00000205c58a3c24: 0849 ba00 | 0000 d105 | 0200 004d | 03d0 eb11 | 448b 5808 | 49ba 0000 | 00d1 0502 | 0000 4d03 
  0x00000205c58a3c44: d34d 8b52 

  0x00000205c58a3c48: ;   {metadata('java/lang/Exception')}
  0x00000205c58a3c48: 4049 bb20 | c000 d105 | 0200 004d | 3bd3 0f84 | 68ac ffff | e9e1 ddff | ffeb 02eb | 0044 8b40 
  0x00000205c58a3c68: 0849 bb00 | 0000 d105 | 0200 004d | 03d8 e9d8 | ddff ffba | 97ff ffff | 488b 6c24 | 204c 8b54 
  0x00000205c58a3c88: 2440 4c89 | 5424 204c | 8b54 2448 | 4c89 5424 | 284c 8b54 | 2458 4c89 | 5424 304c | 8b54 2450 
  0x00000205c58a3ca8: 4c89 5424 | 4866 6690 

  0x00000205c58a3cb0: ;   {runtime_call UncommonTrapBlob}
  0x00000205c58a3cb0: c5f8 77e8 

  0x00000205c58a3cb4: ; ImmutableOopMap {rbp=Oop [32]=Oop [40]=Oop [48]=Oop [104]=NarrowOop [112]=Oop [136]=NarrowOop }
                      ;*invokevirtual clone {reexecute=1 rethrow=0 return_oop=0}
                      ; - (reexecute) java.util.Arrays::copyOfRange@18
                      ; - java.lang.StringLatin1::newString@16
                      ; - java.lang.String::substring@41
                      ; - java.net.URLClassLoader::defineClass@28
                      ; - java.net.URLClassLoader$1::run@43
                      ; - java.net.URLClassLoader$1::run@1
                      ; - java.security.AccessController::executePrivileged@29
                      ; - java.security.AccessController::doPrivileged@13
                      ; - java.net.URLClassLoader::findClass@13
  0x00000205c58a3cb4: c806 84ff 

  0x00000205c58a3cb8: ;   {other}
  0x00000205c58a3cb8: 0f1f 8400 | 2890 00ec | baf4 ffff | ff66 6690 

  0x00000205c58a3cc8: ;   {runtime_call UncommonTrapBlob}
  0x00000205c58a3cc8: c5f8 77e8 

  0x00000205c58a3ccc: ; ImmutableOopMap {}
                      ;*checkcast {reexecute=0 rethrow=0 return_oop=0}
                      ; - java.net.URLClassLoader::findClass@28
  0x00000205c58a3ccc: b006 84ff 

  0x00000205c58a3cd0: ;   {other}
  0x00000205c58a3cd0: 0f1f 8400 | 4090 00ed | e965 ddff | ff44 8b50 | 0849 bb00 | 0000 d105 | 0200 004d | 03da e9fc 
  0x00000205c58a3cf0: dfff ffba | f4ff ffff | 4c8b 5424 | 404c 8954 | 2420 448b | 5c24 3044 | 895c 2428 | 4c8b 5424 
  0x00000205c58a3d10: 504c 8954 | 2440 6690 

  0x00000205c58a3d18: ;   {runtime_call UncommonTrapBlob}
  0x00000205c58a3d18: c5f8 77e8 

  0x00000205c58a3d1c: ; ImmutableOopMap {rbp=Oop [32]=Oop [40]=NarrowOop [56]=Oop [64]=Oop [184]=Oop }
                      ;*checkcast {reexecute=0 rethrow=0 return_oop=0}
                      ; - jdk.internal.loader.URLClassPath$JarLoader::ensureOpen@31
                      ; - jdk.internal.loader.URLClassPath$JarLoader::getResource@1
                      ; - jdk.internal.loader.URLClassPath::getResource@53
                      ; - java.net.URLClassLoader$1::run@26
                      ; - java.net.URLClassLoader$1::run@1
                      ; - java.security.AccessController::executePrivileged@29
                      ; - java.security.AccessController::doPrivileged@13
                      ; - java.net.URLClassLoader::findClass@13
  0x00000205c58a3d1c: 6006 84ff 

  0x00000205c58a3d20: ;   {other}
  0x00000205c58a3d20: 0f1f 8400 | 9090 00ee | 448b 5808 | 49ba 0000 | 00d1 0502 | 0000 4d03 | d34d 8b52 

  0x00000205c58a3d3c: ;   {metadata('java/lang/Exception')}
  0x00000205c58a3d3c: 4049 bb20 | c000 d105 | 0200 004d | 3bd3 0f84 | 74ab ffff | e9ed dcff | ff44 8b58 | 0849 ba00 
  0x00000205c58a3d5c: 0000 d105 | 0200 004d | 03d3 4d8b 

  0x00000205c58a3d68: ;   {metadata('java/lang/Exception')}
  0x00000205c58a3d68: 5240 49bb | 20c0 00d1 | 0502 0000 | 4d3b d30f | 8447 abff | ffe9 c0dc | ffff 448b | 5008 49bb 
  0x00000205c58a3d88: 0000 00d1 | 0502 0000 | 4d03 da4d 

  0x00000205c58a3d94: ;   {metadata('java/lang/Exception')}
  0x00000205c58a3d94: 8b53 4049 | bb20 c000 | d105 0200 | 004d 3bd3 | 0f84 1aab | ffff e993 | dcff ff44 | 8b50 0849 
  0x00000205c58a3db4: bb00 0000 | d105 0200 | 004d 03da | e98e dcff | ffba b5ff | ffff 488b | 6c24 2048 | 8944 2430 
  0x00000205c58a3dd4: ;   {runtime_call UncommonTrapBlob}
  0x00000205c58a3dd4: c5f8 77e8 

  0x00000205c58a3dd8: ; ImmutableOopMap {rbp=Oop [48]=Oop [64]=Oop [72]=Oop }
                      ;*astore_3 {reexecute=0 rethrow=0 return_oop=0}
                      ; - java.net.URLClassLoader$1::run@61
                      ; - java.net.URLClassLoader$1::run@1
                      ; - java.security.AccessController::executePrivileged@29
                      ; - java.security.AccessController::doPrivileged@13
                      ; - java.net.URLClassLoader::findClass@13
  0x00000205c58a3dd8: a405 84ff 

  0x00000205c58a3ddc: ;   {other}
  0x00000205c58a3ddc: 0f1f 8400 | 4c91 00ef | 448b 5008 | 49bb 0000 | 00d1 0502 | 0000 4d03 | da4d 8b53 

  0x00000205c58a3df8: ;   {metadata('java/lang/Exception')}
  0x00000205c58a3df8: 4049 bb20 | c000 d105 | 0200 004d | 3bd3 0f84 | b8aa ffff | e931 dcff | ffeb 0044 | 8b58 08e9 
  0x00000205c58a3e18: 05dd ffff | e921 dcff | ffeb 0044 | 8b58 0849 | ba00 0000 | d105 0200 | 004d 03d3 | e98a deff 
  0x00000205c58a3e38: ff4c 8bd0 | e9a8 0500 | 0048 8bd8 | e9ca 0300 | 0048 8bd8 | e9c2 0300 | 004c 8bd0 | e990 0500 
  0x00000205c58a3e58: 004c 8bd0 | e988 0500 | 004c 8bd0 | e980 0500 | 004c 8bd0 | e978 0500 | 004c 8bd0 | e970 0500 
  0x00000205c58a3e78: 004c 8bd0 | e968 0500 | 004c 8bd0 | e960 0500 | 004c 8bd0 | e958 0500 | 004c 8bd0 | e950 0500 
  0x00000205c58a3e98: 004c 8bd0 | e948 0500 | 004c 8bd0 | e940 0500 | 004c 8bd0 | e938 0500 | 00e9 0306 | 0000 4c8b 
  0x00000205c58a3eb8: d0e9 2b05 | 0000 4c8b | d0e9 2305 | 0000 4c8b | d0e9 1b05 | 0000 4c8b | d0e9 1305 | 0000 488b 
  0x00000205c58a3ed8: d8e9 3503 | 0000 488b | 6c24 584c | 8b5c 2450 | 4c89 5c24 | 2048 8b94 | 2490 0000 | 004c 8bc0 
  0x00000205c58a3ef8: ;   {no_reloc}
  0x00000205c58a3ef8: 4c8b 9424 | b000 0000 | 4c89 5424 | 384c 8b94 | 24b8 0000 | 004c 8954 | 2450 6690 

  0x00000205c58a3f14: ;   {optimized virtual_call}
  0x00000205c58a3f14: c5f8 77e8 

  0x00000205c58a3f18: ; ImmutableOopMap {rbp=Oop [56]=Oop [64]=Oop [72]=Oop [80]=Oop [136]=NarrowOop [144]=Oop [176]=Oop [184]=Oop [200]=Oop }
                      ;*invokevirtual addSuppressed {reexecute=0 rethrow=0 return_oop=0}
                      ; - java.util.jar.JarFile::getManifestFromReference@177
                      ; - java.util.jar.JarFile::getManifest@1
                      ; - jdk.internal.loader.URLClassPath$JarLoader$2::getManifest@22
                      ; - java.net.URLClassLoader::defineClass@34
                      ; - java.net.URLClassLoader$1::run@43
                      ; - java.net.URLClassLoader$1::run@1
                      ; - java.security.AccessController::executePrivileged@29
                      ; - java.security.AccessController::doPrivileged@13
                      ; - java.net.URLClassLoader::findClass@13
  0x00000205c58a3f18: 64ab 83ff 

  0x00000205c58a3f1c: ;   {other}
  0x00000205c58a3f1c: 0f1f 8400 | 8c92 00f0 | e9b3 0400 | 0044 8b40 | 0849 ba00 | 0000 d105 | 0200 004d | 03d0 488b 
  0x00000205c58a3f3c: d0e9 8b05 | 0000 e952 | 0400 0048 | 8984 2490 | 0000 00e9 | 4d04 0000 | e940 0400 | 004c 8bd0 
  0x00000205c58a3f5c: e988 0400 | 004c 8bd0 | e980 0400 | 004c 8bd0 | e978 0400 | 004c 8bd0 | e970 0400 | 0048 8944 
  0x00000205c58a3f7c: 2470 488b | 6c24 684c | 8b54 2450 | 4c89 5424 | 2048 8b54 | 2460 4c8b | 9424 b000 | 0000 4c89 
  0x00000205c58a3f9c: 5424 504c | 8b94 24b8 | 0000 004c | 8954 2460 

  0x00000205c58a3fac: ;   {static_call}
  0x00000205c58a3fac: c5f8 77e8 

  0x00000205c58a3fb0: ; ImmutableOopMap {rbp=Oop [64]=Oop [72]=Oop [80]=Oop [88]=Oop [96]=Oop [112]=Oop [136]=NarrowOop [176]=Oop [184]=Oop [200]=Oop }
                      ;*invokestatic endInit {reexecute=0 rethrow=0 return_oop=0}
                      ; - java.util.jar.JarFile::ensureInitialization@53
                      ; - java.util.jar.JavaUtilJarAccessImpl::ensureInitialization@1
                      ; - jdk.internal.loader.URLClassPath$JarLoader$2::getManifest@10
                      ; - java.net.URLClassLoader::defineClass@34
                      ; - java.net.URLClassLoader$1::run@43
                      ; - java.net.URLClassLoader$1::run@1
                      ; - java.security.AccessController::executePrivileged@29
                      ; - java.security.AccessController::doPrivileged@13
                      ; - java.net.URLClassLoader::findClass@13
  0x00000205c58a3fb0: ccb0 83ff 

  0x00000205c58a3fb4: ;   {other}
  0x00000205c58a3fb4: 0f1f 8400 | 2493 00f1 | 4c8b 5424 | 7049 8bda | e94a 0200 | 0048 8bd8 | e942 0200 | 00e9 e304 
  0x00000205c58a3fd4: 0000 e9de | 0400 00e9 | d904 0000 | e9f9 0200 | 00e9 cf04 | 0000 e9ef | 0200 0044 | 8b58 0849 
  0x00000205c58a3ff4: ba00 0000 | d105 0200 | 004d 03d3 | 488b d0e9 | c504 0000 | 4c8b d0e9 | d903 0000 | 448b 5808 
  0x00000205c58a4014: 49ba 0000 | 00d1 0502 | 0000 4d03 | d348 8bd0 | e9a4 0400 | 0048 8bd0 | e99c 0400 | 00e9 8304 
  0x00000205c58a4034: 0000 e97e | 0400 00e9 | 7904 0000 | e948 0400 | 00e9 2d04 | 0000 448b | 4008 49ba | 0000 00d1 
  0x00000205c58a4054: 0502 0000 | 4d03 d04d | 8b5a 504c | 3bdd 75c5 | 4533 c9e9 | bf02 0000 | 4c8b d0e9 | 7503 0000 
  0x00000205c58a4074: 4c8b d0e9 | 6d03 0000 | 4c8b d0e9 | 6503 0000 | 488b d844 | 8b50 0849 | bb00 0000 | d105 0200 
  0x00000205c58a4094: 004d 03da | 4d8b 5348 

  0x00000205c58a409c: ;   {metadata('java/io/IOException')}
  0x00000205c58a409c: 49bb b86c | 04d2 0502 | 0000 4d3b | d30f 8564 | 0100 004c | 8bd8 498b | 87b8 0100 | 004c 8bd0 
  0x00000205c58a40bc: 4983 c228 | 4d3b 97c8 | 0100 000f | 833b 0400 | 004d 8997 | b801 0000 | 410f 0d8a | c000 0000 
  0x00000205c58a40dc: 48c7 0001 

  0x00000205c58a40e0: ;   {metadata('java/lang/RuntimeException')}
  0x00000205c58a40e0: 0000 00c7 | 4008 a8b7 | 0500 4489 | 600c 4c89 | 6010 4c89 | 6018 4c89 | 6020 4c89 | 5c24 604c 
  0x00000205c58a4100: 8bd0 4c89 | 5424 7048 | 8b6c 2468 | 4c8b 5424 | 504c 8954 | 2420 488b | 5424 704c | 8b44 2460 
  0x00000205c58a4120: 4c8b 9424 | b000 0000 | 4c89 5424 | 504c 8b94 | 24b8 0000 | 004c 8954 | 2460 6690 

  0x00000205c58a413c: ;   {optimized virtual_call}
  0x00000205c58a413c: c5f8 77e8 

  0x00000205c58a4140: ; ImmutableOopMap {rbp=Oop [64]=Oop [72]=Oop [80]=Oop [88]=Oop [96]=Oop [112]=Oop [136]=NarrowOop [176]=Oop [184]=Oop [200]=Oop }
                      ;*invokespecial <init> {reexecute=0 rethrow=0 return_oop=0}
                      ; - java.util.jar.JarFile::ensureInitialization@13
                      ; - java.util.jar.JavaUtilJarAccessImpl::ensureInitialization@1
                      ; - jdk.internal.loader.URLClassPath$JarLoader$2::getManifest@10
                      ; - java.net.URLClassLoader::defineClass@34
                      ; - java.net.URLClassLoader$1::run@43
                      ; - java.net.URLClassLoader$1::run@1
                      ; - java.security.AccessController::executePrivileged@29
                      ; - java.security.AccessController::doPrivileged@13
                      ; - java.net.URLClassLoader::findClass@13
  0x00000205c58a4140: 3ca9 83ff 

  0x00000205c58a4144: ;   {other}
  0x00000205c58a4144: 0f1f 8400 | b494 00f2 | 4c8b 5c24 | 5848 8d84 | 24e0 0000 | 0048 8338 | 000f 8479 | 0000 004d 
  0x00000205c58a4164: 8b13 41f6 | c202 0f84 | 6200 0000 | 4983 ba86 | 0000 0000 | 7409 49ff | 8a86 0000 | 00eb 4b49 
  0x00000205c58a4184: 8b82 9600 | 0000 490b | 828e 0000 | 0075 0a49 | c742 3e00 | 0000 00eb | 3d49 83ba | 9e00 0000 
  0x00000205c58a41a4: 0074 2248 | 33c0 49c7 | 423e 0000 | 0000 f083 | 0424 0049 | 83ba 9e00 | 0000 0075 | 0df0 4d0f 
  0x00000205c58a41c4: b17a 3e75 | 0583 c801 | eb0c a800 | eb08 4c8b | 10f0 4d0f | b113 750a | 49ff 8f50 | 0500 0045 
  0x00000205c58a41e4: 33d2 0f85 | 8403 0000 | 488b 6c24 | 6048 8b54 | 2470 4c8b | 5424 504c | 8954 2420 

  0x00000205c58a4200: ;   {runtime_call _rethrow_Java}
  0x00000205c58a4200: c5f8 77e8 

  0x00000205c58a4204: ; ImmutableOopMap {rbp=Oop [32]=Oop [64]=Oop [72]=Oop [176]=Oop }
                      ;*invokevirtual defineClass {reexecute=0 rethrow=0 return_oop=1}
                      ; - java.net.URLClassLoader$1::run@43
                      ; - java.net.URLClassLoader$1::run@1
                      ; - java.security.AccessController::executePrivileged@29
                      ; - java.security.AccessController::doPrivileged@13
                      ; - java.net.URLClassLoader::findClass@13
  0x00000205c58a4204: 785b 88ff 

  0x00000205c58a4208: ;   {other}
  0x00000205c58a4208: 0f1f 8400 | 7895 00f3 | 488b d84c | 8b5c 2458 | 488d 8424 | e000 0000 | 4883 3800 | 0f84 7900 
  0x00000205c58a4228: 0000 4d8b | 1341 f6c2 | 020f 8462 | 0000 0049 | 83ba 8600 | 0000 0074 | 0949 ff8a | 8600 0000 
  0x00000205c58a4248: eb4b 498b | 8296 0000 | 0049 0b82 | 8e00 0000 | 750a 49c7 | 423e 0000 | 0000 eb3d | 4983 ba9e 
  0x00000205c58a4268: 0000 0000 | 7422 4833 | c049 c742 | 3e00 0000 | 00f0 8304 | 2400 4983 | ba9e 0000 | 0000 750d 
  0x00000205c58a4288: f04d 0fb1 | 7a3e 7505 | 83c8 01eb | 0ca8 00eb | 084c 8b10 | f04d 0fb1 | 1375 0a49 | ff8f 5005 
  0x00000205c58a42a8: 0000 4533 | d20f 8439 | 0100 0049 | 8bcb 488d | 9424 e000 | 0000 4d8b | c7c5 f877 | 49ba 40d9 
  0x00000205c58a42c8: e627 f97f | 0000 41ff 

  0x00000205c58a42d0: ;   {other}
  0x00000205c58a42d0: d20f 1f84 | 0000 0000 | 00e9 0e01 | 0000 448b | 5808 49ba | 0000 00d1 | 0502 0000 | 4d03 d348 
  0x00000205c58a42f0: 8bd0 e9d6 | 0100 004c | 8bd0 e9ea | 0000 004c | 8bd0 e9e2 | 0000 00e9 | ad01 0000 | 448b 5808 
  0x00000205c58a4310: 49ba 0000 | 00d1 0502 | 0000 4d03 | d34d 8b5a | 504c 3bdd | 755a 4c8b | 4c24 2048 | 8b6c 2458 
  0x00000205c58a4330: 488b 9424 | b800 0000 | 4c8b 4424 | 3848 8b7c | 2430 4c8b | 9424 b000 | 0000 4c89 | 5424 2090 
  0x00000205c58a4350: ;   {optimized virtual_call}
  0x00000205c58a4350: c5f8 77e8 

  0x00000205c58a4354: ; ImmutableOopMap {rbp=Oop [32]=Oop [48]=Oop [56]=Oop [64]=Oop [72]=Oop [136]=NarrowOop [176]=Oop [184]=Oop }
                      ;*invokevirtual getAndVerifyPackage {reexecute=0 rethrow=0 return_oop=1}
                      ; - java.net.URLClassLoader::defineClass@97
                      ; - java.net.URLClassLoader$1::run@43
                      ; - java.net.URLClassLoader$1::run@1
                      ; - java.security.AccessController::executePrivileged@29
                      ; - java.security.AccessController::doPrivileged@13
                      ; - java.net.URLClassLoader::findClass@13
  0x00000205c58a4354: 28a7 83ff 

  0x00000205c58a4358: ;   {other}
  0x00000205c58a4358: 0f1f 8400 | c896 00f4 | 4885 c00f | 84d8 0100 | 004c 8b44 | 2420 4c8b | 5c24 4844 | 8b8c 2488 
  0x00000205c58a4378: 0000 00e9 | 9193 ffff | 488b d0e9 | 4501 0000 | e92c 0100 | 00e9 2701 | 0000 e922 | 0100 00eb 
  0x00000205c58a4398: 0048 8984 | 2490 0000 | 004c 8b54 | 2470 4d85 | d274 3149 | 8bd2 488b | ac24 b000 | 0000 4c8b 
  0x00000205c58a43b8: 5424 604c | 8954 2430 | 6690 c5f8 | 7748 b8ff | ffff ffff 

  0x00000205c58a43cc: ;   {virtual_call}
  0x00000205c58a43cc: ffff ffe8 

  0x00000205c58a43d0: ; ImmutableOopMap {rbp=Oop [48]=Oop [64]=Oop [72]=Oop [88]=Oop [136]=NarrowOop [144]=Oop [176]=Oop [184]=Oop [200]=Oop }
                      ;*invokevirtual close {reexecute=0 rethrow=0 return_oop=0}
                      ; - java.util.jar.JarFile::getManifestFromReference@165
                      ; - java.util.jar.JarFile::getManifest@1
                      ; - jdk.internal.loader.URLClassPath$JarLoader$2::getManifest@22
                      ; - java.net.URLClassLoader::defineClass@34
                      ; - java.net.URLClassLoader$1::run@43
                      ; - java.net.URLClassLoader$1::run@1
                      ; - java.security.AccessController::executePrivileged@29
                      ; - java.security.AccessController::doPrivileged@13
                      ; - java.net.URLClassLoader::findClass@13
  0x00000205c58a43d0: aca9 83ff 

  0x00000205c58a43d4: ;   {other}
  0x00000205c58a43d4: 0f1f 8400 | 4497 00f5 | 4c8b 9424 | 9000 0000 | eb03 4c8b | d049 8bda | 448b 5b08 | 49ba 0000 
  0x00000205c58a43f4: 00d1 0502 | 0000 4d03 | d348 8bd3 | e9c8 0000 | 00e9 af00 | 0000 e9aa | 0000 00e9 | a500 0000 
  0x00000205c58a4414: e9a0 0000 | 00e9 9b00 | 0000 e996 | 0000 00e9 | 9100 0000 | e98c 0000 | 00e9 8700 | 0000 448b 
  0x00000205c58a4434: 5808 49ba | 0000 00d1 | 0502 0000 | 4d03 d348 | 8bd0 e982 | 0000 0044 | 8b58 0849 | ba00 0000 
  0x00000205c58a4454: d105 0200 | 004d 03d3 | 488b d0eb | 6c44 8b58 | 0849 ba00 | 0000 d105 | 0200 004d | 03d3 488b 
  0x00000205c58a4474: d0eb 5644 | 8b58 0849 | ba00 0000 | d105 0200 | 004d 03d3 | 488b d0eb | 4044 8b58 | 0849 ba00 
  0x00000205c58a4494: 0000 d105 | 0200 004d | 03d3 488b | d0eb 2a44 | 8b58 0849 | ba00 0000 | d105 0200 | 004d 03d3 
  0x00000205c58a44b4: 488b d0eb | 1444 8b58 | 0849 ba00 | 0000 d105 | 0200 004d | 03d3 488b | d04d 8b52 

  0x00000205c58a44d0: ;   {metadata('java/io/IOException')}
  0x00000205c58a44d0: 4849 bbb8 | 6c04 d205 | 0200 004d | 3bd3 7410 

  0x00000205c58a44e0: ;   {runtime_call _rethrow_Java}
  0x00000205c58a44e0: c5f8 77e8 

  0x00000205c58a44e4: ; ImmutableOopMap {[64]=Oop [72]=Oop [176]=Oop [184]=Oop }
                      ;*invokevirtual defineClass {reexecute=0 rethrow=0 return_oop=1}
                      ; - java.net.URLClassLoader$1::run@43
                      ; - java.net.URLClassLoader$1::run@1
                      ; - java.security.AccessController::executePrivileged@29
                      ; - java.security.AccessController::doPrivileged@13
                      ; - java.net.URLClassLoader::findClass@13
  0x00000205c58a44e4: 9858 88ff 

  0x00000205c58a44e8: ;   {other}
  0x00000205c58a44e8: 0f1f 8400 | 5898 00f6 | 488b eaba | 2f00 0000 

  0x00000205c58a44f8: ;   {runtime_call UncommonTrapBlob}
  0x00000205c58a44f8: c5f8 77e8 

  0x00000205c58a44fc: ; ImmutableOopMap {rbp=Oop [64]=Oop [176]=Oop [184]=Oop }
                      ;*new {reexecute=0 rethrow=0 return_oop=0}
                      ; - java.net.URLClassLoader$1::run@48
                      ; - java.net.URLClassLoader$1::run@1
                      ; - java.security.AccessController::executePrivileged@29
                      ; - java.security.AccessController::doPrivileged@13
                      ; - java.net.URLClassLoader::findClass@13
  0x00000205c58a44fc: 80fe 83ff 

  0x00000205c58a4500: ;   {other}
  0x00000205c58a4500: 0f1f 8400 | 7098 00f7 | 4c89 5c24 

  0x00000205c58a450c: ;   {metadata('java/lang/RuntimeException')}
  0x00000205c58a450c: 6048 baa8 | b705 d105 | 0200 0048 | 8b6c 2420 | 4c8b 9424 | b800 0000 | 4c89 5424 | 3066 6690 
  0x00000205c58a452c: ;   {runtime_call _new_instance_Java}
  0x00000205c58a452c: c5f8 77e8 

  0x00000205c58a4530: ; ImmutableOopMap {rbp=Oop [48]=Oop [64]=Oop [72]=Oop [88]=Oop [96]=Oop [104]=Oop [136]=NarrowOop [176]=Oop [184]=Oop [200]=Oop }
                      ;*new {reexecute=0 rethrow=0 return_oop=1}
                      ; - java.util.jar.JarFile::ensureInitialization@8
                      ; - java.util.jar.JavaUtilJarAccessImpl::ensureInitialization@1
                      ; - jdk.internal.loader.URLClassPath$JarLoader$2::getManifest@10
                      ; - java.net.URLClassLoader::defineClass@34
                      ; - java.net.URLClassLoader$1::run@43
                      ; - java.net.URLClassLoader$1::run@1
                      ; - java.security.AccessController::executePrivileged@29
                      ; - java.security.AccessController::doPrivileged@13
                      ; - java.net.URLClassLoader::findClass@13
  0x00000205c58a4530: 4cf8 87ff 

  0x00000205c58a4534: ;   {other}
  0x00000205c58a4534: 0f1f 8400 | a498 00f8 | e9be fbff | ffba fd00 | 0000 488b | 6c24 204c | 8b54 2440 | 4c89 5424 
  0x00000205c58a4554: 204c 8b54 | 2438 4c89 | 5424 3090 

  0x00000205c58a4560: ;   {runtime_call UncommonTrapBlob}
  0x00000205c58a4560: c5f8 77e8 

  0x00000205c58a4564: ; ImmutableOopMap {rbp=Oop [32]=Oop [48]=Oop [72]=Oop [184]=Oop }
                      ;*new {reexecute=0 rethrow=0 return_oop=0}
                      ; - java.net.URLClassLoader::defineClass@103
                      ; - java.net.URLClassLoader$1::run@43
                      ; - java.net.URLClassLoader$1::run@1
                      ; - java.security.AccessController::executePrivileged@29
                      ; - java.security.AccessController::doPrivileged@13
                      ; - java.net.URLClassLoader::findClass@13
  0x00000205c58a4564: 18fe 83ff 

  0x00000205c58a4568: ;   {other}
  0x00000205c58a4568: 0f1f 8400 | d898 00f9 | 498b cb48 | 8d94 24e0 | 0000 004d | 8bc7 c5f8 | 7749 ba40 | d9e6 27f9 
  0x00000205c58a4588: 7f00 0041 

  0x00000205c58a458c: ;   {other}
  0x00000205c58a458c: ffd2 0f1f | 8400 0000 | 0000 e951 

  0x00000205c58a4598: ;   {internal_word}
  0x00000205c58a4598: fcff ff49 | ba90 d889 | c505 0200 | 004d 8997 | 6804 0000 

  0x00000205c58a45ac: ;   {runtime_call SafepointBlob}
  0x00000205c58a45ac: e9cf 0e84 

  0x00000205c58a45b0: ;   {runtime_call StubRoutines (final stubs)}
  0x00000205c58a45b0: ffe8 ea1e | 82ff e923 | 72ff fff4 | f4f4 f4f4 
[Stub Code]
  0x00000205c58a45c0: ;   {no_reloc}
  0x00000205c58a45c0: 48bb 0000 | 0000 0000 

  0x00000205c58a45c8: ;   {runtime_call nmethod}
  0x00000205c58a45c8: 0000 e9fb 

  0x00000205c58a45cc: ;   {static_stub}
  0x00000205c58a45cc: ffff ff48 | bb48 1f21 | d105 0200 

  0x00000205c58a45d8: ;   {runtime_call I2C/C2I adapters}
  0x00000205c58a45d8: 00e9 11aa 

  0x00000205c58a45dc: ;   {static_stub}
  0x00000205c58a45dc: 84ff 48bb | 0000 0000 | 0000 0000 

  0x00000205c58a45e8: ;   {runtime_call nmethod}
  0x00000205c58a45e8: e9fb ffff 

  0x00000205c58a45ec: ;   {static_stub}
  0x00000205c58a45ec: ff48 bb00 | 0000 0000 

  0x00000205c58a45f4: ;   {runtime_call nmethod}
  0x00000205c58a45f4: 0000 00e9 | fbff ffff 

  0x00000205c58a45fc: ;   {static_stub}
  0x00000205c58a45fc: 48bb 0000 | 0000 0000 

  0x00000205c58a4604: ;   {runtime_call nmethod}
  0x00000205c58a4604: 0000 e9fb 

  0x00000205c58a4608: ;   {static_stub}
  0x00000205c58a4608: ffff ff48 | bb00 0000 | 0000 0000 

  0x00000205c58a4614: ;   {runtime_call nmethod}
  0x00000205c58a4614: 00e9 fbff 

  0x00000205c58a4618: ;   {static_stub}
  0x00000205c58a4618: ffff 48bb | 0000 0000 | 0000 0000 

  0x00000205c58a4624: ;   {runtime_call nmethod}
  0x00000205c58a4624: e9fb ffff 

  0x00000205c58a4628: ;   {static_stub}
  0x00000205c58a4628: ff48 bba8 | 0017 d105 

  0x00000205c58a4630: ;   {runtime_call I2C/C2I adapters}
  0x00000205c58a4630: 0200 00e9 | 2bee 83ff 

  0x00000205c58a4638: ;   {static_stub}
  0x00000205c58a4638: 48bb 0000 | 0000 0000 

  0x00000205c58a4640: ;   {runtime_call nmethod}
  0x00000205c58a4640: 0000 e9fb 

  0x00000205c58a4644: ;   {static_stub}
  0x00000205c58a4644: ffff ff48 | bb00 0000 | 0000 0000 

  0x00000205c58a4650: ;   {runtime_call nmethod}
  0x00000205c58a4650: 00e9 fbff 

  0x00000205c58a4654: ;   {static_stub}
  0x00000205c58a4654: ffff 48bb | 0000 0000 | 0000 0000 

  0x00000205c58a4660: ;   {runtime_call nmethod}
  0x00000205c58a4660: e9fb ffff 

  0x00000205c58a4664: ;   {static_stub}
  0x00000205c58a4664: ff48 bb00 | 0000 0000 

  0x00000205c58a466c: ;   {runtime_call nmethod}
  0x00000205c58a466c: 0000 00e9 | fbff ffff 

  0x00000205c58a4674: ;   {static_stub}
  0x00000205c58a4674: 48bb 0000 | 0000 0000 

  0x00000205c58a467c: ;   {runtime_call nmethod}
  0x00000205c58a467c: 0000 e9fb 

  0x00000205c58a4680: ;   {static_stub}
  0x00000205c58a4680: ffff ff48 | bb00 0000 | 0000 0000 

  0x00000205c58a468c: ;   {runtime_call nmethod}
  0x00000205c58a468c: 00e9 fbff 

  0x00000205c58a4690: ;   {static_stub}
  0x00000205c58a4690: ffff 48bb | 0000 0000 | 0000 0000 

  0x00000205c58a469c: ;   {runtime_call nmethod}
  0x00000205c58a469c: e9fb ffff 

  0x00000205c58a46a0: ;   {static_stub}
  0x00000205c58a46a0: ff48 bb00 | 0000 0000 

  0x00000205c58a46a8: ;   {runtime_call nmethod}
  0x00000205c58a46a8: 0000 00e9 | fbff ffff 

  0x00000205c58a46b0: ;   {static_stub}
  0x00000205c58a46b0: 48bb 0000 | 0000 0000 

  0x00000205c58a46b8: ;   {runtime_call nmethod}
  0x00000205c58a46b8: 0000 e9fb 

  0x00000205c58a46bc: ;   {static_stub}
  0x00000205c58a46bc: ffff ff48 | bb00 0000 | 0000 0000 

  0x00000205c58a46c8: ;   {runtime_call nmethod}
  0x00000205c58a46c8: 00e9 fbff 

  0x00000205c58a46cc: ;   {static_stub}
  0x00000205c58a46cc: ffff 48bb | 0000 0000 | 0000 0000 

  0x00000205c58a46d8: ;   {runtime_call nmethod}
  0x00000205c58a46d8: e9fb ffff 

  0x00000205c58a46dc: ;   {static_stub}
  0x00000205c58a46dc: ff48 bb00 | 0000 0000 

  0x00000205c58a46e4: ;   {runtime_call nmethod}
  0x00000205c58a46e4: 0000 00e9 | fbff ffff 

  0x00000205c58a46ec: ;   {static_stub}
  0x00000205c58a46ec: 48bb 0000 | 0000 0000 

  0x00000205c58a46f4: ;   {runtime_call nmethod}
  0x00000205c58a46f4: 0000 e9fb 

  0x00000205c58a46f8: ;   {static_stub}
  0x00000205c58a46f8: ffff ff48 | bb00 0000 | 0000 0000 

  0x00000205c58a4704: ;   {runtime_call nmethod}
  0x00000205c58a4704: 00e9 fbff 

  0x00000205c58a4708: ;   {static_stub}
  0x00000205c58a4708: ffff 48bb | 0000 0000 | 0000 0000 

  0x00000205c58a4714: ;   {runtime_call nmethod}
  0x00000205c58a4714: e9fb ffff 

  0x00000205c58a4718: ;   {static_stub}
  0x00000205c58a4718: ff48 bbe8 | f304 d105 

  0x00000205c58a4720: ;   {runtime_call I2C/C2I adapters}
  0x00000205c58a4720: 0200 00e9 | 4367 83ff 

  0x00000205c58a4728: ;   {static_stub}
  0x00000205c58a4728: 48bb 78cb | 0fd1 0502 

  0x00000205c58a4730: ;   {runtime_call I2C/C2I adapters}
  0x00000205c58a4730: 0000 e92b 

  0x00000205c58a4734: ;   {static_stub}
  0x00000205c58a4734: f183 ff48 | bb00 0000 | 0000 0000 

  0x00000205c58a4740: ;   {runtime_call nmethod}
  0x00000205c58a4740: 00e9 fbff 

  0x00000205c58a4744: ;   {static_stub}
  0x00000205c58a4744: ffff 48bb | 0000 0000 | 0000 0000 

  0x00000205c58a4750: ;   {runtime_call nmethod}
  0x00000205c58a4750: e9fb ffff 

  0x00000205c58a4754: ;   {static_stub}
  0x00000205c58a4754: ff48 bb00 | 0000 0000 

  0x00000205c58a475c: ;   {runtime_call nmethod}
  0x00000205c58a475c: 0000 00e9 | fbff ffff 

  0x00000205c58a4764: ;   {static_stub}
  0x00000205c58a4764: 48bb 0000 | 0000 0000 

  0x00000205c58a476c: ;   {runtime_call nmethod}
  0x00000205c58a476c: 0000 e9fb 

  0x00000205c58a4770: ;   {static_stub}
  0x00000205c58a4770: ffff ff48 | bb00 0000 | 0000 0000 

  0x00000205c58a477c: ;   {runtime_call nmethod}
  0x00000205c58a477c: 00e9 fbff 

  0x00000205c58a4780: ;   {static_stub}
  0x00000205c58a4780: ffff 48bb | 0000 0000 | 0000 0000 

  0x00000205c58a478c: ;   {runtime_call nmethod}
  0x00000205c58a478c: e9fb ffff 

  0x00000205c58a4790: ;   {static_stub}
  0x00000205c58a4790: ff48 bb00 | 0000 0000 

  0x00000205c58a4798: ;   {runtime_call nmethod}
  0x00000205c58a4798: 0000 00e9 | fbff ffff 

  0x00000205c58a47a0: ;   {static_stub}
  0x00000205c58a47a0: 48bb 0000 | 0000 0000 

  0x00000205c58a47a8: ;   {runtime_call nmethod}
  0x00000205c58a47a8: 0000 e9fb 

  0x00000205c58a47ac: ;   {static_stub}
  0x00000205c58a47ac: ffff ff48 | bb00 0000 | 0000 0000 

  0x00000205c58a47b8: ;   {runtime_call nmethod}
  0x00000205c58a47b8: 00e9 fbff 

  0x00000205c58a47bc: ;   {static_stub}
  0x00000205c58a47bc: ffff 48bb | 0000 0000 | 0000 0000 

  0x00000205c58a47c8: ;   {runtime_call nmethod}
  0x00000205c58a47c8: e9fb ffff 

  0x00000205c58a47cc: ;   {static_stub}
  0x00000205c58a47cc: ff48 bb00 | 0000 0000 

  0x00000205c58a47d4: ;   {runtime_call nmethod}
  0x00000205c58a47d4: 0000 00e9 | fbff ffff 

  0x00000205c58a47dc: ;   {static_stub}
  0x00000205c58a47dc: 48bb 0000 | 0000 0000 

  0x00000205c58a47e4: ;   {runtime_call nmethod}
  0x00000205c58a47e4: 0000 e9fb 

  0x00000205c58a47e8: ;   {static_stub}
  0x00000205c58a47e8: ffff ff48 | bb00 0000 | 0000 0000 

  0x00000205c58a47f4: ;   {runtime_call nmethod}
  0x00000205c58a47f4: 00e9 fbff 

  0x00000205c58a47f8: ;   {static_stub}
  0x00000205c58a47f8: ffff 48bb | 0000 0000 | 0000 0000 

  0x00000205c58a4804: ;   {runtime_call nmethod}
  0x00000205c58a4804: e9fb ffff 

  0x00000205c58a4808: ;   {static_stub}
  0x00000205c58a4808: ff48 bb00 | 0000 0000 

  0x00000205c58a4810: ;   {runtime_call nmethod}
  0x00000205c58a4810: 0000 00e9 | fbff ffff 

  0x00000205c58a4818: ;   {static_stub}
  0x00000205c58a4818: 48bb 0000 | 0000 0000 

  0x00000205c58a4820: ;   {runtime_call nmethod}
  0x00000205c58a4820: 0000 e9fb 

  0x00000205c58a4824: ;   {static_stub}
  0x00000205c58a4824: ffff ff48 | bb38 2a45 | d105 0200 

  0x00000205c58a4830: ;   {runtime_call I2C/C2I adapters}
  0x00000205c58a4830: 00e9 b1f7 

  0x00000205c58a4834: ;   {static_stub}
  0x00000205c58a4834: 83ff 48bb | 0000 0000 | 0000 0000 

  0x00000205c58a4840: ;   {runtime_call nmethod}
  0x00000205c58a4840: e9fb ffff 

  0x00000205c58a4844: ;   {static_stub}
  0x00000205c58a4844: ff48 bb00 | 0000 0000 

  0x00000205c58a484c: ;   {runtime_call nmethod}
  0x00000205c58a484c: 0000 00e9 | fbff ffff 

  0x00000205c58a4854: ;   {static_stub}
  0x00000205c58a4854: 48bb 0000 | 0000 0000 

  0x00000205c58a485c: ;   {runtime_call nmethod}
  0x00000205c58a485c: 0000 e9fb 

  0x00000205c58a4860: ;   {static_stub}
  0x00000205c58a4860: ffff ff48 | bb00 0000 | 0000 0000 

  0x00000205c58a486c: ;   {runtime_call nmethod}
  0x00000205c58a486c: 00e9 fbff 

  0x00000205c58a4870: ;   {static_stub}
  0x00000205c58a4870: ffff 48bb | 0000 0000 | 0000 0000 

  0x00000205c58a487c: ;   {runtime_call nmethod}
  0x00000205c58a487c: e9fb ffff 

  0x00000205c58a4880: ;   {static_stub}
  0x00000205c58a4880: ff48 bb00 | 0000 0000 

  0x00000205c58a4888: ;   {runtime_call nmethod}
  0x00000205c58a4888: 0000 00e9 | fbff ffff 

  0x00000205c58a4890: ;   {static_stub}
  0x00000205c58a4890: 48bb 0000 | 0000 0000 

  0x00000205c58a4898: ;   {runtime_call nmethod}
  0x00000205c58a4898: 0000 e9fb 

  0x00000205c58a489c: ;   {static_stub}
  0x00000205c58a489c: ffff ff48 | bb00 0000 | 0000 0000 

  0x00000205c58a48a8: ;   {runtime_call nmethod}
  0x00000205c58a48a8: 00e9 fbff 

  0x00000205c58a48ac: ;   {static_stub}
  0x00000205c58a48ac: ffff 48bb | 0000 0000 | 0000 0000 

  0x00000205c58a48b8: ;   {runtime_call nmethod}
  0x00000205c58a48b8: e9fb ffff 

  0x00000205c58a48bc: ;   {static_stub}
  0x00000205c58a48bc: ff48 bb00 | 0000 0000 

  0x00000205c58a48c4: ;   {runtime_call nmethod}
  0x00000205c58a48c4: 0000 00e9 | fbff ffff 

  0x00000205c58a48cc: ;   {static_stub}
  0x00000205c58a48cc: 48bb d8dd | 16d1 0502 

  0x00000205c58a48d4: ;   {runtime_call I2C/C2I adapters}
  0x00000205c58a48d4: 0000 e90c 

  0x00000205c58a48d8: ;   {static_stub}
  0x00000205c58a48d8: f383 ff48 | bb00 0000 | 0000 0000 

  0x00000205c58a48e4: ;   {runtime_call nmethod}
  0x00000205c58a48e4: 00e9 fbff 

  0x00000205c58a48e8: ;   {static_stub}
  0x00000205c58a48e8: ffff 48bb | 0000 0000 | 0000 0000 

  0x00000205c58a48f4: ;   {runtime_call nmethod}
  0x00000205c58a48f4: e9fb ffff 

  0x00000205c58a48f8: ;   {static_stub}
  0x00000205c58a48f8: ff48 bb00 | 0000 0000 

  0x00000205c58a4900: ;   {runtime_call nmethod}
  0x00000205c58a4900: 0000 00e9 | fbff ffff 

  0x00000205c58a4908: ;   {static_stub}
  0x00000205c58a4908: 48bb 0000 | 0000 0000 

  0x00000205c58a4910: ;   {runtime_call nmethod}
  0x00000205c58a4910: 0000 e9fb 

  0x00000205c58a4914: ;   {static_stub}
  0x00000205c58a4914: ffff ff48 | bb00 0000 | 0000 0000 

  0x00000205c58a4920: ;   {runtime_call nmethod}
  0x00000205c58a4920: 00e9 fbff 

  0x00000205c58a4924: ;   {static_stub}
  0x00000205c58a4924: ffff 48bb | 0000 0000 | 0000 0000 

  0x00000205c58a4930: ;   {runtime_call nmethod}
  0x00000205c58a4930: e9fb ffff 

  0x00000205c58a4934: ;   {static_stub}
  0x00000205c58a4934: ff48 bb00 | 0000 0000 

  0x00000205c58a493c: ;   {runtime_call nmethod}
  0x00000205c58a493c: 0000 00e9 | fbff ffff 
[Exception Handler]
  0x00000205c58a4944: ;   {runtime_call ExceptionBlob}
  0x00000205c58a4944: e937 f787 | ffe8 0000 | 0000 4883 

  0x00000205c58a4950: ;   {runtime_call DeoptimizationBlob}
  0x00000205c58a4950: 2c24 05e9 | c8fd 83ff 
[/MachCode]


---------------  P R O C E S S  ---------------

Threads class SMR info:
_java_thread_list=0x00000205d0a041c0, length=37, elements={
0x00000205ba970030, 0x00000205d0780c90, 0x00000205d07816f0, 0x00000205d0784840,
0x00000205d0789ee0, 0x00000205d078dc40, 0x00000205d078e2b0, 0x00000205d0790330,
0x00000205d0791550, 0x00000205d08b0fe0, 0x00000205d09545f0, 0x00000205eb0b5890,
0x00000205ebb57930, 0x00000205eb1d0ee0, 0x00000205ebfef200, 0x00000205ebdb8f30,
0x00000205ead142f0, 0x00000205eba71990, 0x00000205ebc675c0, 0x00000205ebc67c50,
0x00000205ebc668a0, 0x00000205ebc66210, 0x00000205ebc654f0, 0x00000205ebc682e0,
0x00000205ec754f90, 0x00000205ec757060, 0x00000205ec756340, 0x00000205ec753be0,
0x00000205ec7576f0, 0x00000205ec754900, 0x00000205ec755cb0, 0x00000205ec75a4e0,
0x00000205ec7597c0, 0x00000205ec75ab70, 0x00000205ec757d80, 0x00000205ebc65b80,
0x00000205ec12b7d0
}

Java Threads: ( => current thread )
  0x00000205ba970030 JavaThread "main"                              [_thread_blocked, id=37476, stack(0x0000008140900000,0x0000008140a00000) (1024K)]
  0x00000205d0780c90 JavaThread "Reference Handler"          daemon [_thread_blocked, id=37664, stack(0x0000008141100000,0x0000008141200000) (1024K)]
  0x00000205d07816f0 JavaThread "Finalizer"                  daemon [_thread_blocked, id=37668, stack(0x0000008141200000,0x0000008141300000) (1024K)]
  0x00000205d0784840 JavaThread "Signal Dispatcher"          daemon [_thread_blocked, id=37672, stack(0x0000008141300000,0x0000008141400000) (1024K)]
  0x00000205d0789ee0 JavaThread "Attach Listener"            daemon [_thread_blocked, id=37676, stack(0x0000008141400000,0x0000008141500000) (1024K)]
  0x00000205d078dc40 JavaThread "Service Thread"             daemon [_thread_blocked, id=37680, stack(0x0000008141500000,0x0000008141600000) (1024K)]
  0x00000205d078e2b0 JavaThread "Monitor Deflation Thread"   daemon [_thread_blocked, id=37684, stack(0x0000008141600000,0x0000008141700000) (1024K)]
  0x00000205d0790330 JavaThread "C2 CompilerThread0"         daemon [_thread_blocked, id=37688, stack(0x0000008141700000,0x0000008141800000) (1024K)]
  0x00000205d0791550 JavaThread "C1 CompilerThread0"         daemon [_thread_blocked, id=37692, stack(0x0000008141800000,0x0000008141900000) (1024K)]
  0x00000205d08b0fe0 JavaThread "Common-Cleaner"             daemon [_thread_blocked, id=37744, stack(0x0000008141900000,0x0000008141a00000) (1024K)]
  0x00000205d09545f0 JavaThread "Notification Thread"        daemon [_thread_blocked, id=37772, stack(0x0000008141a00000,0x0000008141b00000) (1024K)]
  0x00000205eb0b5890 JavaThread "Daemon health stats"               [_thread_blocked, id=1436, stack(0x0000008140800000,0x0000008140900000) (1024K)]
  0x00000205ebb57930 JavaThread "Incoming local TCP Connector on port 58189"        [_thread_in_native, id=3516, stack(0x0000008142000000,0x0000008142100000) (1024K)]
  0x00000205eb1d0ee0 JavaThread "Daemon periodic checks"            [_thread_blocked, id=20976, stack(0x0000008142200000,0x0000008142300000) (1024K)]
  0x00000205ebfef200 JavaThread "Daemon"                            [_thread_blocked, id=37336, stack(0x0000008142300000,0x0000008142400000) (1024K)]
  0x00000205ebdb8f30 JavaThread "Handler for socket connection from /127.0.0.1:58189 to /127.0.0.1:51526"        [_thread_in_native, id=16476, stack(0x0000008142400000,0x0000008142500000) (1024K)]
  0x00000205ead142f0 JavaThread "Cancel handler"                    [_thread_blocked, id=34220, stack(0x0000008142500000,0x0000008142600000) (1024K)]
=>0x00000205eba71990 JavaThread "Daemon worker"                     [_thread_in_vm, id=33788, stack(0x0000008142600000,0x0000008142700000) (1024K)]
  0x00000205ebc675c0 JavaThread "Asynchronous log dispatcher for DefaultDaemonConnection: socket connection from /127.0.0.1:58189 to /127.0.0.1:51526"        [_thread_blocked, id=32628, stack(0x0000008142700000,0x0000008142800000) (1024K)]
  0x00000205ebc67c50 JavaThread "Stdin handler"                     [_thread_blocked, id=28628, stack(0x0000008142800000,0x0000008142900000) (1024K)]
  0x00000205ebc668a0 JavaThread "Daemon client event forwarder"        [_thread_blocked, id=39604, stack(0x0000008142900000,0x0000008142a00000) (1024K)]
  0x00000205ebc66210 JavaThread "Cache worker for journal cache (C:\Users\pjoo6\.gradle\caches\journal-1)"        [_thread_blocked, id=27796, stack(0x0000008142a00000,0x0000008142b00000) (1024K)]
  0x00000205ebc654f0 JavaThread "File lock request listener"        [_thread_in_native, id=15184, stack(0x0000008142b00000,0x0000008142c00000) (1024K)]
  0x00000205ebc682e0 JavaThread "Cache worker for file hash cache (C:\Users\pjoo6\.gradle\caches\9.5.1\fileHashes)"        [_thread_blocked, id=18348, stack(0x0000008142d00000,0x0000008142e00000) (1024K)]
  0x00000205ec754f90 JavaThread "Cache worker for file hash cache (C:\Users\pjoo6\OneDrive\바탕 화면\springweb\.gradle\9.5.1\fileHashes)"        [_thread_blocked, id=34388, stack(0x0000008143400000,0x0000008143500000) (1024K)]
  0x00000205ec757060 JavaThread "Cache worker for Build Output Cleanup Cache (C:\Users\pjoo6\OneDrive\바탕 화면\springweb\.gradle\buildOutputCleanup)"        [_thread_blocked, id=39340, stack(0x0000008143500000,0x0000008143600000) (1024K)]
  0x00000205ec756340 JavaThread "File watcher server"        daemon [_thread_in_native, id=30388, stack(0x0000008143600000,0x0000008143700000) (1024K)]
  0x00000205ec753be0 JavaThread "File watcher consumer"      daemon [_thread_blocked, id=14584, stack(0x0000008143700000,0x0000008143800000) (1024K)]
  0x00000205ec7576f0 JavaThread "Cache worker for file content cache (C:\Users\pjoo6\.gradle\caches\9.5.1\fileContent)"        [_thread_blocked, id=35868, stack(0x0000008143800000,0x0000008143900000) (1024K)]
  0x00000205ec754900 JavaThread "Cache worker for checksums cache (C:\Users\pjoo6\OneDrive\바탕 화면\springweb\.gradle\9.5.1\checksums)"        [_thread_blocked, id=39876, stack(0x0000008143900000,0x0000008143a00000) (1024K)]
  0x00000205ec755cb0 JavaThread "Cache worker for cache directory md-supplier (C:\Users\pjoo6\.gradle\caches\9.5.1\md-supplier)"        [_thread_blocked, id=10352, stack(0x0000008143a00000,0x0000008143b00000) (1024K)]
  0x00000205ec75a4e0 JavaThread "Cache worker for cache directory md-rule (C:\Users\pjoo6\.gradle\caches\9.5.1\md-rule)"        [_thread_blocked, id=39672, stack(0x0000008143b00000,0x0000008143c00000) (1024K)]
  0x00000205ec7597c0 JavaThread "jar transforms"                    [_thread_blocked, id=39616, stack(0x0000008140600000,0x0000008140700000) (1024K)]
  0x00000205ec75ab70 JavaThread "jar transforms Thread 2"           [_thread_blocked, id=41616, stack(0x0000008143c00000,0x0000008143d00000) (1024K)]
  0x00000205ec757d80 JavaThread "jar transforms Thread 3"           [_thread_blocked, id=44860, stack(0x0000008143d00000,0x0000008143e00000) (1024K)]
  0x00000205ebc65b80 JavaThread "File lock release action executor Thread 2"        [_thread_blocked, id=22424, stack(0x0000008142100000,0x0000008142200000) (1024K)]
  0x00000205ec12b7d0 JavaThread "jar transforms Thread 4"           [_thread_blocked, id=40284, stack(0x0000008142c00000,0x0000008142d00000) (1024K)]
Total: 37

Other Threads:
  0x00000205d0759410 VMThread "VM Thread"                           [id=37636, stack(0x0000008141000000,0x0000008141100000) (1024K)] _threads_hazard_ptr=0x00000205d0a041c0
  0x00000205d074cb80 WatcherThread "VM Periodic Task Thread"        [id=37632, stack(0x0000008140f00000,0x0000008141000000) (1024K)]
  0x00000205ba99be10 WorkerThread "GC Thread#0"                     [id=37608, stack(0x0000008140a00000,0x0000008140b00000) (1024K)]
  0x00000205ea84d1b0 WorkerThread "GC Thread#1"                     [id=29940, stack(0x0000008140700000,0x0000008140800000) (1024K)]
  0x00000205ea84d560 WorkerThread "GC Thread#2"                     [id=27428, stack(0x0000008141b00000,0x0000008141c00000) (1024K)]
  0x00000205ea55b200 WorkerThread "GC Thread#3"                     [id=32664, stack(0x0000008141c00000,0x0000008141d00000) (1024K)]
  0x00000205ea55b5b0 WorkerThread "GC Thread#4"                     [id=28808, stack(0x0000008141d00000,0x0000008141e00000) (1024K)]
  0x00000205ea55b960 WorkerThread "GC Thread#5"                     [id=27880, stack(0x0000008141e00000,0x0000008141f00000) (1024K)]
  0x00000205eb9969e0 WorkerThread "GC Thread#6"                     [id=35608, stack(0x0000008142e00000,0x0000008142f00000) (1024K)]
  0x00000205eb996d90 WorkerThread "GC Thread#7"                     [id=33776, stack(0x0000008142f00000,0x0000008143000000) (1024K)]
  0x00000205ed3b1740 WorkerThread "GC Thread#8"                     [id=34144, stack(0x0000008143000000,0x0000008143100000) (1024K)]
  0x00000205ed3b0c30 WorkerThread "GC Thread#9"                     [id=17496, stack(0x0000008143100000,0x0000008143200000) (1024K)]
  0x00000205ba9a0d10 ConcurrentGCThread "G1 Main Marker"            [id=37612, stack(0x0000008140b00000,0x0000008140c00000) (1024K)]
  0x00000205ba9a1730 WorkerThread "G1 Conc#0"                       [id=37616, stack(0x0000008140c00000,0x0000008140d00000) (1024K)]
  0x00000205ed3b0fe0 WorkerThread "G1 Conc#1"                       [id=15040, stack(0x0000008143200000,0x0000008143300000) (1024K)]
  0x00000205ed3b3870 WorkerThread "G1 Conc#2"                       [id=9896, stack(0x0000008143300000,0x0000008143400000) (1024K)]
  0x00000205d061aa30 ConcurrentGCThread "G1 Refine#0"               [id=37620, stack(0x0000008140d00000,0x0000008140e00000) (1024K)]
  0x00000205d061f270 ConcurrentGCThread "G1 Service"                [id=37624, stack(0x0000008140e00000,0x0000008140f00000) (1024K)]
Total: 18

Threads with active compile tasks:
C2 CompilerThread0  591657 5351   !   4       sun.reflect.annotation.AnnotationParser::parseAnnotations (37 bytes)
Total: 1

VM state: synchronizing (normal execution)

VM Mutex/Monitor currently owned by a thread:  ([mutex/lock_event])
[0x00007ff9283ef5b0] Threads_lock - owner thread: 0x00000205d0759410

Heap address: 0x00000000e0000000, size: 512 MB, Compressed Oops mode: 32-bit

CDS archive(s) mapped at: [0x00000205d1000000-0x00000205d1ba0000-0x00000205d1ba0000), size 12189696, SharedBaseAddress: 0x00000205d1000000, ArchiveRelocationMode: 1.
Compressed class space mapped at: 0x00000205d2000000-0x00000205e6000000, reserved size: 335544320
Narrow klass base: 0x00000205d1000000, Narrow klass shift: 0, Narrow klass range: 0x100000000

GC Precious Log:
 CardTable entry size: 512
 Card Set container configuration: InlinePtr #cards 5 size 8 Array Of Cards #cards 12 size 40 Howl #buckets 4 coarsen threshold 1843 Howl Bitmap #cards 512 size 80 coarsen threshold 460 Card regions per heap region 1 cards per card region 2048
 CPUs: 12 total, 12 available
 Memory: 16027M
 Large Page Support: Disabled
 NUMA Support: Disabled
 Compressed Oops: Enabled (32-bit)
 Heap Region Size: 1M
 Heap Min Capacity: 256M
 Heap Initial Capacity: 256M
 Heap Max Capacity: 512M
 Pre-touch: Disabled
 Parallel Workers: 10
 Concurrent Workers: 3
 Concurrent Refinement Workers: 10
 Periodic GC: Disabled

Heap:
 garbage-first heap   total 262144K, used 41279K [0x00000000e0000000, 0x0000000100000000)
  region size 1024K, 10 young (10240K), 3 survivors (3072K)
 Metaspace       used 40627K, committed 42176K, reserved 393216K
  class space    used 6023K, committed 6784K, reserved 327680K

Heap Regions: E=young(eden), S=young(survivor), O=old, HS=humongous(starts), HC=humongous(continues), CS=collection set, F=free, TAMS=top-at-mark-start, PB=parsable bottom
|   0|0x00000000e0000000, 0x00000000e0100000, 0x00000000e0100000|100%|HS|  |TAMS 0x00000000e0000000| PB 0x00000000e0000000| Complete 
|   1|0x00000000e0100000, 0x00000000e0200000, 0x00000000e0200000|100%|HC|  |TAMS 0x00000000e0100000| PB 0x00000000e0100000| Complete 
|   2|0x00000000e0200000, 0x00000000e0300000, 0x00000000e0300000|100%|HC|  |TAMS 0x00000000e0200000| PB 0x00000000e0200000| Complete 
|   3|0x00000000e0300000, 0x00000000e0400000, 0x00000000e0400000|100%|HC|  |TAMS 0x00000000e0300000| PB 0x00000000e0300000| Complete 
|   4|0x00000000e0400000, 0x00000000e0500000, 0x00000000e0500000|100%| O|  |TAMS 0x00000000e0400000| PB 0x00000000e0400000| Untracked 
|   5|0x00000000e0500000, 0x00000000e0600000, 0x00000000e0600000|100%| O|  |TAMS 0x00000000e0500000| PB 0x00000000e0500000| Untracked 
|   6|0x00000000e0600000, 0x00000000e0700000, 0x00000000e0700000|100%| O|  |TAMS 0x00000000e0600000| PB 0x00000000e0600000| Untracked 
|   7|0x00000000e0700000, 0x00000000e0800000, 0x00000000e0800000|100%| O|  |TAMS 0x00000000e0700000| PB 0x00000000e0700000| Untracked 
|   8|0x00000000e0800000, 0x00000000e0900000, 0x00000000e0900000|100%|HS|  |TAMS 0x00000000e0800000| PB 0x00000000e0800000| Complete 
|   9|0x00000000e0900000, 0x00000000e0a00000, 0x00000000e0a00000|100%| O|  |TAMS 0x00000000e0900000| PB 0x00000000e0900000| Untracked 
|  10|0x00000000e0a00000, 0x00000000e0b00000, 0x00000000e0b00000|100%| O|  |TAMS 0x00000000e0a00000| PB 0x00000000e0a00000| Untracked 
|  11|0x00000000e0b00000, 0x00000000e0c00000, 0x00000000e0c00000|100%| O|  |TAMS 0x00000000e0b00000| PB 0x00000000e0b00000| Untracked 
|  12|0x00000000e0c00000, 0x00000000e0d00000, 0x00000000e0d00000|100%| O|  |TAMS 0x00000000e0c00000| PB 0x00000000e0c00000| Untracked 
|  13|0x00000000e0d00000, 0x00000000e0e00000, 0x00000000e0e00000|100%| O|  |TAMS 0x00000000e0d00000| PB 0x00000000e0d00000| Untracked 
|  14|0x00000000e0e00000, 0x00000000e0f00000, 0x00000000e0f00000|100%| O|  |TAMS 0x00000000e0e00000| PB 0x00000000e0e00000| Untracked 
|  15|0x00000000e0f00000, 0x00000000e1000000, 0x00000000e1000000|100%| O|  |TAMS 0x00000000e0f00000| PB 0x00000000e0f00000| Untracked 
|  16|0x00000000e1000000, 0x00000000e1100000, 0x00000000e1100000|100%| O|  |TAMS 0x00000000e1000000| PB 0x00000000e1000000| Untracked 
|  17|0x00000000e1100000, 0x00000000e1200000, 0x00000000e1200000|100%| O|  |TAMS 0x00000000e1100000| PB 0x00000000e1100000| Untracked 
|  18|0x00000000e1200000, 0x00000000e1300000, 0x00000000e1300000|100%| O|  |TAMS 0x00000000e1200000| PB 0x00000000e1200000| Untracked 
|  19|0x00000000e1300000, 0x00000000e1400000, 0x00000000e1400000|100%| O|  |TAMS 0x00000000e1300000| PB 0x00000000e1300000| Untracked 
|  20|0x00000000e1400000, 0x00000000e1500000, 0x00000000e1500000|100%| O|  |TAMS 0x00000000e1400000| PB 0x00000000e1400000| Untracked 
|  21|0x00000000e1500000, 0x00000000e1600000, 0x00000000e1600000|100%| O|  |TAMS 0x00000000e1500000| PB 0x00000000e1500000| Untracked 
|  22|0x00000000e1600000, 0x00000000e1700000, 0x00000000e1700000|100%| O|  |TAMS 0x00000000e1600000| PB 0x00000000e1600000| Untracked 
|  23|0x00000000e1700000, 0x00000000e1700000, 0x00000000e1800000|  0%| F|  |TAMS 0x00000000e1700000| PB 0x00000000e1700000| Untracked 
|  24|0x00000000e1800000, 0x00000000e1900000, 0x00000000e1900000|100%| O|  |TAMS 0x00000000e1800000| PB 0x00000000e1800000| Untracked 
|  25|0x00000000e1900000, 0x00000000e1a00000, 0x00000000e1a00000|100%| O|  |TAMS 0x00000000e1900000| PB 0x00000000e1900000| Untracked 
|  26|0x00000000e1a00000, 0x00000000e1b00000, 0x00000000e1b00000|100%| O|  |TAMS 0x00000000e1a00000| PB 0x00000000e1a00000| Untracked 
|  27|0x00000000e1b00000, 0x00000000e1c00000, 0x00000000e1c00000|100%| O|  |TAMS 0x00000000e1b00000| PB 0x00000000e1b00000| Untracked 
|  28|0x00000000e1c00000, 0x00000000e1d00000, 0x00000000e1d00000|100%| O|  |TAMS 0x00000000e1c00000| PB 0x00000000e1c00000| Untracked 
|  29|0x00000000e1d00000, 0x00000000e1e00000, 0x00000000e1e00000|100%| O|  |TAMS 0x00000000e1d00000| PB 0x00000000e1d00000| Untracked 
|  30|0x00000000e1e00000, 0x00000000e1f00000, 0x00000000e1f00000|100%| O|  |TAMS 0x00000000e1e00000| PB 0x00000000e1e00000| Untracked 
|  31|0x00000000e1f00000, 0x00000000e2000000, 0x00000000e2000000|100%| O|  |TAMS 0x00000000e1f00000| PB 0x00000000e1f00000| Untracked 
|  32|0x00000000e2000000, 0x00000000e20a4f48, 0x00000000e2100000| 64%| O|  |TAMS 0x00000000e2000000| PB 0x00000000e2000000| Untracked 
|  33|0x00000000e2100000, 0x00000000e2100000, 0x00000000e2200000|  0%| F|  |TAMS 0x00000000e2100000| PB 0x00000000e2100000| Untracked 
|  34|0x00000000e2200000, 0x00000000e2200000, 0x00000000e2300000|  0%| F|  |TAMS 0x00000000e2200000| PB 0x00000000e2200000| Untracked 
|  35|0x00000000e2300000, 0x00000000e2300000, 0x00000000e2400000|  0%| F|  |TAMS 0x00000000e2300000| PB 0x00000000e2300000| Untracked 
|  36|0x00000000e2400000, 0x00000000e2400000, 0x00000000e2500000|  0%| F|  |TAMS 0x00000000e2400000| PB 0x00000000e2400000| Untracked 
|  37|0x00000000e2500000, 0x00000000e2500000, 0x00000000e2600000|  0%| F|  |TAMS 0x00000000e2500000| PB 0x00000000e2500000| Untracked 
|  38|0x00000000e2600000, 0x00000000e2600000, 0x00000000e2700000|  0%| F|  |TAMS 0x00000000e2600000| PB 0x00000000e2600000| Untracked 
|  39|0x00000000e2700000, 0x00000000e2700000, 0x00000000e2800000|  0%| F|  |TAMS 0x00000000e2700000| PB 0x00000000e2700000| Untracked 
|  40|0x00000000e2800000, 0x00000000e2800000, 0x00000000e2900000|  0%| F|  |TAMS 0x00000000e2800000| PB 0x00000000e2800000| Untracked 
|  41|0x00000000e2900000, 0x00000000e2900000, 0x00000000e2a00000|  0%| F|  |TAMS 0x00000000e2900000| PB 0x00000000e2900000| Untracked 
|  42|0x00000000e2a00000, 0x00000000e2a00000, 0x00000000e2b00000|  0%| F|  |TAMS 0x00000000e2a00000| PB 0x00000000e2a00000| Untracked 
|  43|0x00000000e2b00000, 0x00000000e2b00000, 0x00000000e2c00000|  0%| F|  |TAMS 0x00000000e2b00000| PB 0x00000000e2b00000| Untracked 
|  44|0x00000000e2c00000, 0x00000000e2c00000, 0x00000000e2d00000|  0%| F|  |TAMS 0x00000000e2c00000| PB 0x00000000e2c00000| Untracked 
|  45|0x00000000e2d00000, 0x00000000e2d00000, 0x00000000e2e00000|  0%| F|  |TAMS 0x00000000e2d00000| PB 0x00000000e2d00000| Untracked 
|  46|0x00000000e2e00000, 0x00000000e2e00000, 0x00000000e2f00000|  0%| F|  |TAMS 0x00000000e2e00000| PB 0x00000000e2e00000| Untracked 
|  47|0x00000000e2f00000, 0x00000000e2f00000, 0x00000000e3000000|  0%| F|  |TAMS 0x00000000e2f00000| PB 0x00000000e2f00000| Untracked 
|  48|0x00000000e3000000, 0x00000000e3000000, 0x00000000e3100000|  0%| F|  |TAMS 0x00000000e3000000| PB 0x00000000e3000000| Untracked 
|  49|0x00000000e3100000, 0x00000000e3100000, 0x00000000e3200000|  0%| F|  |TAMS 0x00000000e3100000| PB 0x00000000e3100000| Untracked 
|  50|0x00000000e3200000, 0x00000000e3200000, 0x00000000e3300000|  0%| F|  |TAMS 0x00000000e3200000| PB 0x00000000e3200000| Untracked 
|  51|0x00000000e3300000, 0x00000000e3300000, 0x00000000e3400000|  0%| F|  |TAMS 0x00000000e3300000| PB 0x00000000e3300000| Untracked 
|  52|0x00000000e3400000, 0x00000000e3400000, 0x00000000e3500000|  0%| F|  |TAMS 0x00000000e3400000| PB 0x00000000e3400000| Untracked 
|  53|0x00000000e3500000, 0x00000000e3500000, 0x00000000e3600000|  0%| F|  |TAMS 0x00000000e3500000| PB 0x00000000e3500000| Untracked 
|  54|0x00000000e3600000, 0x00000000e3600000, 0x00000000e3700000|  0%| F|  |TAMS 0x00000000e3600000| PB 0x00000000e3600000| Untracked 
|  55|0x00000000e3700000, 0x00000000e3700000, 0x00000000e3800000|  0%| F|  |TAMS 0x00000000e3700000| PB 0x00000000e3700000| Untracked 
|  56|0x00000000e3800000, 0x00000000e3800000, 0x00000000e3900000|  0%| F|  |TAMS 0x00000000e3800000| PB 0x00000000e3800000| Untracked 
|  57|0x00000000e3900000, 0x00000000e3900000, 0x00000000e3a00000|  0%| F|  |TAMS 0x00000000e3900000| PB 0x00000000e3900000| Untracked 
|  58|0x00000000e3a00000, 0x00000000e3a00000, 0x00000000e3b00000|  0%| F|  |TAMS 0x00000000e3a00000| PB 0x00000000e3a00000| Untracked 
|  59|0x00000000e3b00000, 0x00000000e3b00000, 0x00000000e3c00000|  0%| F|  |TAMS 0x00000000e3b00000| PB 0x00000000e3b00000| Untracked 
|  60|0x00000000e3c00000, 0x00000000e3c00000, 0x00000000e3d00000|  0%| F|  |TAMS 0x00000000e3c00000| PB 0x00000000e3c00000| Untracked 
|  61|0x00000000e3d00000, 0x00000000e3d00000, 0x00000000e3e00000|  0%| F|  |TAMS 0x00000000e3d00000| PB 0x00000000e3d00000| Untracked 
|  62|0x00000000e3e00000, 0x00000000e3e00000, 0x00000000e3f00000|  0%| F|  |TAMS 0x00000000e3e00000| PB 0x00000000e3e00000| Untracked 
|  63|0x00000000e3f00000, 0x00000000e3f00000, 0x00000000e4000000|  0%| F|  |TAMS 0x00000000e3f00000| PB 0x00000000e3f00000| Untracked 
|  64|0x00000000e4000000, 0x00000000e4000000, 0x00000000e4100000|  0%| F|  |TAMS 0x00000000e4000000| PB 0x00000000e4000000| Untracked 
|  65|0x00000000e4100000, 0x00000000e4100000, 0x00000000e4200000|  0%| F|  |TAMS 0x00000000e4100000| PB 0x00000000e4100000| Untracked 
|  66|0x00000000e4200000, 0x00000000e4200000, 0x00000000e4300000|  0%| F|  |TAMS 0x00000000e4200000| PB 0x00000000e4200000| Untracked 
|  67|0x00000000e4300000, 0x00000000e4300000, 0x00000000e4400000|  0%| F|  |TAMS 0x00000000e4300000| PB 0x00000000e4300000| Untracked 
|  68|0x00000000e4400000, 0x00000000e4400000, 0x00000000e4500000|  0%| F|  |TAMS 0x00000000e4400000| PB 0x00000000e4400000| Untracked 
|  69|0x00000000e4500000, 0x00000000e4500000, 0x00000000e4600000|  0%| F|  |TAMS 0x00000000e4500000| PB 0x00000000e4500000| Untracked 
|  70|0x00000000e4600000, 0x00000000e4600000, 0x00000000e4700000|  0%| F|  |TAMS 0x00000000e4600000| PB 0x00000000e4600000| Untracked 
|  71|0x00000000e4700000, 0x00000000e4700000, 0x00000000e4800000|  0%| F|  |TAMS 0x00000000e4700000| PB 0x00000000e4700000| Untracked 
|  72|0x00000000e4800000, 0x00000000e4800000, 0x00000000e4900000|  0%| F|  |TAMS 0x00000000e4800000| PB 0x00000000e4800000| Untracked 
|  73|0x00000000e4900000, 0x00000000e4900000, 0x00000000e4a00000|  0%| F|  |TAMS 0x00000000e4900000| PB 0x00000000e4900000| Untracked 
|  74|0x00000000e4a00000, 0x00000000e4a00000, 0x00000000e4b00000|  0%| F|  |TAMS 0x00000000e4a00000| PB 0x00000000e4a00000| Untracked 
|  75|0x00000000e4b00000, 0x00000000e4b00000, 0x00000000e4c00000|  0%| F|  |TAMS 0x00000000e4b00000| PB 0x00000000e4b00000| Untracked 
|  76|0x00000000e4c00000, 0x00000000e4c00000, 0x00000000e4d00000|  0%| F|  |TAMS 0x00000000e4c00000| PB 0x00000000e4c00000| Untracked 
|  77|0x00000000e4d00000, 0x00000000e4d00000, 0x00000000e4e00000|  0%| F|  |TAMS 0x00000000e4d00000| PB 0x00000000e4d00000| Untracked 
|  78|0x00000000e4e00000, 0x00000000e4e00000, 0x00000000e4f00000|  0%| F|  |TAMS 0x00000000e4e00000| PB 0x00000000e4e00000| Untracked 
|  79|0x00000000e4f00000, 0x00000000e4f00000, 0x00000000e5000000|  0%| F|  |TAMS 0x00000000e4f00000| PB 0x00000000e4f00000| Untracked 
|  80|0x00000000e5000000, 0x00000000e5000000, 0x00000000e5100000|  0%| F|  |TAMS 0x00000000e5000000| PB 0x00000000e5000000| Untracked 
|  81|0x00000000e5100000, 0x00000000e5100000, 0x00000000e5200000|  0%| F|  |TAMS 0x00000000e5100000| PB 0x00000000e5100000| Untracked 
|  82|0x00000000e5200000, 0x00000000e5200000, 0x00000000e5300000|  0%| F|  |TAMS 0x00000000e5200000| PB 0x00000000e5200000| Untracked 
|  83|0x00000000e5300000, 0x00000000e5300000, 0x00000000e5400000|  0%| F|  |TAMS 0x00000000e5300000| PB 0x00000000e5300000| Untracked 
|  84|0x00000000e5400000, 0x00000000e5400000, 0x00000000e5500000|  0%| F|  |TAMS 0x00000000e5400000| PB 0x00000000e5400000| Untracked 
|  85|0x00000000e5500000, 0x00000000e5500000, 0x00000000e5600000|  0%| F|  |TAMS 0x00000000e5500000| PB 0x00000000e5500000| Untracked 
|  86|0x00000000e5600000, 0x00000000e5600000, 0x00000000e5700000|  0%| F|  |TAMS 0x00000000e5600000| PB 0x00000000e5600000| Untracked 
|  87|0x00000000e5700000, 0x00000000e5700000, 0x00000000e5800000|  0%| F|  |TAMS 0x00000000e5700000| PB 0x00000000e5700000| Untracked 
|  88|0x00000000e5800000, 0x00000000e5800000, 0x00000000e5900000|  0%| F|  |TAMS 0x00000000e5800000| PB 0x00000000e5800000| Untracked 
|  89|0x00000000e5900000, 0x00000000e5900000, 0x00000000e5a00000|  0%| F|  |TAMS 0x00000000e5900000| PB 0x00000000e5900000| Untracked 
|  90|0x00000000e5a00000, 0x00000000e5a00000, 0x00000000e5b00000|  0%| F|  |TAMS 0x00000000e5a00000| PB 0x00000000e5a00000| Untracked 
|  91|0x00000000e5b00000, 0x00000000e5b00000, 0x00000000e5c00000|  0%| F|  |TAMS 0x00000000e5b00000| PB 0x00000000e5b00000| Untracked 
|  92|0x00000000e5c00000, 0x00000000e5c00000, 0x00000000e5d00000|  0%| F|  |TAMS 0x00000000e5c00000| PB 0x00000000e5c00000| Untracked 
|  93|0x00000000e5d00000, 0x00000000e5d00000, 0x00000000e5e00000|  0%| F|  |TAMS 0x00000000e5d00000| PB 0x00000000e5d00000| Untracked 
|  94|0x00000000e5e00000, 0x00000000e5e00000, 0x00000000e5f00000|  0%| F|  |TAMS 0x00000000e5e00000| PB 0x00000000e5e00000| Untracked 
|  95|0x00000000e5f00000, 0x00000000e5f00000, 0x00000000e6000000|  0%| F|  |TAMS 0x00000000e5f00000| PB 0x00000000e5f00000| Untracked 
|  96|0x00000000e6000000, 0x00000000e6000000, 0x00000000e6100000|  0%| F|  |TAMS 0x00000000e6000000| PB 0x00000000e6000000| Untracked 
|  97|0x00000000e6100000, 0x00000000e6100000, 0x00000000e6200000|  0%| F|  |TAMS 0x00000000e6100000| PB 0x00000000e6100000| Untracked 
|  98|0x00000000e6200000, 0x00000000e6200000, 0x00000000e6300000|  0%| F|  |TAMS 0x00000000e6200000| PB 0x00000000e6200000| Untracked 
|  99|0x00000000e6300000, 0x00000000e6300000, 0x00000000e6400000|  0%| F|  |TAMS 0x00000000e6300000| PB 0x00000000e6300000| Untracked 
| 100|0x00000000e6400000, 0x00000000e6400000, 0x00000000e6500000|  0%| F|  |TAMS 0x00000000e6400000| PB 0x00000000e6400000| Untracked 
| 101|0x00000000e6500000, 0x00000000e6500000, 0x00000000e6600000|  0%| F|  |TAMS 0x00000000e6500000| PB 0x00000000e6500000| Untracked 
| 102|0x00000000e6600000, 0x00000000e6600000, 0x00000000e6700000|  0%| F|  |TAMS 0x00000000e6600000| PB 0x00000000e6600000| Untracked 
| 103|0x00000000e6700000, 0x00000000e6700000, 0x00000000e6800000|  0%| F|  |TAMS 0x00000000e6700000| PB 0x00000000e6700000| Untracked 
| 104|0x00000000e6800000, 0x00000000e6800000, 0x00000000e6900000|  0%| F|  |TAMS 0x00000000e6800000| PB 0x00000000e6800000| Untracked 
| 105|0x00000000e6900000, 0x00000000e6900000, 0x00000000e6a00000|  0%| F|  |TAMS 0x00000000e6900000| PB 0x00000000e6900000| Untracked 
| 106|0x00000000e6a00000, 0x00000000e6a00000, 0x00000000e6b00000|  0%| F|  |TAMS 0x00000000e6a00000| PB 0x00000000e6a00000| Untracked 
| 107|0x00000000e6b00000, 0x00000000e6b00000, 0x00000000e6c00000|  0%| F|  |TAMS 0x00000000e6b00000| PB 0x00000000e6b00000| Untracked 
| 108|0x00000000e6c00000, 0x00000000e6c00000, 0x00000000e6d00000|  0%| F|  |TAMS 0x00000000e6c00000| PB 0x00000000e6c00000| Untracked 
| 109|0x00000000e6d00000, 0x00000000e6d00000, 0x00000000e6e00000|  0%| F|  |TAMS 0x00000000e6d00000| PB 0x00000000e6d00000| Untracked 
| 110|0x00000000e6e00000, 0x00000000e6e00000, 0x00000000e6f00000|  0%| F|  |TAMS 0x00000000e6e00000| PB 0x00000000e6e00000| Untracked 
| 111|0x00000000e6f00000, 0x00000000e6f00000, 0x00000000e7000000|  0%| F|  |TAMS 0x00000000e6f00000| PB 0x00000000e6f00000| Untracked 
| 112|0x00000000e7000000, 0x00000000e7000000, 0x00000000e7100000|  0%| F|  |TAMS 0x00000000e7000000| PB 0x00000000e7000000| Untracked 
| 113|0x00000000e7100000, 0x00000000e7100000, 0x00000000e7200000|  0%| F|  |TAMS 0x00000000e7100000| PB 0x00000000e7100000| Untracked 
| 114|0x00000000e7200000, 0x00000000e7200000, 0x00000000e7300000|  0%| F|  |TAMS 0x00000000e7200000| PB 0x00000000e7200000| Untracked 
| 115|0x00000000e7300000, 0x00000000e7300000, 0x00000000e7400000|  0%| F|  |TAMS 0x00000000e7300000| PB 0x00000000e7300000| Untracked 
| 116|0x00000000e7400000, 0x00000000e7400000, 0x00000000e7500000|  0%| F|  |TAMS 0x00000000e7400000| PB 0x00000000e7400000| Untracked 
| 117|0x00000000e7500000, 0x00000000e7500000, 0x00000000e7600000|  0%| F|  |TAMS 0x00000000e7500000| PB 0x00000000e7500000| Untracked 
| 118|0x00000000e7600000, 0x00000000e7600000, 0x00000000e7700000|  0%| F|  |TAMS 0x00000000e7600000| PB 0x00000000e7600000| Untracked 
| 119|0x00000000e7700000, 0x00000000e7700000, 0x00000000e7800000|  0%| F|  |TAMS 0x00000000e7700000| PB 0x00000000e7700000| Untracked 
| 120|0x00000000e7800000, 0x00000000e7800000, 0x00000000e7900000|  0%| F|  |TAMS 0x00000000e7800000| PB 0x00000000e7800000| Untracked 
| 121|0x00000000e7900000, 0x00000000e7900000, 0x00000000e7a00000|  0%| F|  |TAMS 0x00000000e7900000| PB 0x00000000e7900000| Untracked 
| 122|0x00000000e7a00000, 0x00000000e7a00000, 0x00000000e7b00000|  0%| F|  |TAMS 0x00000000e7a00000| PB 0x00000000e7a00000| Untracked 
| 123|0x00000000e7b00000, 0x00000000e7b00000, 0x00000000e7c00000|  0%| F|  |TAMS 0x00000000e7b00000| PB 0x00000000e7b00000| Untracked 
| 124|0x00000000e7c00000, 0x00000000e7c00000, 0x00000000e7d00000|  0%| F|  |TAMS 0x00000000e7c00000| PB 0x00000000e7c00000| Untracked 
| 125|0x00000000e7d00000, 0x00000000e7d00000, 0x00000000e7e00000|  0%| F|  |TAMS 0x00000000e7d00000| PB 0x00000000e7d00000| Untracked 
| 126|0x00000000e7e00000, 0x00000000e7e00000, 0x00000000e7f00000|  0%| F|  |TAMS 0x00000000e7e00000| PB 0x00000000e7e00000| Untracked 
| 127|0x00000000e7f00000, 0x00000000e7f00000, 0x00000000e8000000|  0%| F|  |TAMS 0x00000000e7f00000| PB 0x00000000e7f00000| Untracked 
| 128|0x00000000e8000000, 0x00000000e8000000, 0x00000000e8100000|  0%| F|  |TAMS 0x00000000e8000000| PB 0x00000000e8000000| Untracked 
| 129|0x00000000e8100000, 0x00000000e8100000, 0x00000000e8200000|  0%| F|  |TAMS 0x00000000e8100000| PB 0x00000000e8100000| Untracked 
| 130|0x00000000e8200000, 0x00000000e8200000, 0x00000000e8300000|  0%| F|  |TAMS 0x00000000e8200000| PB 0x00000000e8200000| Untracked 
| 131|0x00000000e8300000, 0x00000000e8300000, 0x00000000e8400000|  0%| F|  |TAMS 0x00000000e8300000| PB 0x00000000e8300000| Untracked 
| 132|0x00000000e8400000, 0x00000000e8400000, 0x00000000e8500000|  0%| F|  |TAMS 0x00000000e8400000| PB 0x00000000e8400000| Untracked 
| 133|0x00000000e8500000, 0x00000000e8500000, 0x00000000e8600000|  0%| F|  |TAMS 0x00000000e8500000| PB 0x00000000e8500000| Untracked 
| 134|0x00000000e8600000, 0x00000000e8600000, 0x00000000e8700000|  0%| F|  |TAMS 0x00000000e8600000| PB 0x00000000e8600000| Untracked 
| 135|0x00000000e8700000, 0x00000000e8700000, 0x00000000e8800000|  0%| F|  |TAMS 0x00000000e8700000| PB 0x00000000e8700000| Untracked 
| 136|0x00000000e8800000, 0x00000000e8800000, 0x00000000e8900000|  0%| F|  |TAMS 0x00000000e8800000| PB 0x00000000e8800000| Untracked 
| 137|0x00000000e8900000, 0x00000000e8900000, 0x00000000e8a00000|  0%| F|  |TAMS 0x00000000e8900000| PB 0x00000000e8900000| Untracked 
| 138|0x00000000e8a00000, 0x00000000e8a00000, 0x00000000e8b00000|  0%| F|  |TAMS 0x00000000e8a00000| PB 0x00000000e8a00000| Untracked 
| 139|0x00000000e8b00000, 0x00000000e8b00000, 0x00000000e8c00000|  0%| F|  |TAMS 0x00000000e8b00000| PB 0x00000000e8b00000| Untracked 
| 140|0x00000000e8c00000, 0x00000000e8c00000, 0x00000000e8d00000|  0%| F|  |TAMS 0x00000000e8c00000| PB 0x00000000e8c00000| Untracked 
| 141|0x00000000e8d00000, 0x00000000e8d00000, 0x00000000e8e00000|  0%| F|  |TAMS 0x00000000e8d00000| PB 0x00000000e8d00000| Untracked 
| 142|0x00000000e8e00000, 0x00000000e8e00000, 0x00000000e8f00000|  0%| F|  |TAMS 0x00000000e8e00000| PB 0x00000000e8e00000| Untracked 
| 143|0x00000000e8f00000, 0x00000000e8f00000, 0x00000000e9000000|  0%| F|  |TAMS 0x00000000e8f00000| PB 0x00000000e8f00000| Untracked 
| 144|0x00000000e9000000, 0x00000000e9000000, 0x00000000e9100000|  0%| F|  |TAMS 0x00000000e9000000| PB 0x00000000e9000000| Untracked 
| 145|0x00000000e9100000, 0x00000000e9100000, 0x00000000e9200000|  0%| F|  |TAMS 0x00000000e9100000| PB 0x00000000e9100000| Untracked 
| 146|0x00000000e9200000, 0x00000000e9200000, 0x00000000e9300000|  0%| F|  |TAMS 0x00000000e9200000| PB 0x00000000e9200000| Untracked 
| 147|0x00000000e9300000, 0x00000000e9300000, 0x00000000e9400000|  0%| F|  |TAMS 0x00000000e9300000| PB 0x00000000e9300000| Untracked 
| 148|0x00000000e9400000, 0x00000000e9400000, 0x00000000e9500000|  0%| F|  |TAMS 0x00000000e9400000| PB 0x00000000e9400000| Untracked 
| 149|0x00000000e9500000, 0x00000000e9500000, 0x00000000e9600000|  0%| F|  |TAMS 0x00000000e9500000| PB 0x00000000e9500000| Untracked 
| 150|0x00000000e9600000, 0x00000000e9600000, 0x00000000e9700000|  0%| F|  |TAMS 0x00000000e9600000| PB 0x00000000e9600000| Untracked 
| 151|0x00000000e9700000, 0x00000000e9700000, 0x00000000e9800000|  0%| F|  |TAMS 0x00000000e9700000| PB 0x00000000e9700000| Untracked 
| 152|0x00000000e9800000, 0x00000000e9800000, 0x00000000e9900000|  0%| F|  |TAMS 0x00000000e9800000| PB 0x00000000e9800000| Untracked 
| 153|0x00000000e9900000, 0x00000000e9900000, 0x00000000e9a00000|  0%| F|  |TAMS 0x00000000e9900000| PB 0x00000000e9900000| Untracked 
| 154|0x00000000e9a00000, 0x00000000e9a00000, 0x00000000e9b00000|  0%| F|  |TAMS 0x00000000e9a00000| PB 0x00000000e9a00000| Untracked 
| 155|0x00000000e9b00000, 0x00000000e9b00000, 0x00000000e9c00000|  0%| F|  |TAMS 0x00000000e9b00000| PB 0x00000000e9b00000| Untracked 
| 156|0x00000000e9c00000, 0x00000000e9c00000, 0x00000000e9d00000|  0%| F|  |TAMS 0x00000000e9c00000| PB 0x00000000e9c00000| Untracked 
| 157|0x00000000e9d00000, 0x00000000e9d00000, 0x00000000e9e00000|  0%| F|  |TAMS 0x00000000e9d00000| PB 0x00000000e9d00000| Untracked 
| 158|0x00000000e9e00000, 0x00000000e9e00000, 0x00000000e9f00000|  0%| F|  |TAMS 0x00000000e9e00000| PB 0x00000000e9e00000| Untracked 
| 159|0x00000000e9f00000, 0x00000000e9f00000, 0x00000000ea000000|  0%| F|  |TAMS 0x00000000e9f00000| PB 0x00000000e9f00000| Untracked 
| 160|0x00000000ea000000, 0x00000000ea000000, 0x00000000ea100000|  0%| F|  |TAMS 0x00000000ea000000| PB 0x00000000ea000000| Untracked 
| 161|0x00000000ea100000, 0x00000000ea100000, 0x00000000ea200000|  0%| F|  |TAMS 0x00000000ea100000| PB 0x00000000ea100000| Untracked 
| 162|0x00000000ea200000, 0x00000000ea200000, 0x00000000ea300000|  0%| F|  |TAMS 0x00000000ea200000| PB 0x00000000ea200000| Untracked 
| 163|0x00000000ea300000, 0x00000000ea300000, 0x00000000ea400000|  0%| F|  |TAMS 0x00000000ea300000| PB 0x00000000ea300000| Untracked 
| 164|0x00000000ea400000, 0x00000000ea400000, 0x00000000ea500000|  0%| F|  |TAMS 0x00000000ea400000| PB 0x00000000ea400000| Untracked 
| 165|0x00000000ea500000, 0x00000000ea500000, 0x00000000ea600000|  0%| F|  |TAMS 0x00000000ea500000| PB 0x00000000ea500000| Untracked 
| 166|0x00000000ea600000, 0x00000000ea600000, 0x00000000ea700000|  0%| F|  |TAMS 0x00000000ea600000| PB 0x00000000ea600000| Untracked 
| 167|0x00000000ea700000, 0x00000000ea700000, 0x00000000ea800000|  0%| F|  |TAMS 0x00000000ea700000| PB 0x00000000ea700000| Untracked 
| 168|0x00000000ea800000, 0x00000000ea800000, 0x00000000ea900000|  0%| F|  |TAMS 0x00000000ea800000| PB 0x00000000ea800000| Untracked 
| 169|0x00000000ea900000, 0x00000000ea900000, 0x00000000eaa00000|  0%| F|  |TAMS 0x00000000ea900000| PB 0x00000000ea900000| Untracked 
| 170|0x00000000eaa00000, 0x00000000eaa00000, 0x00000000eab00000|  0%| F|  |TAMS 0x00000000eaa00000| PB 0x00000000eaa00000| Untracked 
| 171|0x00000000eab00000, 0x00000000eab00000, 0x00000000eac00000|  0%| F|  |TAMS 0x00000000eab00000| PB 0x00000000eab00000| Untracked 
| 172|0x00000000eac00000, 0x00000000eac00000, 0x00000000ead00000|  0%| F|  |TAMS 0x00000000eac00000| PB 0x00000000eac00000| Untracked 
| 173|0x00000000ead00000, 0x00000000ead00000, 0x00000000eae00000|  0%| F|  |TAMS 0x00000000ead00000| PB 0x00000000ead00000| Untracked 
| 174|0x00000000eae00000, 0x00000000eae00000, 0x00000000eaf00000|  0%| F|  |TAMS 0x00000000eae00000| PB 0x00000000eae00000| Untracked 
| 175|0x00000000eaf00000, 0x00000000eaf00000, 0x00000000eb000000|  0%| F|  |TAMS 0x00000000eaf00000| PB 0x00000000eaf00000| Untracked 
| 176|0x00000000eb000000, 0x00000000eb000000, 0x00000000eb100000|  0%| F|  |TAMS 0x00000000eb000000| PB 0x00000000eb000000| Untracked 
| 177|0x00000000eb100000, 0x00000000eb100000, 0x00000000eb200000|  0%| F|  |TAMS 0x00000000eb100000| PB 0x00000000eb100000| Untracked 
| 178|0x00000000eb200000, 0x00000000eb200000, 0x00000000eb300000|  0%| F|  |TAMS 0x00000000eb200000| PB 0x00000000eb200000| Untracked 
| 179|0x00000000eb300000, 0x00000000eb300000, 0x00000000eb400000|  0%| F|  |TAMS 0x00000000eb300000| PB 0x00000000eb300000| Untracked 
| 180|0x00000000eb400000, 0x00000000eb400000, 0x00000000eb500000|  0%| F|  |TAMS 0x00000000eb400000| PB 0x00000000eb400000| Untracked 
| 181|0x00000000eb500000, 0x00000000eb500000, 0x00000000eb600000|  0%| F|  |TAMS 0x00000000eb500000| PB 0x00000000eb500000| Untracked 
| 182|0x00000000eb600000, 0x00000000eb600000, 0x00000000eb700000|  0%| F|  |TAMS 0x00000000eb600000| PB 0x00000000eb600000| Untracked 
| 183|0x00000000eb700000, 0x00000000eb700000, 0x00000000eb800000|  0%| F|  |TAMS 0x00000000eb700000| PB 0x00000000eb700000| Untracked 
| 184|0x00000000eb800000, 0x00000000eb800000, 0x00000000eb900000|  0%| F|  |TAMS 0x00000000eb800000| PB 0x00000000eb800000| Untracked 
| 185|0x00000000eb900000, 0x00000000eb900000, 0x00000000eba00000|  0%| F|  |TAMS 0x00000000eb900000| PB 0x00000000eb900000| Untracked 
| 186|0x00000000eba00000, 0x00000000eba00000, 0x00000000ebb00000|  0%| F|  |TAMS 0x00000000eba00000| PB 0x00000000eba00000| Untracked 
| 187|0x00000000ebb00000, 0x00000000ebb00000, 0x00000000ebc00000|  0%| F|  |TAMS 0x00000000ebb00000| PB 0x00000000ebb00000| Untracked 
| 188|0x00000000ebc00000, 0x00000000ebc00000, 0x00000000ebd00000|  0%| F|  |TAMS 0x00000000ebc00000| PB 0x00000000ebc00000| Untracked 
| 189|0x00000000ebd00000, 0x00000000ebd00000, 0x00000000ebe00000|  0%| F|  |TAMS 0x00000000ebd00000| PB 0x00000000ebd00000| Untracked 
| 190|0x00000000ebe00000, 0x00000000ebe00000, 0x00000000ebf00000|  0%| F|  |TAMS 0x00000000ebe00000| PB 0x00000000ebe00000| Untracked 
| 191|0x00000000ebf00000, 0x00000000ebf00000, 0x00000000ec000000|  0%| F|  |TAMS 0x00000000ebf00000| PB 0x00000000ebf00000| Untracked 
| 192|0x00000000ec000000, 0x00000000ec000000, 0x00000000ec100000|  0%| F|  |TAMS 0x00000000ec000000| PB 0x00000000ec000000| Untracked 
| 193|0x00000000ec100000, 0x00000000ec100000, 0x00000000ec200000|  0%| F|  |TAMS 0x00000000ec100000| PB 0x00000000ec100000| Untracked 
| 194|0x00000000ec200000, 0x00000000ec200000, 0x00000000ec300000|  0%| F|  |TAMS 0x00000000ec200000| PB 0x00000000ec200000| Untracked 
| 195|0x00000000ec300000, 0x00000000ec300000, 0x00000000ec400000|  0%| F|  |TAMS 0x00000000ec300000| PB 0x00000000ec300000| Untracked 
| 196|0x00000000ec400000, 0x00000000ec400000, 0x00000000ec500000|  0%| F|  |TAMS 0x00000000ec400000| PB 0x00000000ec400000| Untracked 
| 197|0x00000000ec500000, 0x00000000ec500000, 0x00000000ec600000|  0%| F|  |TAMS 0x00000000ec500000| PB 0x00000000ec500000| Untracked 
| 198|0x00000000ec600000, 0x00000000ec600000, 0x00000000ec700000|  0%| F|  |TAMS 0x00000000ec600000| PB 0x00000000ec600000| Untracked 
| 199|0x00000000ec700000, 0x00000000ec700000, 0x00000000ec800000|  0%| F|  |TAMS 0x00000000ec700000| PB 0x00000000ec700000| Untracked 
| 200|0x00000000ec800000, 0x00000000ec800000, 0x00000000ec900000|  0%| F|  |TAMS 0x00000000ec800000| PB 0x00000000ec800000| Untracked 
| 201|0x00000000ec900000, 0x00000000ec900000, 0x00000000eca00000|  0%| F|  |TAMS 0x00000000ec900000| PB 0x00000000ec900000| Untracked 
| 202|0x00000000eca00000, 0x00000000eca00000, 0x00000000ecb00000|  0%| F|  |TAMS 0x00000000eca00000| PB 0x00000000eca00000| Untracked 
| 203|0x00000000ecb00000, 0x00000000ecb00000, 0x00000000ecc00000|  0%| F|  |TAMS 0x00000000ecb00000| PB 0x00000000ecb00000| Untracked 
| 204|0x00000000ecc00000, 0x00000000ecc00000, 0x00000000ecd00000|  0%| F|  |TAMS 0x00000000ecc00000| PB 0x00000000ecc00000| Untracked 
| 205|0x00000000ecd00000, 0x00000000ecd00000, 0x00000000ece00000|  0%| F|  |TAMS 0x00000000ecd00000| PB 0x00000000ecd00000| Untracked 
| 206|0x00000000ece00000, 0x00000000ece00000, 0x00000000ecf00000|  0%| F|  |TAMS 0x00000000ece00000| PB 0x00000000ece00000| Untracked 
| 207|0x00000000ecf00000, 0x00000000ecf00000, 0x00000000ed000000|  0%| F|  |TAMS 0x00000000ecf00000| PB 0x00000000ecf00000| Untracked 
| 208|0x00000000ed000000, 0x00000000ed000000, 0x00000000ed100000|  0%| F|  |TAMS 0x00000000ed000000| PB 0x00000000ed000000| Untracked 
| 209|0x00000000ed100000, 0x00000000ed100000, 0x00000000ed200000|  0%| F|  |TAMS 0x00000000ed100000| PB 0x00000000ed100000| Untracked 
| 210|0x00000000ed200000, 0x00000000ed200000, 0x00000000ed300000|  0%| F|  |TAMS 0x00000000ed200000| PB 0x00000000ed200000| Untracked 
| 211|0x00000000ed300000, 0x00000000ed300000, 0x00000000ed400000|  0%| F|  |TAMS 0x00000000ed300000| PB 0x00000000ed300000| Untracked 
| 212|0x00000000ed400000, 0x00000000ed400000, 0x00000000ed500000|  0%| F|  |TAMS 0x00000000ed400000| PB 0x00000000ed400000| Untracked 
| 213|0x00000000ed500000, 0x00000000ed500000, 0x00000000ed600000|  0%| F|  |TAMS 0x00000000ed500000| PB 0x00000000ed500000| Untracked 
| 214|0x00000000ed600000, 0x00000000ed600000, 0x00000000ed700000|  0%| F|  |TAMS 0x00000000ed600000| PB 0x00000000ed600000| Untracked 
| 215|0x00000000ed700000, 0x00000000ed700000, 0x00000000ed800000|  0%| F|  |TAMS 0x00000000ed700000| PB 0x00000000ed700000| Untracked 
| 216|0x00000000ed800000, 0x00000000ed800000, 0x00000000ed900000|  0%| F|  |TAMS 0x00000000ed800000| PB 0x00000000ed800000| Untracked 
| 217|0x00000000ed900000, 0x00000000ed900000, 0x00000000eda00000|  0%| F|  |TAMS 0x00000000ed900000| PB 0x00000000ed900000| Untracked 
| 218|0x00000000eda00000, 0x00000000eda00000, 0x00000000edb00000|  0%| F|  |TAMS 0x00000000eda00000| PB 0x00000000eda00000| Untracked 
| 219|0x00000000edb00000, 0x00000000edb00000, 0x00000000edc00000|  0%| F|  |TAMS 0x00000000edb00000| PB 0x00000000edb00000| Untracked 
| 220|0x00000000edc00000, 0x00000000edc00000, 0x00000000edd00000|  0%| F|  |TAMS 0x00000000edc00000| PB 0x00000000edc00000| Untracked 
| 221|0x00000000edd00000, 0x00000000edd00000, 0x00000000ede00000|  0%| F|  |TAMS 0x00000000edd00000| PB 0x00000000edd00000| Untracked 
| 222|0x00000000ede00000, 0x00000000ede00000, 0x00000000edf00000|  0%| F|  |TAMS 0x00000000ede00000| PB 0x00000000ede00000| Untracked 
| 223|0x00000000edf00000, 0x00000000edf00000, 0x00000000ee000000|  0%| F|  |TAMS 0x00000000edf00000| PB 0x00000000edf00000| Untracked 
| 224|0x00000000ee000000, 0x00000000ee000000, 0x00000000ee100000|  0%| F|  |TAMS 0x00000000ee000000| PB 0x00000000ee000000| Untracked 
| 225|0x00000000ee100000, 0x00000000ee100000, 0x00000000ee200000|  0%| F|  |TAMS 0x00000000ee100000| PB 0x00000000ee100000| Untracked 
| 226|0x00000000ee200000, 0x00000000ee200000, 0x00000000ee300000|  0%| F|  |TAMS 0x00000000ee200000| PB 0x00000000ee200000| Untracked 
| 227|0x00000000ee300000, 0x00000000ee300000, 0x00000000ee400000|  0%| F|  |TAMS 0x00000000ee300000| PB 0x00000000ee300000| Untracked 
| 228|0x00000000ee400000, 0x00000000ee400000, 0x00000000ee500000|  0%| F|  |TAMS 0x00000000ee400000| PB 0x00000000ee400000| Untracked 
| 229|0x00000000ee500000, 0x00000000ee500000, 0x00000000ee600000|  0%| F|  |TAMS 0x00000000ee500000| PB 0x00000000ee500000| Untracked 
| 230|0x00000000ee600000, 0x00000000ee600000, 0x00000000ee700000|  0%| F|  |TAMS 0x00000000ee600000| PB 0x00000000ee600000| Untracked 
| 231|0x00000000ee700000, 0x00000000ee700000, 0x00000000ee800000|  0%| F|  |TAMS 0x00000000ee700000| PB 0x00000000ee700000| Untracked 
| 232|0x00000000ee800000, 0x00000000ee8aadb0, 0x00000000ee900000| 66%| S|CS|TAMS 0x00000000ee800000| PB 0x00000000ee800000| Complete 
| 233|0x00000000ee900000, 0x00000000eea00000, 0x00000000eea00000|100%| S|CS|TAMS 0x00000000ee900000| PB 0x00000000ee900000| Complete 
| 234|0x00000000eea00000, 0x00000000eeb00000, 0x00000000eeb00000|100%| S|CS|TAMS 0x00000000eea00000| PB 0x00000000eea00000| Complete 
| 235|0x00000000eeb00000, 0x00000000eeb00000, 0x00000000eec00000|  0%| F|  |TAMS 0x00000000eeb00000| PB 0x00000000eeb00000| Untracked 
| 236|0x00000000eec00000, 0x00000000eec00000, 0x00000000eed00000|  0%| F|  |TAMS 0x00000000eec00000| PB 0x00000000eec00000| Untracked 
| 237|0x00000000eed00000, 0x00000000eed00000, 0x00000000eee00000|  0%| F|  |TAMS 0x00000000eed00000| PB 0x00000000eed00000| Untracked 
| 238|0x00000000eee00000, 0x00000000eee00000, 0x00000000eef00000|  0%| F|  |TAMS 0x00000000eee00000| PB 0x00000000eee00000| Untracked 
| 239|0x00000000eef00000, 0x00000000eef00000, 0x00000000ef000000|  0%| F|  |TAMS 0x00000000eef00000| PB 0x00000000eef00000| Untracked 
| 240|0x00000000ef000000, 0x00000000ef000000, 0x00000000ef100000|  0%| F|  |TAMS 0x00000000ef000000| PB 0x00000000ef000000| Untracked 
| 241|0x00000000ef100000, 0x00000000ef100000, 0x00000000ef200000|  0%| F|  |TAMS 0x00000000ef100000| PB 0x00000000ef100000| Untracked 
| 242|0x00000000ef200000, 0x00000000ef200000, 0x00000000ef300000|  0%| F|  |TAMS 0x00000000ef200000| PB 0x00000000ef200000| Untracked 
| 243|0x00000000ef300000, 0x00000000ef300000, 0x00000000ef400000|  0%| F|  |TAMS 0x00000000ef300000| PB 0x00000000ef300000| Untracked 
| 244|0x00000000ef400000, 0x00000000ef400000, 0x00000000ef500000|  0%| F|  |TAMS 0x00000000ef400000| PB 0x00000000ef400000| Untracked 
| 245|0x00000000ef500000, 0x00000000ef500000, 0x00000000ef600000|  0%| F|  |TAMS 0x00000000ef500000| PB 0x00000000ef500000| Untracked 
| 246|0x00000000ef600000, 0x00000000ef600000, 0x00000000ef700000|  0%| F|  |TAMS 0x00000000ef600000| PB 0x00000000ef600000| Untracked 
| 247|0x00000000ef700000, 0x00000000ef700000, 0x00000000ef800000|  0%| F|  |TAMS 0x00000000ef700000| PB 0x00000000ef700000| Untracked 
| 248|0x00000000ef800000, 0x00000000ef800000, 0x00000000ef900000|  0%| F|  |TAMS 0x00000000ef800000| PB 0x00000000ef800000| Untracked 
| 249|0x00000000ef900000, 0x00000000ef9425d0, 0x00000000efa00000| 25%| E|  |TAMS 0x00000000ef900000| PB 0x00000000ef900000| Complete 
| 250|0x00000000efa00000, 0x00000000efb00000, 0x00000000efb00000|100%| E|CS|TAMS 0x00000000efa00000| PB 0x00000000efa00000| Complete 
| 251|0x00000000efb00000, 0x00000000efc00000, 0x00000000efc00000|100%| E|CS|TAMS 0x00000000efb00000| PB 0x00000000efb00000| Complete 
| 252|0x00000000efc00000, 0x00000000efd00000, 0x00000000efd00000|100%| E|CS|TAMS 0x00000000efc00000| PB 0x00000000efc00000| Complete 
| 253|0x00000000efd00000, 0x00000000efe00000, 0x00000000efe00000|100%| E|CS|TAMS 0x00000000efd00000| PB 0x00000000efd00000| Complete 
| 254|0x00000000efe00000, 0x00000000eff00000, 0x00000000eff00000|100%| E|CS|TAMS 0x00000000efe00000| PB 0x00000000efe00000| Complete 
| 255|0x00000000eff00000, 0x00000000f0000000, 0x00000000f0000000|100%| E|CS|TAMS 0x00000000eff00000| PB 0x00000000eff00000| Complete 

Card table byte_map: [0x00000205cd1b0000,0x00000205cd2b0000] _byte_map_base: 0x00000205ccab0000

Marking Bits: (CMBitMap*) 0x00000205ba99c430
 Bits: [0x00000205cd2b0000, 0x00000205cdab0000)

Polling page: 0x00000205b8760000

Metaspace:

Usage:
  Non-class:     33.79 MB used.
      Class:      5.88 MB used.
       Both:     39.68 MB used.

Virtual space:
  Non-class space:       64.00 MB reserved,      34.56 MB ( 54%) committed,  1 nodes.
      Class space:      320.00 MB reserved,       6.62 MB (  2%) committed,  1 nodes.
             Both:      384.00 MB reserved,      41.19 MB ( 11%) committed. 

Chunk freelists:
   Non-Class:  12.83 MB
       Class:  9.34 MB
        Both:  22.17 MB

MaxMetaspaceSize: 384.00 MB
CompressedClassSpaceSize: 320.00 MB
Initial GC threshold: 21.00 MB
Current GC threshold: 59.94 MB
CDS: on
 - commit_granule_bytes: 65536.
 - commit_granule_words: 8192.
 - virtual_space_node_default_size: 8388608.
 - enlarge_chunks_in_place: 1.
 - use_allocation_guard: 0.


Internal statistics:

num_allocs_failed_limit: 12.
num_arena_births: 2758.
num_arena_deaths: 0.
num_vsnodes_births: 2.
num_vsnodes_deaths: 0.
num_space_committed: 659.
num_space_uncommitted: 0.
num_chunks_returned_to_freelist: 12.
num_chunks_taken_from_freelist: 4759.
num_chunk_merges: 12.
num_chunk_splits: 3072.
num_chunks_enlarged: 1820.
num_inconsistent_stats: 0.

CodeHeap 'non-profiled nmethods': size=120000Kb used=2793Kb max_used=2793Kb free=117206Kb
 bounds [0x00000205c5630000, 0x00000205c58f0000, 0x00000205ccb60000]
CodeHeap 'profiled nmethods': size=120000Kb used=9276Kb max_used=9276Kb free=110724Kb
 bounds [0x00000205bdb60000, 0x00000205be470000, 0x00000205c5090000]
CodeHeap 'non-nmethods': size=5760Kb used=1836Kb max_used=1867Kb free=3923Kb
 bounds [0x00000205c5090000, 0x00000205c5300000, 0x00000205c5630000]
CodeCache: size=245760Kb, used=13905Kb, max_used=13936Kb, free=231853Kb
 total_blobs=5572, nmethods=4860, adapters=616, full_count=0
Compilation: enabled, stopped_count=0, restarted_count=0

Compilation events (20 events):
Event: 567.221 Thread 0x00000205d0791550 5346       3       java.lang.Class::isUnnamedClass (36 bytes)
Event: 567.221 Thread 0x00000205d0791550 nmethod 5346 0x00000205be46be10 code [0x00000205be46bfc0, 0x00000205be46c138]
Event: 567.222 Thread 0x00000205d0790330 nmethod 5343 0x00000205c58e9690 code [0x00000205c58e9800, 0x00000205c58e9888]
Event: 567.302 Thread 0x00000205d0791550 5347       3       com.google.common.reflect.TypeResolver::resolveType (74 bytes)
Event: 567.303 Thread 0x00000205d0791550 nmethod 5347 0x00000205be46c210 code [0x00000205be46c4c0, 0x00000205be46d2e0]
Event: 567.303 Thread 0x00000205d0791550 5348       3       com.google.common.collect.ImmutableSet::<init> (5 bytes)
Event: 567.303 Thread 0x00000205d0790330 5349       4       java.lang.Class::getGenericInfo (52 bytes)
Event: 567.303 Thread 0x00000205d0791550 nmethod 5348 0x00000205be46d590 code [0x00000205be46d740, 0x00000205be46d968]
Event: 567.303 Thread 0x00000205d0791550 5350       3       sun.reflect.generics.tree.MethodTypeSignature::<init> (26 bytes)
Event: 567.303 Thread 0x00000205d0791550 nmethod 5350 0x00000205be46da90 code [0x00000205be46dc40, 0x00000205be46df18]
Event: 567.307 Thread 0x00000205d0791550 5354       3       org.gradle.internal.instantiation.generator.AbstractClassGenerator$ClassGenerationHandler::hasFields (1 bytes)
Event: 567.308 Thread 0x00000205d0791550 nmethod 5354 0x00000205be46e010 code [0x00000205be46e1a0, 0x00000205be46e2a8]
Event: 567.310 Thread 0x00000205d0790330 nmethod 5349 0x00000205c58e9990 code [0x00000205c58e9b60, 0x00000205c58ea000]
Event: 567.310 Thread 0x00000205d0790330 5352       4       org.gradle.internal.instantiation.generator.AbstractClassGenerator$ClassValidator::validateProperty (1 bytes)
Event: 567.311 Thread 0x00000205d0790330 nmethod 5352 0x00000205c58ea210 code [0x00000205c58ea3a0, 0x00000205c58ea428]
Event: 567.311 Thread 0x00000205d0790330 5351   !   4       sun.reflect.annotation.AnnotationParser::parseAnnotations (37 bytes)
Event: 567.344 Thread 0x00000205d0791550 5355       3       java.lang.invoke.DirectMethodHandle$Holder::invokeStatic (26 bytes)
Event: 567.345 Thread 0x00000205d0791550 nmethod 5355 0x00000205be46e310 code [0x00000205be46e4e0, 0x00000205be46ea58]
Event: 567.345 Thread 0x00000205d0791550 5356       3       java.lang.invoke.BoundMethodHandle$Species_LLLLL::make (18 bytes)
Event: 567.345 Thread 0x00000205d0791550 nmethod 5356 0x00000205be46eb90 code [0x00000205be46ed40, 0x00000205be46ef10]

GC Heap History (20 events):
Event: 45.465 GC heap before
{Heap before GC invocations=0 (full 0):
 garbage-first heap   total 262144K, used 26624K [0x00000000e0000000, 0x0000000100000000)
  region size 1024K, 23 young (23552K), 0 survivors (0K)
 Metaspace       used 3183K, committed 3392K, reserved 393216K
  class space    used 387K, committed 512K, reserved 327680K
}
Event: 46.120 GC heap after
{Heap after GC invocations=1 (full 0):
 garbage-first heap   total 262144K, used 11199K [0x00000000e0000000, 0x0000000100000000)
  region size 1024K, 3 young (3072K), 3 survivors (3072K)
 Metaspace       used 3183K, committed 3392K, reserved 393216K
  class space    used 387K, committed 512K, reserved 327680K
}
Event: 81.569 GC heap before
{Heap before GC invocations=1 (full 0):
 garbage-first heap   total 262144K, used 40895K [0x00000000e0000000, 0x0000000100000000)
  region size 1024K, 30 young (30720K), 3 survivors (3072K)
 Metaspace       used 4727K, committed 4928K, reserved 393216K
  class space    used 597K, committed 704K, reserved 327680K
}
Event: 81.575 GC heap after
{Heap after GC invocations=2 (full 0):
 garbage-first heap   total 262144K, used 15370K [0x00000000e0000000, 0x0000000100000000)
  region size 1024K, 3 young (3072K), 3 survivors (3072K)
 Metaspace       used 4727K, committed 4928K, reserved 393216K
  class space    used 597K, committed 704K, reserved 327680K
}
Event: 197.157 GC heap before
{Heap before GC invocations=2 (full 0):
 garbage-first heap   total 262144K, used 124938K [0x00000000e0000000, 0x0000000100000000)
  region size 1024K, 111 young (113664K), 3 survivors (3072K)
 Metaspace       used 20848K, committed 21504K, reserved 393216K
  class space    used 2967K, committed 3328K, reserved 327680K
}
Event: 197.223 GC heap after
{Heap after GC invocations=3 (full 0):
 garbage-first heap   total 262144K, used 24625K [0x00000000e0000000, 0x0000000100000000)
  region size 1024K, 12 young (12288K), 12 survivors (12288K)
 Metaspace       used 20848K, committed 21504K, reserved 393216K
  class space    used 2967K, committed 3328K, reserved 327680K
}
Event: 331.141 GC heap before
{Heap before GC invocations=4 (full 0):
 garbage-first heap   total 262144K, used 137265K [0x00000000e0000000, 0x0000000100000000)
  region size 1024K, 124 young (126976K), 12 survivors (12288K)
 Metaspace       used 34727K, committed 36096K, reserved 393216K
  class space    used 5104K, committed 5760K, reserved 327680K
}
Event: 333.150 GC heap after
{Heap after GC invocations=5 (full 0):
 garbage-first heap   total 262144K, used 31163K [0x00000000e0000000, 0x0000000100000000)
  region size 1024K, 7 young (7168K), 7 survivors (7168K)
 Metaspace       used 34727K, committed 36096K, reserved 393216K
  class space    used 5104K, committed 5760K, reserved 327680K
}
Event: 333.315 GC heap before
{Heap before GC invocations=5 (full 0):
 garbage-first heap   total 262144K, used 32187K [0x00000000e0000000, 0x0000000100000000)
  region size 1024K, 9 young (9216K), 7 survivors (7168K)
 Metaspace       used 35083K, committed 36416K, reserved 393216K
  class space    used 5148K, committed 5824K, reserved 327680K
}
Event: 333.324 GC heap after
{Heap after GC invocations=6 (full 0):
 garbage-first heap   total 262144K, used 31658K [0x00000000e0000000, 0x0000000100000000)
  region size 1024K, 2 young (2048K), 2 survivors (2048K)
 Metaspace       used 35083K, committed 36416K, reserved 393216K
  class space    used 5148K, committed 5824K, reserved 327680K
}
Event: 334.027 GC heap before
{Heap before GC invocations=6 (full 0):
 garbage-first heap   total 262144K, used 34730K [0x00000000e0000000, 0x0000000100000000)
  region size 1024K, 6 young (6144K), 2 survivors (2048K)
 Metaspace       used 35480K, committed 36736K, reserved 393216K
  class space    used 5201K, committed 5824K, reserved 327680K
}
Event: 334.030 GC heap after
{Heap after GC invocations=7 (full 0):
 garbage-first heap   total 262144K, used 31378K [0x00000000e0000000, 0x0000000100000000)
  region size 1024K, 1 young (1024K), 1 survivors (1024K)
 Metaspace       used 35480K, committed 36736K, reserved 393216K
  class space    used 5201K, committed 5824K, reserved 327680K
}
Event: 335.799 GC heap before
{Heap before GC invocations=8 (full 0):
 garbage-first heap   total 262144K, used 42642K [0x00000000e0000000, 0x0000000100000000)
  region size 1024K, 12 young (12288K), 1 survivors (1024K)
 Metaspace       used 36911K, committed 38336K, reserved 393216K
  class space    used 5435K, committed 6144K, reserved 327680K
}
Event: 335.813 GC heap after
{Heap after GC invocations=9 (full 0):
 garbage-first heap   total 262144K, used 32620K [0x00000000e0000000, 0x0000000100000000)
  region size 1024K, 2 young (2048K), 2 survivors (2048K)
 Metaspace       used 36911K, committed 38336K, reserved 393216K
  class space    used 5435K, committed 6144K, reserved 327680K
}
Event: 399.737 GC heap before
{Heap before GC invocations=9 (full 0):
 garbage-first heap   total 262144K, used 41836K [0x00000000e0000000, 0x0000000100000000)
  region size 1024K, 12 young (12288K), 2 survivors (2048K)
 Metaspace       used 37365K, committed 38784K, reserved 393216K
  class space    used 5495K, committed 6208K, reserved 327680K
}
Event: 399.760 GC heap after
{Heap after GC invocations=10 (full 0):
 garbage-first heap   total 262144K, used 33041K [0x00000000e0000000, 0x0000000100000000)
  region size 1024K, 1 young (1024K), 1 survivors (1024K)
 Metaspace       used 37365K, committed 38784K, reserved 393216K
  class space    used 5495K, committed 6208K, reserved 327680K
}
Event: 535.879 GC heap before
{Heap before GC invocations=10 (full 0):
 garbage-first heap   total 262144K, used 47377K [0x00000000e0000000, 0x0000000100000000)
  region size 1024K, 16 young (16384K), 1 survivors (1024K)
 Metaspace       used 37810K, committed 39296K, reserved 393216K
  class space    used 5550K, committed 6272K, reserved 327680K
}
Event: 535.904 GC heap after
{Heap after GC invocations=11 (full 0):
 garbage-first heap   total 262144K, used 33374K [0x00000000e0000000, 0x0000000100000000)
  region size 1024K, 1 young (1024K), 1 survivors (1024K)
 Metaspace       used 37810K, committed 39296K, reserved 393216K
  class space    used 5550K, committed 6272K, reserved 327680K
}
Event: 561.282 GC heap before
{Heap before GC invocations=11 (full 0):
 garbage-first heap   total 262144K, used 53854K [0x00000000e0000000, 0x0000000100000000)
  region size 1024K, 21 young (21504K), 1 survivors (1024K)
 Metaspace       used 39727K, committed 41344K, reserved 393216K
  class space    used 5875K, committed 6656K, reserved 327680K
}
Event: 561.337 GC heap after
{Heap after GC invocations=12 (full 0):
 garbage-first heap   total 262144K, used 35135K [0x00000000e0000000, 0x0000000100000000)
  region size 1024K, 3 young (3072K), 3 survivors (3072K)
 Metaspace       used 39727K, committed 41344K, reserved 393216K
  class space    used 5875K, committed 6656K, reserved 327680K
}

Dll operation events (20 events):
Event: 1.447 Attempting to load shared library C:\Users\pjoo6\.vscode\extensions\redhat.java-1.56.0-win32-x64\jre\21.0.12.1-win32-x86_64\bin\nio.dll
Event: 1.462 Loaded shared library C:\Users\pjoo6\.vscode\extensions\redhat.java-1.56.0-win32-x64\jre\21.0.12.1-win32-x86_64\bin\nio.dll
Event: 1.525 Attempting to load shared library C:\Users\pjoo6\.vscode\extensions\redhat.java-1.56.0-win32-x64\jre\21.0.12.1-win32-x86_64\bin\zip.dll
Event: 1.525 Loaded shared library C:\Users\pjoo6\.vscode\extensions\redhat.java-1.56.0-win32-x64\jre\21.0.12.1-win32-x86_64\bin\zip.dll
Event: 12.182 Attempting to load shared library C:\Users\pjoo6\.vscode\extensions\redhat.java-1.56.0-win32-x64\jre\21.0.12.1-win32-x86_64\bin\jimage.dll
Event: 12.182 Loaded shared library C:\Users\pjoo6\.vscode\extensions\redhat.java-1.56.0-win32-x64\jre\21.0.12.1-win32-x86_64\bin\jimage.dll
Event: 27.442 Attempting to load shared library C:\Users\pjoo6\.vscode\extensions\redhat.java-1.56.0-win32-x64\jre\21.0.12.1-win32-x86_64\bin\verify.dll
Event: 27.801 Loaded shared library C:\Users\pjoo6\.vscode\extensions\redhat.java-1.56.0-win32-x64\jre\21.0.12.1-win32-x86_64\bin\verify.dll
Event: 31.162 Attempting to load shared library C:\Users\pjoo6\.gradle\native\660c5614fbf4a5f2a75b1949f50a0caf5cd603558e7d8a26e50b933a0cfb79d1\windows-amd64\native-platform.dll
Event: 31.274 Loaded shared library C:\Users\pjoo6\.gradle\native\660c5614fbf4a5f2a75b1949f50a0caf5cd603558e7d8a26e50b933a0cfb79d1\windows-amd64\native-platform.dll
Event: 32.272 Attempting to load shared library C:\Users\pjoo6\.gradle\native\0.2.8\x86_64-windows-gnu\gradle-fileevents.dll
Event: 32.292 Loaded shared library C:\Users\pjoo6\.gradle\native\0.2.8\x86_64-windows-gnu\gradle-fileevents.dll
Event: 118.027 Attempting to load shared library C:\Users\pjoo6\.vscode\extensions\redhat.java-1.56.0-win32-x64\jre\21.0.12.1-win32-x86_64\bin\management.dll
Event: 118.053 Loaded shared library C:\Users\pjoo6\.vscode\extensions\redhat.java-1.56.0-win32-x64\jre\21.0.12.1-win32-x86_64\bin\management.dll
Event: 118.927 Attempting to load shared library C:\Users\pjoo6\.vscode\extensions\redhat.java-1.56.0-win32-x64\jre\21.0.12.1-win32-x86_64\bin\management_ext.dll
Event: 118.967 Loaded shared library C:\Users\pjoo6\.vscode\extensions\redhat.java-1.56.0-win32-x64\jre\21.0.12.1-win32-x86_64\bin\management_ext.dll
Event: 137.036 Attempting to load shared library C:\Users\pjoo6\.vscode\extensions\redhat.java-1.56.0-win32-x64\jre\21.0.12.1-win32-x86_64\bin\extnet.dll
Event: 137.104 Loaded shared library C:\Users\pjoo6\.vscode\extensions\redhat.java-1.56.0-win32-x64\jre\21.0.12.1-win32-x86_64\bin\extnet.dll
Event: 181.182 Attempting to load shared library C:\Users\pjoo6\.vscode\extensions\redhat.java-1.56.0-win32-x64\jre\21.0.12.1-win32-x86_64\bin\sunmscapi.dll
Event: 181.265 Loaded shared library C:\Users\pjoo6\.vscode\extensions\redhat.java-1.56.0-win32-x64\jre\21.0.12.1-win32-x86_64\bin\sunmscapi.dll

Deoptimization events (20 events):
Event: 553.786 Thread 0x00000205eba71990 DEOPT PACKING pc=0x00000205c56ec044 sp=0x00000081426f5700
Event: 553.786 Thread 0x00000205eba71990 DEOPT UNPACKING pc=0x00000205c50e4422 sp=0x00000081426f55e8 mode 2
Event: 564.233 Thread 0x00000205eba71990 Uncommon trap: trap_request=0xffffff45 fr.pc=0x00000205c58360f0 relative=0x0000000000000370
Event: 564.233 Thread 0x00000205eba71990 Uncommon trap: reason=unstable_if action=reinterpret pc=0x00000205c58360f0 method=org.gradle.internal.reflect.PropertyAccessorType.isGetGetterName(Ljava/lang/String;)Z @ 14 c2
Event: 564.233 Thread 0x00000205eba71990 DEOPT PACKING pc=0x00000205c58360f0 sp=0x00000081426f8540
Event: 564.233 Thread 0x00000205eba71990 DEOPT UNPACKING pc=0x00000205c50e4422 sp=0x00000081426f8498 mode 2
Event: 565.921 Thread 0x00000205eba71990 Uncommon trap: trap_request=0xffffffc6 fr.pc=0x00000205c565f6c4 relative=0x0000000000000284
Event: 565.921 Thread 0x00000205eba71990 Uncommon trap: reason=bimorphic_or_optimized_type_check action=maybe_recompile pc=0x00000205c565f6c4 method=java.util.stream.StreamOpFlag.fromCharacteristics(Ljava/util/Spliterator;)I @ 14 c2
Event: 565.921 Thread 0x00000205eba71990 DEOPT PACKING pc=0x00000205c565f6c4 sp=0x00000081426f9310
Event: 565.921 Thread 0x00000205eba71990 DEOPT UNPACKING pc=0x00000205c50e4422 sp=0x00000081426f91f8 mode 2
Event: 566.798 Thread 0x00000205eba71990 Uncommon trap: trap_request=0x00000014 fr.pc=0x00000205c56ffa70 relative=0x0000000000000f30
Event: 566.798 Thread 0x00000205eba71990 Uncommon trap: reason=unloaded action=reinterpret pc=0x00000205c56ffa70 method=org.gradle.internal.classloader.TransformingClassLoader.findClass(Ljava/lang/String;)Ljava/lang/Class; @ 14 c2
Event: 566.798 Thread 0x00000205eba71990 DEOPT PACKING pc=0x00000205c56ffa70 sp=0x00000081426f8ae0
Event: 566.798 Thread 0x00000205eba71990 DEOPT UNPACKING pc=0x00000205c50e4422 sp=0x00000081426f89f8 mode 2
Event: 567.077 Thread 0x00000205eba71990 Uncommon trap: trap_request=0xffffff45 fr.pc=0x00000205c583bfa8 relative=0x0000000000000108
Event: 567.077 Thread 0x00000205eba71990 Uncommon trap: reason=unstable_if action=reinterpret pc=0x00000205c583bfa8 method=org.objectweb.asm.ByteVector.putShort(I)Lorg/objectweb/asm/ByteVector; @ 13 c2
Event: 567.077 Thread 0x00000205eba71990 DEOPT PACKING pc=0x00000205c583bfa8 sp=0x00000081426f8420
Event: 567.077 Thread 0x00000205eba71990 DEOPT UNPACKING pc=0x00000205c50e4422 sp=0x00000081426f83b8 mode 2
Event: 567.383 Thread 0x00000205eba71990 DEOPT PACKING pc=0x00000205bdfa2462 sp=0x00000081426f8cf0
Event: 567.383 Thread 0x00000205eba71990 DEOPT UNPACKING pc=0x00000205c50e4bc2 sp=0x00000081426f81b0 mode 0

Classes loaded (20 events):
Event: 521.657 Loading class java/util/stream/Nodes$IntArrayNode done
Event: 521.657 Loading class java/util/stream/Nodes$IntFixedNodeBuilder done
Event: 553.915 Loading class sun/reflect/generics/tree/BooleanSignature
Event: 554.039 Loading class sun/reflect/generics/tree/BooleanSignature done
Event: 554.255 Loading class org/xml/sax/Locator
Event: 554.258 Loading class org/xml/sax/Locator done
Event: 554.335 Loading class org/xml/sax/SAXParseException
Event: 554.348 Loading class org/xml/sax/SAXParseException done
Event: 554.823 Loading class org/xml/sax/Attributes
Event: 554.876 Loading class org/xml/sax/Attributes done
Event: 559.353 Loading class java/util/DualPivotQuicksort
Event: 559.430 Loading class java/util/DualPivotQuicksort done
Event: 563.846 Loading class java/util/function/LongUnaryOperator
Event: 563.858 Loading class java/util/function/LongUnaryOperator done
Event: 565.761 Loading class java/util/TreeMap$KeySpliterator
Event: 565.919 Loading class java/util/TreeMap$TreeMapSpliterator
Event: 565.921 Loading class java/util/TreeMap$TreeMapSpliterator done
Event: 565.921 Loading class java/util/TreeMap$KeySpliterator done
Event: 566.069 Loading class java/util/PrimitiveIterator$OfInt
Event: 566.070 Loading class java/util/PrimitiveIterator$OfInt done

Classes unloaded (0 events):
No events

Classes redefined (0 events):
No events

Internal exceptions (20 events):
Event: 517.680 Thread 0x00000205eba71990 Exception <a 'java/lang/ClassNotFoundException'{0x00000000ef4b1448}: org/gradle/plugin/use/internal/PluginsAwareScriptCustomizer> (0x00000000ef4b1448) 
thrown [s\src\hotspot\share\classfile\systemDictionary.cpp, line 313]
Event: 518.003 Thread 0x00000205eba71990 Exception <a 'java/lang/ClassNotFoundException'{0x00000000ef4c7930}: org/gradle/initialization/SettingsScriptCustomizer> (0x00000000ef4c7930) 
thrown [s\src\hotspot\share\classfile\systemDictionary.cpp, line 313]
Event: 518.631 Thread 0x00000205eba71990 Exception <a 'java/lang/ClassNotFoundException'{0x00000000ef4d5348}: settings_bzhb7hg7eqvxcwilsbcttrqvgCustomizer> (0x00000000ef4d5348) 
thrown [s\src\hotspot\share\classfile\systemDictionary.cpp, line 313]
Event: 520.863 Thread 0x00000205eba71990 Implicit null exception at 0x00000205c5671d2a to 0x00000205c567212c
Event: 521.286 Thread 0x00000205eba71990 Exception <a 'java/lang/NoSuchMethodError'{0x00000000ef3a9630}: 'java.lang.Object java.lang.invoke.DirectMethodHandle$Holder.invokeSpecial(java.lang.Object, java.lang.Object, java.lang.Object, java.lang.Object, int)'> (0x00000000ef3a9630) 
thrown [s\src\hotspot\share\interpreter\linkResolver.cpp, line 773]
Event: 523.060 Thread 0x00000205eba71990 Exception <a 'java/lang/ClassNotFoundException'{0x00000000ef220778}: org/gradle/initialization/DefaultSettings_DecoratedBeanInfo> (0x00000000ef220778) 
thrown [s\src\hotspot\share\classfile\systemDictionary.cpp, line 313]
Event: 523.084 Thread 0x00000205eba71990 Exception <a 'java/lang/ClassNotFoundException'{0x00000000ef232e40}: org/gradle/initialization/DefaultSettingsBeanInfo> (0x00000000ef232e40) 
thrown [s\src\hotspot\share\classfile\systemDictionary.cpp, line 313]
Event: 523.092 Thread 0x00000205eba71990 Exception <a 'java/lang/ClassNotFoundException'{0x00000000ef242178}: org/gradle/initialization/DefaultSettingsCustomizer> (0x00000000ef242178) 
thrown [s\src\hotspot\share\classfile\systemDictionary.cpp, line 313]
Event: 523.349 Thread 0x00000205eba71990 Exception <a 'java/lang/ClassNotFoundException'{0x00000000ef28fba0}: org/gradle/initialization/DefaultSettings_DecoratedCustomizer> (0x00000000ef28fba0) 
thrown [s\src\hotspot\share\classfile\systemDictionary.cpp, line 313]
Event: 524.528 Thread 0x00000205eba71990 Exception <a 'java/lang/ClassNotFoundException'{0x00000000ef14a840}: org/gradle/initialization/DefaultProjectDescriptorBeanInfo> (0x00000000ef14a840) 
thrown [s\src\hotspot\share\classfile\systemDictionary.cpp, line 313]
Event: 524.552 Thread 0x00000205eba71990 Exception <a 'java/lang/ClassNotFoundException'{0x00000000ef1596f0}: org/gradle/initialization/DefaultProjectDescriptorCustomizer> (0x00000000ef1596f0) 
thrown [s\src\hotspot\share\classfile\systemDictionary.cpp, line 313]
Event: 551.479 Thread 0x00000205eba71990 Exception <a 'java/lang/ClassNotFoundException'{0x00000000ef5f6618}: org/gradle/internal/metaobject/ConfigureDelegateBeanInfo> (0x00000000ef5f6618) 
thrown [s\src\hotspot\share\classfile\systemDictionary.cpp, line 313]
Event: 551.867 Thread 0x00000205eba71990 Exception <a 'java/lang/ClassNotFoundException'{0x00000000ef4021a8}: org/gradle/internal/metaobject/ConfigureDelegateCustomizer> (0x00000000ef4021a8) 
thrown [s\src\hotspot\share\classfile\systemDictionary.cpp, line 313]
Event: 553.781 Thread 0x00000205eba71990 Exception <a 'java/lang/ClassNotFoundException'{0x00000000ef374d10}: org/gradle/api/internal/project/DefaultProject_DecoratedBeanInfo> (0x00000000ef374d10) 
thrown [s\src\hotspot\share\classfile\systemDictionary.cpp, line 313]
Event: 553.781 Thread 0x00000205eba71990 Exception <a 'java/lang/ClassNotFoundException'{0x00000000ef381a38}: org/gradle/api/internal/project/DefaultProjectBeanInfo> (0x00000000ef381a38) 
thrown [s\src\hotspot\share\classfile\systemDictionary.cpp, line 313]
Event: 553.782 Thread 0x00000205eba71990 Exception <a 'java/lang/ClassNotFoundException'{0x00000000ef38e610}: org/gradle/api/internal/project/DefaultProjectCustomizer> (0x00000000ef38e610) 
thrown [s\src\hotspot\share\classfile\systemDictionary.cpp, line 313]
Event: 554.080 Thread 0x00000205eba71990 Exception <a 'java/lang/ClassNotFoundException'{0x00000000ef244f58}: org/gradle/api/internal/project/DefaultProject_DecoratedCustomizer> (0x00000000ef244f58) 
thrown [s\src\hotspot\share\classfile\systemDictionary.cpp, line 313]
Event: 555.181 Thread 0x00000205eba71990 Exception <a 'java/lang/ClassNotFoundException'{0x00000000ef2f0c48}: org/gradle/configuration/internal/DefaultListenerBuildOperationDecorator$BuildOperationEmittingClosureBeanInfo> (0x00000000ef2f0c48) 
thrown [s\src\hotspot\share\classfile\systemDictionary.cpp, line 313]
Event: 555.182 Thread 0x00000205eba71990 Exception <a 'java/lang/ClassNotFoundException'{0x00000000ef2fe6d8}: org/gradle/configuration/internal/DefaultListenerBuildOperationDecorator$BuildOperationEmittingClosureCustomizer> (0x00000000ef2fe6d8) 
thrown [s\src\hotspot\share\classfile\systemDictionary.cpp, line 313]
Event: 563.874 Thread 0x00000205eba71990 Exception <a 'java/lang/NoSuchMethodError'{0x00000000efea1438}: 'long java.lang.invoke.DirectMethodHandle$Holder.invokeStatic(java.lang.Object, long)'> (0x00000000efea1438) 
thrown [s\src\hotspot\share\interpreter\linkResolver.cpp, line 773]

ZGC Phase Switch (0 events):
No events

VM Operations (20 events):
Event: 556.256 Executing safepoint VM operation: Cleanup done
Event: 557.270 Executing safepoint VM operation: Cleanup
Event: 557.379 Executing safepoint VM operation: Cleanup done
Event: 559.411 Executing safepoint VM operation: Cleanup
Event: 559.426 Executing safepoint VM operation: Cleanup done
Event: 560.434 Executing safepoint VM operation: Cleanup
Event: 560.638 Executing safepoint VM operation: Cleanup done
Event: 561.240 Executing safepoint VM operation: G1CollectForAllocation (G1 Evacuation Pause)
Event: 561.337 Executing safepoint VM operation: G1CollectForAllocation (G1 Evacuation Pause) done
Event: 562.348 Executing safepoint VM operation: Cleanup
Event: 562.348 Executing safepoint VM operation: Cleanup done
Event: 564.362 Executing safepoint VM operation: Cleanup
Event: 564.441 Executing safepoint VM operation: Cleanup done
Event: 564.913 Executing non-safepoint VM operation: HandshakeAllThreads (Deoptimize)
Event: 564.913 Executing non-safepoint VM operation: HandshakeAllThreads (Deoptimize) done
Event: 565.918 Executing safepoint VM operation: Cleanup
Event: 565.919 Executing safepoint VM operation: Cleanup done
Event: 566.920 Executing safepoint VM operation: Cleanup
Event: 566.954 Executing safepoint VM operation: Cleanup done
Event: 567.958 Executing safepoint VM operation: Cleanup

Memory protections (0 events):
No events

Nmethod flushes (20 events):
Event: 334.075 Thread 0x00000205d0759410 flushing  nmethod 0x00000205bdd3bd10
Event: 334.075 Thread 0x00000205d0759410 flushing  nmethod 0x00000205bdd5e010
Event: 334.075 Thread 0x00000205d0759410 flushing  nmethod 0x00000205bdd5e810
Event: 334.075 Thread 0x00000205d0759410 flushing  nmethod 0x00000205bdd5ef10
Event: 334.075 Thread 0x00000205d0759410 flushing  nmethod 0x00000205bdd60690
Event: 334.075 Thread 0x00000205d0759410 flushing  nmethod 0x00000205bdd96590
Event: 334.075 Thread 0x00000205d0759410 flushing  nmethod 0x00000205bdd9ac90
Event: 334.075 Thread 0x00000205d0759410 flushing  nmethod 0x00000205bddd9190
Event: 334.075 Thread 0x00000205d0759410 flushing  nmethod 0x00000205bdddda10
Event: 334.075 Thread 0x00000205d0759410 flushing  nmethod 0x00000205bddde210
Event: 334.075 Thread 0x00000205d0759410 flushing  nmethod 0x00000205bde0af10
Event: 334.075 Thread 0x00000205d0759410 flushing  nmethod 0x00000205bde0fd10
Event: 334.075 Thread 0x00000205d0759410 flushing  nmethod 0x00000205bde15710
Event: 334.075 Thread 0x00000205d0759410 flushing  nmethod 0x00000205bde16590
Event: 334.075 Thread 0x00000205d0759410 flushing  nmethod 0x00000205bde18390
Event: 334.075 Thread 0x00000205d0759410 flushing  nmethod 0x00000205bde18710
Event: 334.075 Thread 0x00000205d0759410 flushing  nmethod 0x00000205bde70390
Event: 334.075 Thread 0x00000205d0759410 flushing  nmethod 0x00000205bde8c510
Event: 334.075 Thread 0x00000205d0759410 flushing  nmethod 0x00000205bde8dc90
Event: 334.075 Thread 0x00000205d0759410 flushing  nmethod 0x00000205bde96010

Events (20 events):
Event: 184.218 Thread 0x00000205eba71990 Thread added: 0x00000205ebc67c50
Event: 184.247 Thread 0x00000205eba71990 Thread added: 0x00000205ebc668a0
Event: 188.070 Thread 0x00000205eba71990 Thread added: 0x00000205ebc66210
Event: 188.293 Thread 0x00000205eba71990 Thread added: 0x00000205ebc654f0
Event: 189.504 Thread 0x00000205ebc654f0 Thread added: 0x00000205ebc65b80
Event: 190.121 Thread 0x00000205eba71990 Thread added: 0x00000205ebc682e0
Event: 200.269 Thread 0x00000205eba71990 Thread added: 0x00000205ec754f90
Event: 200.649 Thread 0x00000205eba71990 Thread added: 0x00000205ec757060
Event: 203.294 Thread 0x00000205eba71990 Thread added: 0x00000205ec756340
Event: 203.376 Thread 0x00000205eba71990 Thread added: 0x00000205ec753be0
Event: 204.585 Thread 0x00000205eba71990 Thread added: 0x00000205ec7576f0
Event: 205.200 Thread 0x00000205eba71990 Thread added: 0x00000205ec754900
Event: 207.505 Thread 0x00000205eba71990 Thread added: 0x00000205ec755cb0
Event: 207.979 Thread 0x00000205eba71990 Thread added: 0x00000205ec75a4e0
Event: 264.500 Thread 0x00000205eba71990 Thread added: 0x00000205ec7597c0
Event: 309.487 Thread 0x00000205eba71990 Thread added: 0x00000205ec75ab70
Event: 399.952 Thread 0x00000205eba71990 Thread added: 0x00000205ec757d80
Event: 473.423 Thread 0x00000205ebc65b80 Thread exited: 0x00000205ebc65b80
Event: 504.895 Thread 0x00000205ebc654f0 Thread added: 0x00000205ebc65b80
Event: 504.971 Thread 0x00000205eba71990 Thread added: 0x00000205ec12b7d0


Dynamic libraries:
0x00007ff788460000 - 0x00007ff78846e000 	C:\Users\pjoo6\.vscode\extensions\redhat.java-1.56.0-win32-x64\jre\21.0.12.1-win32-x86_64\bin\java.exe
0x00007ff99aa60000 - 0x00007ff99acc6000 	C:\WINDOWS\SYSTEM32\ntdll.dll
0x00007ff99a240000 - 0x00007ff99a309000 	C:\WINDOWS\System32\KERNEL32.DLL
0x00007ff998030000 - 0x00007ff99842f000 	C:\WINDOWS\System32\KERNELBASE.dll
0x00007ff991d00000 - 0x00007ff991d9f000 	C:\WINDOWS\SYSTEM32\apphelp.dll
0x00007ff997e20000 - 0x00007ff997f6c000 	C:\WINDOWS\System32\ucrtbase.dll
0x00007ff967490000 - 0x00007ff9674ae000 	C:\Users\pjoo6\.vscode\extensions\redhat.java-1.56.0-win32-x64\jre\21.0.12.1-win32-x86_64\bin\VCRUNTIME140.dll
0x00007ff956890000 - 0x00007ff9568a8000 	C:\Users\pjoo6\.vscode\extensions\redhat.java-1.56.0-win32-x64\jre\21.0.12.1-win32-x86_64\bin\jli.dll
0x00007ff998cd0000 - 0x00007ff998e96000 	C:\WINDOWS\System32\USER32.dll
0x00007ff997d30000 - 0x00007ff997d57000 	C:\WINDOWS\System32\win32u.dll
0x00007ff999030000 - 0x00007ff99905b000 	C:\WINDOWS\System32\GDI32.dll
0x00007ff9984d0000 - 0x00007ff9985f9000 	C:\WINDOWS\System32\gdi32full.dll
0x00007ff997f80000 - 0x00007ff998023000 	C:\WINDOWS\System32\msvcp_win.dll
0x00007ff96ef70000 - 0x00007ff96f201000 	C:\WINDOWS\WinSxS\amd64_microsoft.windows.common-controls_6595b64144ccf1df_6.0.26100.8972_none_3e0da176e32f9d4b\COMCTL32.dll
0x00007ff998c20000 - 0x00007ff998cc9000 	C:\WINDOWS\System32\msvcrt.dll
0x00007ff99a5d0000 - 0x00007ff99a602000 	C:\WINDOWS\System32\IMM32.DLL
0x00007ff98d290000 - 0x00007ff98d29c000 	C:\Users\pjoo6\.vscode\extensions\redhat.java-1.56.0-win32-x64\jre\21.0.12.1-win32-x86_64\bin\vcruntime140_1.dll
0x00007ff937dd0000 - 0x00007ff937e5d000 	C:\Users\pjoo6\.vscode\extensions\redhat.java-1.56.0-win32-x64\jre\21.0.12.1-win32-x86_64\bin\msvcp140.dll
0x00007ff927730000 - 0x00007ff9284d2000 	C:\Users\pjoo6\.vscode\extensions\redhat.java-1.56.0-win32-x64\jre\21.0.12.1-win32-x86_64\bin\server\jvm.dll
0x00007ff9999e0000 - 0x00007ff999a9c000 	C:\WINDOWS\System32\ADVAPI32.dll
0x00007ff9998d0000 - 0x00007ff99997a000 	C:\WINDOWS\System32\sechost.dll
0x00007ff999480000 - 0x00007ff999598000 	C:\WINDOWS\System32\RPCRT4.dll
0x00007ff998ef0000 - 0x00007ff998f72000 	C:\WINDOWS\System32\WS2_32.dll
0x00007ff997af0000 - 0x00007ff997b4e000 	C:\WINDOWS\SYSTEM32\POWRPROF.dll
0x00007ff98e8e0000 - 0x00007ff98e916000 	C:\WINDOWS\SYSTEM32\WINMM.dll
0x00007ff98b5a0000 - 0x00007ff98b5ab000 	C:\WINDOWS\SYSTEM32\VERSION.dll
0x00007ff997ad0000 - 0x00007ff997ae5000 	C:\WINDOWS\SYSTEM32\UMPDC.dll
0x00007ff996930000 - 0x00007ff99694b000 	C:\WINDOWS\SYSTEM32\kernel.appcore.dll
0x00007ff98aeb0000 - 0x00007ff98aeba000 	C:\Users\pjoo6\.vscode\extensions\redhat.java-1.56.0-win32-x64\jre\21.0.12.1-win32-x86_64\bin\jimage.dll
0x00007ff995310000 - 0x00007ff995552000 	C:\WINDOWS\SYSTEM32\DBGHELP.DLL
0x00007ff999060000 - 0x00007ff9993e5000 	C:\WINDOWS\System32\combase.dll
0x00007ff9995b0000 - 0x00007ff999689000 	C:\WINDOWS\System32\OLEAUT32.dll
0x00007ff96ebb0000 - 0x00007ff96ebeb000 	C:\WINDOWS\SYSTEM32\dbgcore.DLL
0x00007ff997c70000 - 0x00007ff997d1c000 	C:\WINDOWS\System32\bcryptPrimitives.dll
0x00007ff972750000 - 0x00007ff97275f000 	C:\Users\pjoo6\.vscode\extensions\redhat.java-1.56.0-win32-x64\jre\21.0.12.1-win32-x86_64\bin\instrument.dll
0x00007ff947e60000 - 0x00007ff947e80000 	C:\Users\pjoo6\.vscode\extensions\redhat.java-1.56.0-win32-x64\jre\21.0.12.1-win32-x86_64\bin\java.dll
0x00007ff999ab0000 - 0x00007ff99a238000 	C:\WINDOWS\System32\SHELL32.dll
0x00007ff995560000 - 0x00007ff995dfb000 	C:\WINDOWS\SYSTEM32\windows.storage.dll
0x00007ff99a780000 - 0x00007ff99a879000 	C:\WINDOWS\System32\SHCORE.dll
0x00007ff9996b0000 - 0x00007ff999716000 	C:\WINDOWS\System32\shlwapi.dll
0x00007ff997b90000 - 0x00007ff997bb9000 	C:\WINDOWS\SYSTEM32\profapi.dll
0x00007ff947ce0000 - 0x00007ff947cf8000 	C:\Users\pjoo6\.vscode\extensions\redhat.java-1.56.0-win32-x64\jre\21.0.12.1-win32-x86_64\bin\zip.dll
0x00007ff979fa0000 - 0x00007ff979fb0000 	C:\Users\pjoo6\.vscode\extensions\redhat.java-1.56.0-win32-x64\jre\21.0.12.1-win32-x86_64\bin\net.dll
0x00007ff98da70000 - 0x00007ff98db98000 	C:\WINDOWS\SYSTEM32\WINHTTP.dll
0x00007ff996ef0000 - 0x00007ff996f5c000 	C:\WINDOWS\system32\mswsock.dll
0x00007ff947590000 - 0x00007ff9475a6000 	C:\Users\pjoo6\.vscode\extensions\redhat.java-1.56.0-win32-x64\jre\21.0.12.1-win32-x86_64\bin\nio.dll
0x00007ff96fea0000 - 0x00007ff96feb0000 	C:\Users\pjoo6\.vscode\extensions\redhat.java-1.56.0-win32-x64\jre\21.0.12.1-win32-x86_64\bin\verify.dll
0x00007ff93fb20000 - 0x00007ff93fb47000 	C:\Users\pjoo6\.gradle\native\660c5614fbf4a5f2a75b1949f50a0caf5cd603558e7d8a26e50b933a0cfb79d1\windows-amd64\native-platform.dll
0x00007ff9351d0000 - 0x00007ff935247000 	C:\Users\pjoo6\.gradle\native\0.2.8\x86_64-windows-gnu\gradle-fileevents.dll
0x00007ff96cde0000 - 0x00007ff96cdea000 	C:\Users\pjoo6\.vscode\extensions\redhat.java-1.56.0-win32-x64\jre\21.0.12.1-win32-x86_64\bin\management.dll
0x00007ff967940000 - 0x00007ff96794c000 	C:\Users\pjoo6\.vscode\extensions\redhat.java-1.56.0-win32-x64\jre\21.0.12.1-win32-x86_64\bin\management_ext.dll
0x00007ff9998c0000 - 0x00007ff9998c8000 	C:\WINDOWS\System32\PSAPI.DLL
0x00007ff9962d0000 - 0x00007ff996303000 	C:\WINDOWS\SYSTEM32\IPHLPAPI.DLL
0x00007ff99a880000 - 0x00007ff99a88a000 	C:\WINDOWS\System32\NSI.dll
0x00007ff967610000 - 0x00007ff967619000 	C:\Users\pjoo6\.vscode\extensions\redhat.java-1.56.0-win32-x64\jre\21.0.12.1-win32-x86_64\bin\extnet.dll
0x00007ff997200000 - 0x00007ff99721b000 	C:\WINDOWS\SYSTEM32\CRYPTSP.dll
0x00007ff996890000 - 0x00007ff9968c9000 	C:\WINDOWS\system32\rsaenh.dll
0x00007ff996fa0000 - 0x00007ff996fd2000 	C:\WINDOWS\SYSTEM32\USERENV.dll
0x00007ff997b60000 - 0x00007ff997b8a000 	C:\WINDOWS\SYSTEM32\bcrypt.dll
0x00007ff997220000 - 0x00007ff99722c000 	C:\WINDOWS\SYSTEM32\CRYPTBASE.dll
0x00007ff967270000 - 0x00007ff96727e000 	C:\Users\pjoo6\.vscode\extensions\redhat.java-1.56.0-win32-x64\jre\21.0.12.1-win32-x86_64\bin\sunmscapi.dll
0x00007ff998600000 - 0x00007ff99877e000 	C:\WINDOWS\System32\CRYPT32.dll
0x00007ff997440000 - 0x00007ff997470000 	C:\WINDOWS\SYSTEM32\ncrypt.dll
0x00007ff9973f0000 - 0x00007ff99742f000 	C:\WINDOWS\SYSTEM32\NTASN1.dll
0x00007ff96bab0000 - 0x00007ff96bab8000 	C:\WINDOWS\system32\wshunix.dll

JVMTI agents:
C:\Users\pjoo6\.gradle\wrapper\dists\gradle-9.5.1-bin\iq79hdu3mqx29lgffhp8bfmx\gradle-9.5.1\lib\agents\gradle-instrumentation-agent-9.5.1.jar path:C:\Users\pjoo6\.vscode\extensions\redhat.java-1.56.0-win32-x64\jre\21.0.12.1-win32-x86_64\bin\instrument.dll, loaded, initialized, instrumentlib options:none

dbghelp: loaded successfully - version: 4.0.5 - missing functions: none
symbol engine: initialized successfully - sym options: 0x614 - pdb path: .;C:\Users\pjoo6\.vscode\extensions\redhat.java-1.56.0-win32-x64\jre\21.0.12.1-win32-x86_64\bin;C:\WINDOWS\SYSTEM32;C:\WINDOWS\WinSxS\amd64_microsoft.windows.common-controls_6595b64144ccf1df_6.0.26100.8972_none_3e0da176e32f9d4b;C:\Users\pjoo6\.vscode\extensions\redhat.java-1.56.0-win32-x64\jre\21.0.12.1-win32-x86_64\bin\server;C:\Users\pjoo6\.gradle\native\660c5614fbf4a5f2a75b1949f50a0caf5cd603558e7d8a26e50b933a0cfb79d1\windows-amd64;C:\Users\pjoo6\.gradle\native\0.2.8\x86_64-windows-gnu

VM Arguments:
jvm_args: --add-opens=java.base/java.lang=ALL-UNNAMED --add-opens=java.base/java.lang.invoke=ALL-UNNAMED --add-opens=java.base/java.util=ALL-UNNAMED --add-opens=java.prefs/java.util.prefs=ALL-UNNAMED --add-exports=jdk.compiler/com.sun.tools.javac.api=ALL-UNNAMED --add-exports=jdk.compiler/com.sun.tools.javac.util=ALL-UNNAMED --add-opens=java.base/java.nio.charset=ALL-UNNAMED --add-opens=java.base/java.net=ALL-UNNAMED --add-opens=java.base/java.util.concurrent=ALL-UNNAMED --add-opens=java.base/java.util.concurrent.atomic=ALL-UNNAMED --add-opens=java.xml/javax.xml.namespace=ALL-UNNAMED --add-opens=java.base/java.time=ALL-UNNAMED -XX:MaxMetaspaceSize=384m -XX:+HeapDumpOnOutOfMemoryError -Xms256m -Xmx512m -Dfile.encoding=UTF-8 -Duser.country=KR -Duser.language=ko -Duser.variant -javaagent:C:\Users\pjoo6\.gradle\wrapper\dists\gradle-9.5.1-bin\iq79hdu3mqx29lgffhp8bfmx\gradle-9.5.1\lib\agents\gradle-instrumentation-agent-9.5.1.jar 
java_command: org.gradle.launcher.daemon.bootstrap.GradleDaemon 9.5.1
java_class_path (initial): C:\Users\pjoo6\.gradle\wrapper\dists\gradle-9.5.1-bin\iq79hdu3mqx29lgffhp8bfmx\gradle-9.5.1\lib\gradle-daemon-main-9.5.1.jar
Launcher Type: SUN_STANDARD

[Global flags]
     intx CICompilerCount                          = 4                                         {product} {ergonomic}
   size_t CompressedClassSpaceSize                 = 335544320                                 {product} {ergonomic}
     uint ConcGCThreads                            = 3                                         {product} {ergonomic}
     uint G1ConcRefinementThreads                  = 10                                        {product} {ergonomic}
   size_t G1HeapRegionSize                         = 1048576                                   {product} {ergonomic}
    uintx GCDrainStackTargetSize                   = 64                                        {product} {ergonomic}
     bool HeapDumpOnOutOfMemoryError               = true                                   {manageable} {command line}
   size_t InitialHeapSize                          = 268435456                                 {product} {command line}
   size_t MarkStackSize                            = 4194304                                   {product} {ergonomic}
   size_t MaxHeapSize                              = 536870912                                 {product} {command line}
   size_t MaxMetaspaceSize                         = 402653184                                 {product} {command line}
   size_t MaxNewSize                               = 321912832                                 {product} {ergonomic}
   size_t MinHeapDeltaBytes                        = 1048576                                   {product} {ergonomic}
   size_t MinHeapSize                              = 268435456                                 {product} {command line}
    uintx NonNMethodCodeHeapSize                   = 5839372                                {pd product} {ergonomic}
    uintx NonProfiledCodeHeapSize                  = 122909434                              {pd product} {ergonomic}
    uintx ProfiledCodeHeapSize                     = 122909434                              {pd product} {ergonomic}
    uintx ReservedCodeCacheSize                    = 251658240                              {pd product} {ergonomic}
     bool SegmentedCodeCache                       = true                                      {product} {ergonomic}
   size_t SoftMaxHeapSize                          = 536870912                              {manageable} {ergonomic}
     bool UseCompressedOops                        = true                           {product lp64_product} {ergonomic}
     bool UseG1GC                                  = true                                      {product} {ergonomic}
     bool UseLargePagesIndividualAllocation        = false                                  {pd product} {ergonomic}

Logging:
Log output configuration:
 #0: stdout all=warning uptime,level,tags foldmultilines=false
 #1: stderr all=off uptime,level,tags foldmultilines=false

Release file:
JAVA_VERSION="21.0.12.1" 
MODULES="java.base java.compiler java.datatransfer java.xml java.prefs java.desktop java.instrument java.logging java.management java.security.sasl java.naming java.rmi java.management.rmi java.net.http java.scripting java.security.jgss java.transaction.xa java.sql java.sql.rowset java.xml.crypto java.se java.smartcardio jdk.accessibility jdk.internal.jvmstat jdk.attach jdk.charsets jdk.internal.opt jdk.zipfs jdk.compiler jdk.crypto.ec jdk.crypto.cryptoki jdk.crypto.mscapi jdk.dynalink jdk.internal.ed jdk.editpad jdk.hotspot.agent jdk.httpserver jdk.internal.le jdk.internal.vm.ci jdk.internal.vm.compiler jdk.internal.vm.compiler.management jdk.jartool jdk.javadoc jdk.jcmd jdk.management jdk.management.agent jdk.jconsole jdk.jdeps jdk.jdwp.agent jdk.jdi jdk.jfr jdk.jshell jdk.jsobject jdk.jstatd jdk.localedata jdk.management.jfr jdk.naming.dns jdk.naming.rmi jdk.net jdk.nio.mapmode jdk.random jdk.sctp jdk.security.auth jdk.security.jgss jdk.unsupported jdk.unsupported.desktop jdk.xml.dom" 

Environment Variables:
JAVA_HOME=C:\Program Files\Java\jdk-17
PATH=C:\Program Files\Common Files\Oracle\Java\javapath;C:\windows\system32;C:\windows;C:\windows\System32\Wbem;C:\windows\System32\WindowsPowerShell\v1.0\;C:\windows\System32\OpenSSH\;C:\Program Files\nodejs\;C:\WINDOWS\system32;C:\WINDOWS;C:\WINDOWS\System32\Wbem;C:\WINDOWS\System32\WindowsPowerShell\v1.0\;C:\WINDOWS\System32\OpenSSH\;C:\Program Files (x86)\IncrediBuild;C:\Program Files\Git\cmd;C:\Program Files\dotnet\;C:\Users\pjoo6\AppData\Local\Programs\Python\Python39\Scripts\;C:\Users\pjoo6\AppData\Local\Programs\Python\Python39\;C:\Users\pjoo6\AppData\Local\Microsoft\WindowsApps;C:\Users\pjoo6\OneDrive\���� ȭ��\opencv\build\x64\vc15\bin;C:\Users\pjoo6\AppData\Local\Programs\Microsoft VS Code\bin
USERNAME=pjoo6
OS=Windows_NT
PROCESSOR_IDENTIFIER=Intel64 Family 6 Model 186 Stepping 3, GenuineIntel
TMP=C:\Users\pjoo6\AppData\Local\Temp
TEMP=C:\Users\pjoo6\AppData\Local\Temp




Periodic native trim disabled

---------------  S Y S T E M  ---------------

OS:
 Windows 11 , 64 bit Build 26100 (10.0.26100.9168)
OS uptime: 2 days 1:18 hours
Hyper-V role detected

CPU: total 12 (initial active 12) (6 cores per cpu, 2 threads per core) family 6 model 186 stepping 3 microcode 0x6134, cx8, cmov, fxsr, ht, mmx, 3dnowpref, sse, sse2, sse3, ssse3, sse4.1, sse4.2, popcnt, lzcnt, tsc, tscinvbit, avx, avx2, aes, erms, clmul, bmi1, bmi2, adx, sha, fma, vzeroupper, clflush, clflushopt, clwb, hv, serialize, rdtscp, rdpid, fsrm, f16c, cet_ibt, cet_ss
Processor Information for the first 12 processors :
  Max Mhz: 1300, Current Mhz: 1300, Mhz Limit: 1300

Memory: 4k page, system-wide physical 16027M (1573M free)
TotalPageFile size 65179M (AvailPageFile size 8561M)
current process WorkingSet (physical memory assigned to process): 85M, peak: 252M
current process commit charge ("private bytes"): 446M, peak: 458M

vm_info: OpenJDK 64-Bit Server VM (21.0.12.1+1-LTS) for windows-amd64 JRE (21.0.12.1+1-LTS), built on 2026-08-18T00:00:00Z by "admin" with MS VC++ 17.12 (VS2022)

END.
